year_roc,year_ad,month,region,area,region_raw,births_total,births_male,births_female,births_legit,births_nonlegit,deaths_total,deaths_male,deaths_female,marriages,divorces,pop_total,pop_male,pop_female
100,2011,1,南投縣,中部,南投縣,272,149,123,261,11,424,248,176,347,83,526179,270930,255249
100,2011,1,嘉義市,南部,嘉義市,161,80,81,150,11,188,121,67,172,53,272320,133976,138344
100,2011,1,嘉義縣,南部,嘉義縣,294,167,127,281,13,439,262,177,345,97,542832,283079,259753
100,2011,1,基隆市,北部,基隆市,166,75,91,148,18,251,144,107,237,71,383680,193336,190344
100,2011,1,宜蘭縣,北部,宜蘭縣,286,146,140,277,9,311,179,132,314,94,460368,234608,225760
100,2011,1,屏東縣,南部,屏東縣,417,209,208,394,23,731,430,301,506,154,872893,448905,423988
100,2011,1,彰化縣,中部,彰化縣,906,460,446,887,19,877,535,342,970,167,1306789,670504,636285
100,2011,1,新北市,北部,新北市,2294,1167,1127,2206,88,1824,1147,677,3272,761,3897421,1935120,1962301
100,2011,1,新竹市,北部,新竹市,403,204,199,393,10,226,135,91,338,65,415557,206328,209229
100,2011,1,新竹縣,北部,新竹縣,414,206,208,400,14,347,219,128,443,68,513220,264053,249167
100,2011,1,桃園市,北部,桃園縣,1401,702,699,1340,61,1037,664,373,1751,421,2002424,1009343,993081
100,2011,1,澎湖縣,離島,澎湖縣,60,30,30,59,1,93,58,35,54,11,96926,49768,47158
100,2011,1,臺中市,中部,臺中市,1816,973,843,1735,81,1395,895,500,2309,457,2649311,1319425,1329886
100,2011,1,臺北市,北部,臺北市,1942,982,960,1881,61,1531,906,625,2322,453,2622883,1264359,1358524
100,2011,1,臺南市,南部,臺南市,1043,546,497,985,58,1325,780,545,1320,312,1873406,943711,929695
100,2011,1,臺東縣,東部,臺東縣,146,74,72,129,17,199,135,64,116,33,230513,120633,109880
100,2011,1,花蓮縣,東部,花蓮縣,198,102,96,179,19,284,191,93,206,66,338634,174424,164210
100,2011,1,苗栗縣,中部,苗栗縣,415,229,186,396,19,446,264,182,457,105,561016,291163,269853
100,2011,1,連江縣,離島,連江縣,5,3,2,5,0,1,0,1,11,0,9959,5757,4202
100,2011,1,金門縣,離島,金門縣,92,50,42,90,2,47,27,20,66,8,97733,50032,47701
100,2011,1,雲林縣,中部,雲林縣,397,206,191,380,17,587,370,217,451,118,717131,374457,342674
100,2011,1,高雄市,南部,高雄市,1575,800,775,1508,67,1750,1103,647,2008,534,2773433,1390604,1382829
100,2011,2,南投縣,中部,南投縣,241,126,115,225,16,388,252,136,165,77,525940,270769,255171
100,2011,2,嘉義市,南部,嘉義市,119,71,48,113,6,145,88,57,111,44,272234,133931,138303
100,2011,2,嘉義縣,南部,嘉義縣,239,126,113,231,8,416,241,175,180,81,542288,282775,259513
100,2011,2,基隆市,北部,基隆市,119,63,56,112,7,202,116,86,114,74,383352,193173,190179
100,2011,2,宜蘭縣,北部,宜蘭縣,237,135,102,227,10,294,173,121,133,79,460220,234543,225677
100,2011,2,屏東縣,南部,屏東縣,380,192,188,358,22,590,372,218,298,148,872262,448582,423680
100,2011,2,彰化縣,中部,彰化縣,749,390,359,731,18,754,436,318,473,144,1306423,670259,636164
100,2011,2,新北市,北部,新北市,2021,1063,958,1936,85,1656,1051,605,1616,715,3897888,1934965,1962923
100,2011,2,新竹市,北部,新竹市,325,177,148,318,7,179,117,62,156,58,415797,206428,209369
100,2011,2,新竹縣,北部,新竹縣,353,181,172,340,13,306,193,113,196,79,513513,264139,249374
100,2011,2,桃園市,北部,桃園縣,1112,585,527,1067,45,962,629,333,776,384,2002480,1009197,993283
100,2011,2,澎湖縣,離島,澎湖縣,54,28,26,52,2,72,43,29,27,9,96854,49721,47133
100,2011,2,臺中市,中部,臺中市,1509,763,746,1448,61,1298,814,484,1023,415,2649892,1319470,1330422
100,2011,2,臺北市,北部,臺北市,1550,796,754,1499,50,1385,830,555,1069,350,2624791,1265280,1359511
100,2011,2,臺南市,南部,臺南市,856,453,403,826,30,1202,720,482,770,258,1873176,943486,929690
100,2011,2,臺東縣,東部,臺東縣,149,73,76,129,20,213,143,70,85,26,230314,120498,109816
100,2011,2,花蓮縣,東部,花蓮縣,174,111,63,158,16,247,169,78,120,68,338481,174313,164168
100,2011,2,苗栗縣,中部,苗栗縣,300,169,131,290,10,403,254,149,170,92,560890,291077,269813
100,2011,2,連江縣,離島,連江縣,8,5,3,8,0,2,1,1,5,0,9937,5746,4191
100,2011,2,金門縣,離島,金門縣,63,30,33,63,0,59,36,23,20,5,97969,50109,47860
100,2011,2,雲林縣,中部,雲林縣,358,189,169,339,19,483,285,198,236,99,716827,374281,342546
100,2011,2,高雄市,南部,高雄市,1354,714,640,1303,51,1527,924,603,1191,454,2772929,1390167,1382762
100,2011,3,南投縣,中部,南投縣,329,178,151,314,15,480,297,183,230,117,525553,270539,255014
100,2011,3,嘉義市,南部,嘉義市,183,96,87,169,14,181,102,79,120,63,272181,133880,138301
100,2011,3,嘉義縣,南部,嘉義縣,359,159,200,350,9,562,304,258,268,117,541637,282420,259217
100,2011,3,基隆市,北部,基隆市,189,95,94,181,8,319,200,119,169,92,382865,192848,190017
100,2011,3,宜蘭縣,北部,宜蘭縣,325,157,168,310,15,376,245,131,195,101,460036,234394,225642
100,2011,3,屏東縣,南部,屏東縣,485,258,227,458,27,777,483,294,420,215,871462,448111,423351
100,2011,3,彰化縣,中部,彰化縣,1025,528,497,990,34,946,530,416,611,248,1305744,669848,635896
100,2011,3,新北市,北部,新北市,2886,1495,1391,2757,129,2121,1313,808,2149,1012,3898230,1934653,1963577
100,2011,3,新竹市,北部,新竹市,482,234,248,472,10,262,153,109,269,92,416191,206637,209554
100,2011,3,新竹縣,北部,新竹縣,492,255,237,472,20,369,249,120,266,123,513838,264208,249630
100,2011,3,桃園市,北部,桃園縣,1568,793,775,1509,59,1223,758,465,1056,535,2002925,1009370,993555
100,2011,3,澎湖縣,離島,澎湖縣,79,34,45,75,4,100,57,43,39,18,96789,49691,47098
100,2011,3,臺中市,中部,臺中市,2128,1076,1052,2051,77,1519,931,588,1387,618,2651152,1319809,1331343
100,2011,3,臺北市,北部,臺北市,2287,1226,1061,2220,67,1724,1037,687,1437,496,2627677,1266557,1361120
100,2011,3,臺南市,南部,臺南市,1217,616,601,1177,39,1413,860,553,1002,417,1872933,943151,929782
100,2011,3,臺東縣,東部,臺東縣,164,76,88,152,12,212,147,65,101,64,230140,120364,109776
100,2011,3,花蓮縣,東部,花蓮縣,233,113,120,205,28,313,205,108,171,98,338276,174144,164132
100,2011,3,苗栗縣,中部,苗栗縣,437,227,210,423,14,502,295,207,258,118,560802,290988,269814
100,2011,3,連江縣,離島,連江縣,14,7,7,14,0,4,4,0,3,1,9970,5768,4202
100,2011,3,金門縣,離島,金門縣,125,73,52,122,3,67,33,34,32,9,98186,50181,48005
100,2011,3,雲林縣,中部,雲林縣,544,298,246,524,20,659,376,283,316,122,716457,374047,342410
100,2011,3,高雄市,南部,高雄市,1973,1034,939,1892,81,1878,1157,721,1478,702,2772834,1389882,1382952
100,2011,4,南投縣,中部,南投縣,279,130,149,265,14,374,222,152,179,88,525286,270342,254944
100,2011,4,嘉義市,南部,嘉義市,136,74,62,131,5,129,75,54,83,53,272218,133902,138316
100,2011,4,嘉義縣,南部,嘉義縣,285,165,120,280,5,421,258,163,173,106,541148,282205,258943
100,2011,4,基隆市,北部,基隆市,162,82,80,154,8,231,142,89,127,88,382551,192700,189851
100,2011,4,宜蘭縣,北部,宜蘭縣,293,162,131,276,17,304,173,131,188,81,459746,234251,225495
100,2011,4,屏東縣,南部,屏東縣,421,220,201,398,23,655,417,238,298,176,870567,447609,422958
100,2011,4,彰化縣,中部,彰化縣,849,406,443,839,10,795,467,328,525,197,1305243,669491,635752
100,2011,4,新北市,北部,新北市,2718,1402,1316,2607,111,1747,1103,644,1824,819,3900199,1935259,1964940
100,2011,4,新竹市,北部,新竹市,392,225,167,386,6,205,134,71,200,82,416426,206807,209619
100,2011,4,新竹縣,北部,新竹縣,415,201,214,399,16,344,205,139,206,92,514228,264325,249903
100,2011,4,桃園市,北部,桃園縣,1400,731,669,1341,59,988,652,336,859,508,2003618,1009580,994038
100,2011,4,澎湖縣,離島,澎湖縣,52,21,31,51,1,87,53,34,34,10,96676,49642,47034
100,2011,4,臺中市,中部,臺中市,1877,1024,853,1817,59,1343,806,537,1179,498,2652435,1320323,1332112
100,2011,4,臺北市,北部,臺北市,1867,958,909,1813,54,1431,836,595,1234,483,2630285,1267640,1362645
100,2011,4,臺南市,南部,臺南市,1102,569,533,1058,44,1162,713,449,784,351,1873193,943119,930074
100,2011,4,臺東縣,東部,臺東縣,120,61,59,104,16,220,144,76,91,44,229949,120235,109714
100,2011,4,花蓮縣,東部,花蓮縣,211,122,89,183,28,247,163,84,130,57,338048,174011,164037
100,2011,4,苗栗縣,中部,苗栗縣,379,191,188,367,12,410,236,174,242,112,560791,290924,269867
100,2011,4,連江縣,離島,連江縣,15,7,8,15,0,7,6,1,1,1,9991,5779,4212
100,2011,4,金門縣,離島,金門縣,76,37,39,75,1,42,27,15,32,8,98641,50344,48297
100,2011,4,雲林縣,中部,雲林縣,441,217,224,419,22,588,347,241,267,117,716101,373814,342287
100,2011,4,高雄市,南部,高雄市,1599,844,755,1540,59,1576,1017,559,1124,601,2772981,1389663,1383318
100,2011,5,南投縣,中部,南投縣,290,156,134,273,17,388,225,163,290,116,524845,270121,254724
100,2011,5,嘉義市,南部,嘉義市,152,83,69,144,8,148,88,60,176,49,272176,133862,138314
100,2011,5,嘉義縣,南部,嘉義縣,280,132,148,272,8,417,241,176,280,93,540664,281990,258674
100,2011,5,基隆市,北部,基隆市,163,88,75,152,11,233,139,94,217,110,382136,192513,189623
100,2011,5,宜蘭縣,北部,宜蘭縣,279,135,144,261,18,306,187,119,257,91,459505,234086,225419
100,2011,5,屏東縣,南部,屏東縣,431,217,214,398,33,642,393,249,466,184,869617,447116,422501
100,2011,5,彰化縣,中部,彰化縣,954,508,446,937,17,815,464,351,781,224,1304675,669219,635456
100,2011,5,新北市,北部,新北市,2950,1554,1396,2839,111,1684,1005,679,2691,968,3901959,1935807,1966152
100,2011,5,新竹市,北部,新竹市,487,266,221,478,9,202,121,81,340,75,416962,207065,209897
100,2011,5,新竹縣,北部,新竹縣,466,246,220,456,10,285,163,122,358,106,514728,264537,250191
100,2011,5,桃園市,北部,桃園縣,1536,775,761,1472,64,911,582,329,1369,530,2004407,1009822,994585
100,2011,5,澎湖縣,離島,澎湖縣,56,29,27,54,2,66,38,28,56,15,96628,49601,47027
100,2011,5,臺中市,中部,臺中市,1943,981,962,1875,67,1251,772,479,1677,575,2653698,1320677,1333021
100,2011,5,臺北市,北部,臺北市,2093,1076,1017,2046,47,1294,760,534,1900,532,2633044,1268856,1364188
100,2011,5,臺南市,南部,臺南市,1143,614,529,1099,44,1108,674,434,1113,368,1873368,943072,930296
100,2011,5,臺東縣,東部,臺東縣,142,73,69,131,11,213,149,64,96,43,229703,120081,109622
100,2011,5,花蓮縣,東部,花蓮縣,191,106,85,178,13,297,185,112,158,67,337758,173831,163927
100,2011,5,苗栗縣,中部,苗栗縣,376,179,197,362,14,395,250,145,402,100,560766,290899,269867
100,2011,5,連江縣,離島,連江縣,15,9,6,15,0,3,1,2,2,1,9991,5785,4206
100,2011,5,金門縣,離島,金門縣,89,53,36,88,1,37,25,12,50,12,99278,50562,48716
100,2011,5,雲林縣,中部,雲林縣,450,232,218,434,16,565,328,237,382,115,715770,373595,342175
100,2011,5,高雄市,南部,高雄市,1720,906,814,1649,71,1645,1018,627,1636,645,2772850,1389423,1383427
100,2011,6,南投縣,中部,南投縣,282,138,144,264,18,360,199,161,243,116,524426,269902,254524
100,2011,6,嘉義市,南部,嘉義市,174,91,83,167,7,133,76,57,132,55,272128,133836,138292
100,2011,6,嘉義縣,南部,嘉義縣,281,141,140,273,8,402,245,157,229,84,540059,281639,258420
100,2011,6,基隆市,北部,基隆市,154,71,83,142,12,211,131,80,190,95,381770,192346,189424
100,2011,6,宜蘭縣,北部,宜蘭縣,265,125,140,257,8,268,173,95,240,93,459349,233962,225387
100,2011,6,屏東縣,南部,屏東縣,418,229,189,379,39,624,379,245,364,182,868827,446641,422186
100,2011,6,彰化縣,中部,彰化縣,934,476,458,913,21,753,458,295,662,193,1304216,668870,635346
100,2011,6,新北市,北部,新北市,2757,1417,1340,2642,115,1496,940,556,2667,983,3903745,1936087,1967658
100,2011,6,新竹市,北部,新竹市,444,232,212,441,3,189,114,75,289,88,417335,207212,210123
100,2011,6,新竹縣,北部,新竹縣,453,229,224,436,17,256,166,90,359,120,515044,264630,250414
100,2011,6,桃園市,北部,桃園縣,1545,831,714,1476,69,845,551,294,1366,495,2005795,1010409,995386
100,2011,6,澎湖縣,離島,澎湖縣,55,31,24,54,1,81,51,30,27,18,96597,49590,47007
100,2011,6,臺中市,中部,臺中市,1881,1005,876,1813,67,1188,719,469,1538,535,2655456,1321467,1333989
100,2011,6,臺北市,北部,臺北市,2037,1019,1018,1975,61,1276,774,502,1800,489,2635766,1269999,1365767
100,2011,6,臺南市,南部,臺南市,1188,619,569,1159,29,1121,681,440,924,371,1874724,943593,931131
100,2011,6,臺東縣,東部,臺東縣,143,73,70,124,19,167,103,64,108,44,229420,119917,109503
100,2011,6,花蓮縣,東部,花蓮縣,191,116,75,172,19,244,157,87,187,95,337557,173712,163845
100,2011,6,苗栗縣,中部,苗栗縣,431,236,195,421,10,368,218,150,338,104,560813,290903,269910
100,2011,6,連江縣,離島,連江縣,11,5,6,11,0,2,1,1,7,0,10010,5799,4211
100,2011,6,金門縣,離島,金門縣,97,54,43,94,3,47,32,15,34,5,99691,50715,48976
100,2011,6,雲林縣,中部,雲林縣,443,230,213,425,18,503,310,193,290,124,715288,373304,341984
100,2011,6,高雄市,南部,高雄市,1682,864,818,1609,73,1564,980,584,1393,611,2772461,1388972,1383489
100,2011,7,南投縣,中部,南投縣,255,124,131,248,7,370,225,145,221,106,524126,269723,254403
100,2011,7,嘉義市,南部,嘉義市,153,90,63,145,8,141,84,57,102,70,271994,133760,138234
100,2011,7,嘉義縣,南部,嘉義縣,322,169,153,309,13,386,227,159,188,113,539667,281466,258201
100,2011,7,基隆市,北部,基隆市,161,83,78,156,5,203,113,90,193,86,381321,192143,189178
100,2011,7,宜蘭縣,北部,宜蘭縣,272,141,131,260,12,235,136,99,201,97,459358,233943,225415
100,2011,7,屏東縣,南部,屏東縣,425,214,211,400,25,569,369,200,372,187,868138,446222,421916
100,2011,7,彰化縣,中部,彰化縣,1015,555,460,996,19,666,412,254,536,194,1304097,668783,635314
100,2011,7,新北市,北部,新北市,2814,1496,1318,2701,113,1386,822,564,2127,1002,3906117,1937044,1969073
100,2011,7,新竹市,北部,新竹市,432,219,213,424,7,180,113,67,230,95,417554,207270,210284
100,2011,7,新竹縣,北部,新竹縣,431,236,195,421,10,216,123,93,247,116,515619,264931,250688
100,2011,7,桃園市,北部,桃園縣,1472,742,730,1415,57,738,482,256,1050,517,2007536,1011165,996371
100,2011,7,澎湖縣,離島,澎湖縣,58,25,33,58,0,57,34,23,30,18,96658,49602,47056
100,2011,7,臺中市,中部,臺中市,1968,1009,959,1901,67,1085,663,422,1390,544,2657253,1322169,1335084
100,2011,7,臺北市,北部,臺北市,1957,1049,908,1910,47,1200,711,489,1490,509,2637866,1270843,1367023
100,2011,7,臺南市,南部,臺南市,1125,617,508,1092,33,1058,600,458,696,351,1875491,943866,931625
100,2011,7,臺東縣,東部,臺東縣,143,75,68,126,17,180,114,66,98,47,229199,119759,109440
100,2011,7,花蓮縣,東部,花蓮縣,195,101,94,176,19,235,164,71,138,88,337382,173592,163790
100,2011,7,苗栗縣,中部,苗栗縣,433,226,207,415,18,343,201,142,246,109,560940,290905,270035
100,2011,7,連江縣,離島,連江縣,9,3,6,9,0,8,3,5,3,0,9991,5779,4212
100,2011,7,金門縣,離島,金門縣,106,60,46,105,1,53,30,23,34,14,100248,50941,49307
100,2011,7,雲林縣,中部,雲林縣,410,204,206,396,14,441,269,172,241,145,714876,373115,341761
100,2011,7,高雄市,南部,高雄市,1731,891,840,1644,87,1391,859,532,1189,639,2772647,1388859,1383788
100,2011,8,南投縣,中部,南投縣,295,149,146,271,24,366,229,137,89,121,523805,269524,254281
100,2011,8,嘉義市,南部,嘉義市,159,89,70,151,8,146,90,56,51,66,271960,133733,138227
100,2011,8,嘉義縣,南部,嘉義縣,326,164,162,316,10,405,244,161,88,121,539162,281102,258060
100,2011,8,基隆市,北部,基隆市,169,89,80,160,9,228,145,83,93,90,381056,191943,189113
100,2011,8,宜蘭縣,北部,宜蘭縣,326,177,149,310,16,275,165,110,80,89,459347,233916,225431
100,2011,8,屏東縣,南部,屏東縣,448,244,204,425,23,651,415,236,162,184,867113,445703,421410
100,2011,8,彰化縣,中部,彰化縣,1068,540,528,1042,26,740,433,307,207,189,1303741,668521,635220
100,2011,8,新北市,北部,新北市,2987,1517,1470,2876,111,1621,996,625,1047,1029,3908632,1937887,1970745
100,2011,8,新竹市,北部,新竹市,427,226,201,418,9,196,119,77,110,85,417966,207480,210486
100,2011,8,新竹縣,北部,新竹縣,484,249,235,462,22,282,181,101,108,114,516143,265178,250965
100,2011,8,桃園市,北部,桃園縣,1475,741,734,1397,78,855,549,306,502,554,2008845,1011706,997139
100,2011,8,澎湖縣,離島,澎湖縣,66,32,34,65,1,65,40,25,21,17,96642,49589,47053
100,2011,8,臺中市,中部,臺中市,2019,1054,965,1932,86,1138,698,440,594,617,2658735,1322745,1335990
100,2011,8,臺北市,北部,臺北市,2137,1101,1036,2080,57,1273,737,536,804,533,2639064,1271417,1367647
100,2011,8,臺南市,南部,臺南市,1178,602,576,1139,39,1076,657,419,320,398,1875637,943827,931810
100,2011,8,臺東縣,東部,臺東縣,145,87,58,131,14,213,140,73,42,66,228890,119588,109302
100,2011,8,花蓮縣,東部,花蓮縣,219,114,105,193,26,263,144,119,72,74,337193,173497,163696
100,2011,8,苗栗縣,中部,苗栗縣,499,226,273,493,6,323,209,114,115,110,561226,290974,270252
100,2011,8,連江縣,離島,連江縣,10,7,3,9,1,3,3,0,2,2,10010,5787,4223
100,2011,8,金門縣,離島,金門縣,90,48,42,89,1,39,27,12,23,5,101094,51321,49773
100,2011,8,雲林縣,中部,雲林縣,452,237,215,441,11,574,341,233,110,136,714539,372896,341643
100,2011,8,高雄市,南部,高雄市,1818,943,875,1738,80,1555,982,573,539,627,2772838,1388742,1384096
100,2011,9,南投縣,中部,南投縣,323,166,157,301,22,348,220,128,244,101,523491,269370,254121
100,2011,9,嘉義市,南部,嘉義市,190,110,80,182,8,139,84,55,117,59,271758,133616,138142
100,2011,9,嘉義縣,南部,嘉義縣,304,167,137,290,14,390,229,161,194,113,538779,280885,257894
100,2011,9,基隆市,北部,基隆市,176,90,86,162,14,186,118,68,223,114,380647,191765,188882
100,2011,9,宜蘭縣,北部,宜蘭縣,300,152,148,289,11,286,170,116,240,109,459332,233870,225462
100,2011,9,屏東縣,南部,屏東縣,491,239,252,467,24,641,400,241,328,186,866145,445149,420996
100,2011,9,彰化縣,中部,彰化縣,1087,553,534,1064,23,751,439,312,609,199,1303192,668135,635057
100,2011,9,新北市,北部,新北市,3076,1579,1497,2969,107,1503,951,552,2604,972,3910086,1938052,1972034
100,2011,9,新竹市,北部,新竹市,472,249,223,468,4,151,99,52,302,81,418534,207792,210742
100,2011,9,新竹縣,北部,新竹縣,459,229,230,443,16,262,161,101,303,103,516650,265447,251203
100,2011,9,桃園市,北部,桃園縣,1641,878,763,1585,56,760,479,281,1277,543,2010168,1012387,997781
100,2011,9,澎湖縣,離島,澎湖縣,77,46,31,76,1,72,36,36,49,22,96779,49585,47194
100,2011,9,臺中市,中部,臺中市,2113,1105,1008,2044,69,1112,653,459,1494,541,2659828,1323232,1336596
100,2011,9,臺北市,北部,臺北市,2550,1311,1239,2483,67,1176,707,469,1732,505,2640099,1271879,1368220
100,2011,9,臺南市,南部,臺南市,1307,692,615,1260,47,1099,674,425,927,399,1876031,943858,932173
100,2011,9,臺東縣,東部,臺東縣,142,67,75,126,16,187,125,62,120,64,228631,119413,109218
100,2011,9,花蓮縣,東部,花蓮縣,226,122,104,194,32,261,179,82,155,76,336978,173338,163640
100,2011,9,苗栗縣,中部,苗栗縣,439,228,211,421,18,339,203,136,303,104,561295,290963,270332
100,2011,9,連江縣,離島,連江縣,15,6,9,13,2,4,3,1,2,1,10058,5810,4248
100,2011,9,金門縣,離島,金門縣,121,69,52,117,4,46,28,18,54,6,102064,51787,50277
100,2011,9,雲林縣,中部,雲林縣,471,240,231,459,12,483,297,186,318,121,714245,372732,341513
100,2011,9,高雄市,南部,高雄市,2023,1085,938,1933,90,1464,925,539,1480,650,2773157,1388639,1384518
100,2011,10,南投縣,中部,南投縣,265,121,144,253,12,333,202,131,379,103,523176,269209,253967
100,2011,10,嘉義市,南部,嘉義市,154,79,75,147,7,122,72,50,281,60,271644,133515,138129
100,2011,10,嘉義縣,南部,嘉義縣,306,158,148,294,12,367,220,147,353,88,538436,280719,257717
100,2011,10,基隆市,北部,基隆市,175,91,84,166,9,200,130,70,311,76,380501,191717,188784
100,2011,10,宜蘭縣,北部,宜蘭縣,312,173,139,301,11,267,165,102,349,76,459296,233845,225451
100,2011,10,屏東縣,南部,屏東縣,488,258,230,448,40,633,407,226,538,167,865515,444762,420753
100,2011,10,彰化縣,中部,彰化縣,1060,539,521,1042,18,729,413,316,1158,194,1303054,668056,634998
100,2011,10,新北市,北部,新北市,3118,1652,1466,2993,125,1538,941,597,4378,886,3911833,1938446,1973387
100,2011,10,新竹市,北部,新竹市,447,244,203,439,8,159,107,52,502,82,418927,207946,210981
100,2011,10,新竹縣,北部,新竹縣,459,248,211,446,13,241,140,101,535,109,517114,265687,251427
100,2011,10,桃園市,北部,桃園縣,1539,782,757,1458,81,837,563,274,2045,488,2010987,1012708,998279
100,2011,10,澎湖縣,離島,澎湖縣,78,38,40,77,1,74,38,36,58,20,97007,49772,47235
100,2011,10,臺中市,中部,臺中市,2148,1088,1060,2053,95,1129,646,483,2662,558,2661290,1323788,1337502
100,2011,10,臺北市,北部,臺北市,1956,1029,927,1899,57,1156,688,468,2962,492,2643136,1273131,1370005
100,2011,10,臺南市,南部,臺南市,1293,688,605,1261,32,1053,621,432,1594,386,1876312,943923,932389
100,2011,10,臺東縣,東部,臺東縣,131,70,61,118,13,167,115,52,128,51,228454,119303,109151
100,2011,10,花蓮縣,東部,花蓮縣,221,121,100,201,20,230,147,83,265,60,336885,173287,163598
100,2011,10,苗栗縣,中部,苗栗縣,479,251,228,463,16,320,184,136,495,127,561523,291059,270464
100,2011,10,連江縣,離島,連江縣,11,4,7,11,0,8,5,3,6,0,10084,5821,4263
100,2011,10,金門縣,離島,金門縣,86,44,42,84,2,45,24,21,58,7,102827,52127,50700
100,2011,10,雲林縣,中部,雲林縣,481,254,227,470,11,504,290,214,491,115,714078,372627,341451
100,2011,10,高雄市,南部,高雄市,1929,1016,913,1855,74,1469,936,533,2516,566,2773526,1388598,1384928
100,2011,11,南投縣,中部,南投縣,305,156,149,286,19,367,232,135,348,106,522963,269073,253890
100,2011,11,嘉義市,南部,嘉義市,161,89,72,157,4,126,73,53,172,65,271594,133475,138119
100,2011,11,嘉義縣,南部,嘉義縣,287,143,144,281,6,390,235,155,338,82,538209,280585,257624
100,2011,11,基隆市,北部,基隆市,181,86,95,170,11,240,140,100,242,87,380281,191573,188708
100,2011,11,宜蘭縣,北部,宜蘭縣,332,170,162,315,17,280,188,92,325,108,459227,233772,225455
100,2011,11,屏東縣,南部,屏東縣,483,247,236,459,24,684,451,233,505,159,864979,444403,420576
100,2011,11,彰化縣,中部,彰化縣,1095,568,527,1073,22,742,441,301,1006,193,1303062,668006,635056
100,2011,11,新北市,北部,新北市,3257,1697,1560,3149,108,1562,986,576,3425,886,3913595,1938920,1974675
100,2011,11,新竹市,北部,新竹市,516,266,250,508,8,191,130,61,377,83,419384,208147,211237
100,2011,11,新竹縣,北部,新竹縣,524,280,244,502,22,282,173,109,456,129,517309,265748,251561
100,2011,11,桃園市,北部,桃園縣,1694,886,808,1628,66,821,541,280,1735,490,2012174,1013223,998951
100,2011,11,澎湖縣,離島,澎湖縣,85,50,35,85,0,76,42,34,63,16,97091,49825,47266
100,2011,11,臺中市,中部,臺中市,2303,1171,1132,2226,77,1195,701,494,2371,556,2662770,1324375,1338395
100,2011,11,臺北市,北部,臺北市,2346,1160,1186,2277,68,1245,720,525,2181,470,2647122,1274740,1372382
100,2011,11,臺南市,南部,臺南市,1389,718,671,1347,42,1114,693,421,1455,353,1876706,943920,932786
100,2011,11,臺東縣,東部,臺東縣,172,92,80,154,18,169,106,63,133,47,228430,119303,109127
100,2011,11,花蓮縣,東部,花蓮縣,260,143,117,234,26,247,174,73,233,71,336836,173268,163568
100,2011,11,苗栗縣,中部,苗栗縣,477,247,230,462,15,328,211,117,448,111,561833,291174,270659
100,2011,11,連江縣,離島,連江縣,11,10,1,11,0,6,4,2,9,3,10104,5841,4263
100,2011,11,金門縣,離島,金門縣,102,60,42,102,0,39,27,12,69,6,103340,52353,50987
100,2011,11,雲林縣,中部,雲林縣,494,261,233,476,18,536,335,201,434,115,713756,372487,341269
100,2011,11,高雄市,南部,高雄市,1969,1023,946,1897,72,1469,935,534,1961,621,2773855,1388493,1385362
100,2011,12,南投縣,中部,南投縣,341,181,160,323,18,380,242,138,307,84,522807,268979,253828
100,2011,12,嘉義市,南部,嘉義市,162,87,75,158,4,141,75,66,178,48,271526,133453,138073
100,2011,12,嘉義縣,南部,嘉義縣,294,151,143,281,13,450,274,176,345,103,537942,280416,257526
100,2011,12,基隆市,北部,基隆市,160,88,72,150,10,221,132,89,257,85,379927,191367,188560
100,2011,12,宜蘭縣,北部,宜蘭縣,317,163,154,302,15,288,176,112,313,78,459061,233661,225400
100,2011,12,屏東縣,南部,屏東縣,467,226,241,440,27,676,419,257,546,185,864529,444133,420396
100,2011,12,彰化縣,中部,彰化縣,1091,534,557,1060,31,781,481,300,966,173,1303039,667920,635119
100,2011,12,新北市,北部,新北市,3445,1797,1648,3326,119,1636,990,646,3475,846,3916451,1939844,1976607
100,2011,12,新竹市,北部,新竹市,542,284,258,527,15,199,122,77,440,71,420052,208390,211662
100,2011,12,新竹縣,北部,新竹縣,531,276,255,507,24,268,156,112,418,104,517641,265905,251736
100,2011,12,桃園市,北部,桃園縣,1658,826,832,1589,69,901,618,283,1739,462,2013305,1013618,999687
100,2011,12,澎湖縣,離島,澎湖縣,90,46,44,88,2,67,41,26,76,16,97157,49865,47292
100,2011,12,臺中市,中部,臺中市,2322,1194,1128,2244,77,1262,787,475,2351,506,2664394,1324894,1339500
100,2011,12,臺北市,北部,臺北市,2410,1231,1179,2349,61,1297,791,506,2442,529,2650968,1276343,1374625
100,2011,12,臺南市,南部,臺南市,1367,723,644,1322,44,1210,722,488,1492,335,1876960,943899,933061
100,2011,12,臺東縣,東部,臺東縣,149,62,87,137,12,189,115,74,148,33,228290,119205,109085
100,2011,12,花蓮縣,東部,花蓮縣,284,150,134,259,25,269,180,89,219,73,336838,173205,163633
100,2011,12,苗栗縣,中部,苗栗縣,419,215,204,407,12,348,207,141,459,111,562010,291218,270792
100,2011,12,連江縣,離島,連江縣,8,5,3,8,0,1,1,0,11,3,10106,5833,4273
100,2011,12,金門縣,離島,金門縣,107,61,46,104,3,29,21,8,82,11,103883,52631,51252
100,2011,12,雲林縣,中部,雲林縣,501,260,241,486,15,555,317,238,430,106,713556,372365,341191
100,2011,12,高雄市,南部,高雄市,2038,1037,1001,1954,83,1557,975,582,2217,576,2774470,1388530,1385940
101,2012,1,南投縣,中部,南投縣,281,131,150,274,7,360,216,144,261,90,522562,268856,253706
101,2012,1,嘉義市,南部,嘉義市,146,79,67,140,6,142,82,60,164,32,271524,133440,138084
101,2012,1,嘉義縣,南部,嘉義縣,265,138,127,256,9,416,256,160,271,68,537628,280255,257373
101,2012,1,基隆市,北部,基隆市,139,76,63,129,10,222,140,82,217,67,379742,191240,188502
101,2012,1,宜蘭縣,北部,宜蘭縣,273,146,127,262,11,301,185,116,233,57,459018,233623,225395
101,2012,1,屏東縣,南部,屏東縣,444,229,215,410,34,654,395,259,431,126,864081,443856,420225
101,2012,1,彰化縣,中部,彰化縣,904,457,447,882,22,765,465,300,735,146,1302754,667717,635037
101,2012,1,新北市,北部,新北市,2563,1362,1201,2463,100,1639,1022,617,2703,677,3917945,1940279,1977666
101,2012,1,新竹市,北部,新竹市,420,215,205,410,10,200,120,80,306,64,420342,208518,211824
101,2012,1,新竹縣,北部,新竹縣,440,217,223,423,17,301,194,107,353,99,517853,265954,251899
101,2012,1,桃園市,北部,桃園縣,1336,697,639,1294,42,904,569,335,1283,371,2014216,1014070,1000146
101,2012,1,澎湖縣,離島,澎湖縣,67,39,28,65,2,77,44,33,39,8,97248,49906,47342
101,2012,1,臺中市,中部,臺中市,1867,981,886,1804,62,1276,808,468,1747,397,2665613,1325309,1340304
101,2012,1,臺北市,北部,臺北市,1953,1013,940,1901,52,1419,829,590,1816,411,2652959,1277071,1375888
101,2012,1,臺南市,南部,臺南市,1191,623,568,1143,48,1226,755,471,1148,273,1877115,943790,933325
101,2012,1,臺東縣,東部,臺東縣,150,82,68,135,15,197,122,75,108,50,228118,119110,109008
101,2012,1,花蓮縣,東部,花蓮縣,179,95,84,162,17,263,170,93,172,65,336733,173137,163596
101,2012,1,苗栗縣,中部,苗栗縣,438,215,223,426,12,410,248,162,375,73,562164,291219,270945
101,2012,1,連江縣,離島,連江縣,12,5,7,12,0,2,2,0,3,0,10133,5837,4296
101,2012,1,金門縣,離島,金門縣,90,45,45,90,0,54,27,27,41,7,104538,52955,51583
101,2012,1,雲林縣,中部,雲林縣,412,225,187,394,17,587,339,248,384,90,713295,372192,341103
101,2012,1,高雄市,南部,高雄市,1726,885,841,1657,69,1576,991,585,1652,462,2774925,1388542,1386383
101,2012,2,南投縣,中部,南投縣,281,147,134,263,18,401,256,145,154,87,522201,268625,253576
101,2012,2,嘉義市,南部,嘉義市,173,91,82,167,6,146,79,67,101,62,271549,133434,138115
101,2012,2,嘉義縣,南部,嘉義縣,292,149,143,281,11,486,276,210,191,77,537072,279958,257114
101,2012,2,基隆市,北部,基隆市,180,94,86,173,7,226,140,86,136,69,379416,191056,188360
101,2012,2,宜蘭縣,北部,宜蘭縣,306,163,143,290,16,310,189,121,163,87,458792,233501,225291
101,2012,2,屏東縣,南部,屏東縣,513,284,229,491,22,661,390,271,331,174,863540,443577,419963
101,2012,2,彰化縣,中部,彰化縣,1035,533,502,1003,32,875,492,383,511,204,1302193,667406,634787
101,2012,2,新北市,北部,新北市,3122,1621,1501,3013,109,1852,1153,699,1751,821,3919597,1940589,1979008
101,2012,2,新竹市,北部,新竹市,441,228,213,436,5,217,136,81,215,71,420588,208638,211950
101,2012,2,新竹縣,北部,新竹縣,498,271,227,485,13,302,187,115,189,111,518371,266158,252213
101,2012,2,桃園市,北部,桃園縣,1551,798,753,1496,55,1079,691,388,873,461,2015012,1014341,1000671
101,2012,2,澎湖縣,離島,澎湖縣,75,43,32,75,0,83,42,41,27,9,97268,49947,47321
101,2012,2,臺中市,中部,臺中市,2140,1086,1054,2057,83,1449,876,573,1138,504,2666925,1325785,1341140
101,2012,2,臺北市,北部,臺北市,2196,1173,1023,2138,58,1535,920,615,1286,413,2653948,1277560,1376388
101,2012,2,臺南市,南部,臺南市,1347,717,630,1302,45,1282,763,519,844,332,1877397,943875,933522
101,2012,2,臺東縣,東部,臺東縣,154,96,58,135,19,220,143,77,99,52,227934,119040,108894
101,2012,2,花蓮縣,東部,花蓮縣,206,114,92,186,20,277,180,97,132,70,336621,173041,163580
101,2012,2,苗栗縣,中部,苗栗縣,478,260,218,458,20,455,285,170,204,107,562190,291172,271018
101,2012,2,連江縣,離島,連江縣,13,6,7,12,1,2,1,1,4,3,10135,5830,4305
101,2012,2,金門縣,離島,金門縣,109,48,61,109,0,49,33,16,42,14,105434,53359,52075
101,2012,2,雲林縣,中部,雲林縣,486,253,233,475,11,655,372,283,251,105,712989,371968,341021
101,2012,2,高雄市,南部,高雄市,1904,996,908,1827,77,1756,1082,674,1213,592,2774831,1388254,1386577
101,2012,3,南投縣,中部,南投縣,357,196,161,345,12,437,259,178,293,109,521902,268467,253435
101,2012,3,嘉義市,南部,嘉義市,188,103,85,175,13,163,96,67,131,67,271464,133381,138083
101,2012,3,嘉義縣,南部,嘉義縣,322,172,150,305,17,475,267,208,299,94,536373,279616,256757
101,2012,3,基隆市,北部,基隆市,202,95,107,192,10,273,158,115,200,80,379021,190875,188146
101,2012,3,宜蘭縣,北部,宜蘭縣,351,189,162,329,22,287,165,122,257,86,458611,233442,225169
101,2012,3,屏東縣,南部,屏東縣,487,252,235,457,30,676,416,260,459,163,862946,443253,419693
101,2012,3,彰化縣,中部,彰化縣,1164,618,546,1135,29,933,557,376,795,174,1301506,667019,634487
101,2012,3,新北市,北部,新北市,3430,1701,1729,3303,127,1911,1188,723,2739,947,3920761,1940522,1980239
101,2012,3,新竹市,北部,新竹市,522,255,267,510,12,248,156,92,345,103,421041,208860,212181
101,2012,3,新竹縣,北部,新竹縣,533,274,259,520,13,309,174,135,381,143,518831,266375,252456
101,2012,3,桃園市,北部,桃園縣,1721,879,842,1655,66,1109,675,434,1407,520,2015933,1014692,1001241
101,2012,3,澎湖縣,離島,澎湖縣,85,41,44,84,1,83,49,34,42,30,97452,50060,47392
101,2012,3,臺中市,中部,臺中市,2440,1294,1146,2362,78,1410,860,550,1754,576,2668799,1326578,1342221
101,2012,3,臺北市,北部,臺北市,2410,1248,1162,2334,76,1573,940,633,1912,530,2656512,1278723,1377789
101,2012,3,臺南市,南部,臺南市,1470,779,691,1425,45,1241,735,506,1235,375,1877778,943967,933811
101,2012,3,臺東縣,東部,臺東縣,143,76,67,125,18,209,141,68,110,36,227772,118930,108842
101,2012,3,花蓮縣,東部,花蓮縣,252,132,120,230,21,289,182,107,178,65,336485,172936,163549
101,2012,3,苗栗縣,中部,苗栗縣,488,263,225,479,9,456,281,175,331,134,562259,291164,271095
101,2012,3,連江縣,離島,連江縣,7,2,5,7,0,5,3,2,2,0,10131,5823,4308
101,2012,3,金門縣,離島,金門縣,123,60,63,121,2,57,36,21,42,4,106358,53813,52545
101,2012,3,雲林縣,中部,雲林縣,516,260,256,496,19,623,364,259,371,122,712747,371785,340962
101,2012,3,高雄市,南部,高雄市,2072,1051,1021,1991,81,1720,1076,644,1868,631,2774586,1387840,1386746
101,2012,4,南投縣,中部,南投縣,299,144,155,285,14,346,208,138,200,105,521804,268407,253397
101,2012,4,嘉義市,南部,嘉義市,162,80,82,154,8,111,67,44,101,53,271595,133421,138174
101,2012,4,嘉義縣,南部,嘉義縣,291,147,144,280,11,436,259,177,190,99,535845,279340,256505
101,2012,4,基隆市,北部,基隆市,204,102,102,191,13,212,120,92,132,89,378886,190778,188108
101,2012,4,宜蘭縣,北部,宜蘭縣,308,156,152,295,13,287,184,103,204,88,458479,233351,225128
101,2012,4,屏東縣,南部,屏東縣,449,244,205,423,26,622,398,224,282,162,862363,442976,419387
101,2012,4,彰化縣,中部,彰化縣,1027,533,494,1011,16,799,482,317,537,189,1301053,666768,634285
101,2012,4,新北市,北部,新北市,3093,1580,1513,2987,105,1738,1048,690,1865,926,3921580,1940717,1980863
101,2012,4,新竹市,北部,新竹市,459,246,213,453,6,209,134,75,203,87,421432,209023,212409
101,2012,4,新竹縣,北部,新竹縣,484,236,248,473,11,304,187,117,220,105,519181,266575,252606
101,2012,4,桃園市,北部,桃園縣,1531,793,738,1466,65,952,587,365,897,466,2017262,1015285,1001977
101,2012,4,澎湖縣,離島,澎湖縣,70,35,35,69,1,70,40,30,30,14,97612,50133,47479
101,2012,4,臺中市,中部,臺中市,2164,1092,1072,2087,77,1283,745,538,1192,570,2670395,1327186,1343209
101,2012,4,臺北市,北部,臺北市,2241,1166,1075,2189,51,1387,825,562,1290,466,2658685,1279554,1379131
101,2012,4,臺南市,南部,臺南市,1298,691,607,1262,36,1158,700,458,803,385,1878077,943996,934081
101,2012,4,臺東縣,東部,臺東縣,153,76,77,124,29,210,130,80,90,58,227578,118783,108795
101,2012,4,花蓮縣,東部,花蓮縣,210,116,94,192,18,260,177,83,154,74,336318,172832,163486
101,2012,4,苗栗縣,中部,苗栗縣,476,246,230,464,12,369,207,162,255,124,562372,291189,271183
101,2012,4,連江縣,離島,連江縣,11,6,5,11,0,6,4,2,2,1,10125,5818,4307
101,2012,4,金門縣,離島,金門縣,121,55,66,119,2,35,24,11,30,10,107198,54208,52990
101,2012,4,雲林縣,中部,雲林縣,436,224,212,420,16,521,305,216,254,117,712529,371637,340892
101,2012,4,高雄市,南部,高雄市,1918,989,929,1860,58,1604,987,617,1179,607,2774649,1387633,1387016
101,2012,5,南投縣,中部,南投縣,329,164,165,312,17,431,267,164,190,94,521452,268157,253295
101,2012,5,嘉義市,南部,嘉義市,181,87,94,172,9,142,89,53,106,53,271695,133454,138241
101,2012,5,嘉義縣,南部,嘉義縣,323,163,160,318,5,432,264,168,176,110,535353,279110,256243
101,2012,5,基隆市,北部,基隆市,182,89,93,175,7,230,123,107,160,111,378522,190616,187906
101,2012,5,宜蘭縣,北部,宜蘭縣,321,167,154,306,15,297,179,118,199,90,458511,233340,225171
101,2012,5,屏東縣,南部,屏東縣,558,326,232,518,40,665,413,252,323,167,861928,442742,419186
101,2012,5,彰化縣,中部,彰化縣,1084,567,517,1051,33,804,468,336,499,217,1300589,666506,634083
101,2012,5,新北市,北部,新北市,3351,1661,1690,3232,119,1662,1039,623,1991,981,3923969,1941386,1982583
101,2012,5,新竹市,北部,新竹市,509,260,249,495,14,193,121,72,226,105,422013,209283,212730
101,2012,5,新竹縣,北部,新竹縣,526,264,262,511,15,305,190,115,274,132,519704,266807,252897
101,2012,5,桃園市,北部,桃園縣,1651,821,830,1576,74,980,645,335,976,511,2018663,1015808,1002855
101,2012,5,澎湖縣,離島,澎湖縣,75,41,34,74,1,79,46,33,29,17,97639,50140,47499
101,2012,5,臺中市,中部,臺中市,2205,1143,1062,2131,74,1267,741,526,1319,591,2672390,1327944,1344446
101,2012,5,臺北市,北部,臺北市,2412,1228,1184,2342,70,1362,801,561,1447,506,2661017,1280457,1380560
101,2012,5,臺南市,南部,臺南市,1389,719,670,1353,36,1148,651,497,755,389,1878314,944012,934302
101,2012,5,臺東縣,東部,臺東縣,140,77,63,126,14,196,125,71,91,51,227400,118632,108768
101,2012,5,花蓮縣,東部,花蓮縣,219,122,97,186,33,250,162,88,147,77,336076,172704,163372
101,2012,5,苗栗縣,中部,苗栗縣,528,278,250,521,6,389,233,156,262,105,562507,291211,271296
101,2012,5,連江縣,離島,連江縣,10,5,5,10,0,4,2,2,4,1,10172,5836,4336
101,2012,5,金門縣,離島,金門縣,124,57,67,122,2,49,29,20,34,7,107646,54402,53244
101,2012,5,雲林縣,中部,雲林縣,499,258,241,481,18,592,363,229,244,140,712102,371322,340780
101,2012,5,高雄市,南部,高雄市,1926,1030,896,1853,73,1643,1026,617,1178,655,2774730,1387515,1387215
101,2012,6,南投縣,中部,南投縣,338,169,169,325,13,381,221,160,207,100,521218,267983,253235
101,2012,6,嘉義市,南部,嘉義市,156,78,78,154,2,148,90,58,119,50,271689,133447,138242
101,2012,6,嘉義縣,南部,嘉義縣,341,179,162,331,10,384,230,154,184,87,535045,278912,256133
101,2012,6,基隆市,北部,基隆市,214,91,123,199,15,198,112,86,172,115,378301,190523,187778
101,2012,6,宜蘭縣,北部,宜蘭縣,352,196,156,334,18,250,138,112,202,83,458616,233390,225226
101,2012,6,屏東縣,南部,屏東縣,489,241,248,459,30,618,375,243,269,142,861373,442423,418950
101,2012,6,彰化縣,中部,彰化縣,1129,559,570,1113,16,721,410,311,514,191,1300618,666430,634188
101,2012,6,新北市,北部,新北市,3440,1793,1647,3324,116,1519,932,587,2029,940,3926188,1942318,1983870
101,2012,6,新竹市,北部,新竹市,532,268,264,521,11,183,108,75,242,90,422554,209551,213003
101,2012,6,新竹縣,北部,新竹縣,524,279,245,511,13,272,172,100,248,91,520234,267028,253206
101,2012,6,桃園市,北部,桃園縣,1640,848,792,1567,71,813,514,299,1054,512,2020103,1016488,1003615
101,2012,6,澎湖縣,離島,澎湖縣,93,54,39,93,0,59,38,21,27,18,97724,50205,47519
101,2012,6,臺中市,中部,臺中市,2517,1310,1207,2420,97,1120,670,450,1192,521,2674359,1328771,1345588
101,2012,6,臺北市,北部,臺北市,2531,1347,1184,2461,70,1291,753,538,1520,490,2663263,1281370,1381893
101,2012,6,臺南市,南部,臺南市,1440,760,680,1389,51,1017,619,398,690,348,1878795,944219,934576
101,2012,6,臺東縣,東部,臺東縣,142,84,58,127,15,171,108,63,89,41,227194,118499,108695
101,2012,6,花蓮縣,東部,花蓮縣,243,133,110,222,21,265,175,90,137,85,336020,172668,163352
101,2012,6,苗栗縣,中部,苗栗縣,542,290,252,530,12,341,213,128,245,96,562684,291269,271415
101,2012,6,連江縣,離島,連江縣,15,4,11,15,0,1,1,0,5,0,10253,5867,4386
101,2012,6,金門縣,離島,金門縣,119,66,53,119,0,40,29,11,39,6,108147,54633,53514
101,2012,6,雲林縣,中部,雲林縣,504,284,220,490,13,506,285,221,241,115,711887,371212,340675
101,2012,6,高雄市,南部,高雄市,2181,1159,1022,2088,93,1421,860,561,1118,540,2775482,1387701,1387781
101,2012,7,南投縣,中部,南投縣,293,162,131,275,18,396,248,148,266,83,520992,267794,253198
101,2012,7,嘉義市,南部,嘉義市,158,69,89,151,7,153,88,65,122,52,271588,133354,138234
101,2012,7,嘉義縣,南部,嘉義縣,301,164,137,296,5,429,236,193,219,94,534686,278767,255919
101,2012,7,基隆市,北部,基隆市,180,92,88,165,15,240,144,96,186,95,378032,190373,187659
101,2012,7,宜蘭縣,北部,宜蘭縣,288,145,143,271,17,312,191,121,237,81,458514,233319,225195
101,2012,7,屏東縣,南部,屏東縣,462,264,198,431,31,674,421,253,365,174,860759,442079,418680
101,2012,7,彰化縣,中部,彰化縣,998,536,462,966,32,843,483,360,557,199,1300223,666210,634013
101,2012,7,新北市,北部,新北市,3028,1564,1464,2908,120,1858,1159,699,2423,984,3928418,1942943,1985475
101,2012,7,新竹市,北部,新竹市,435,222,213,421,14,202,133,69,260,98,422883,209694,213189
101,2012,7,新竹縣,北部,新竹縣,449,239,210,437,12,277,155,122,275,126,520776,267315,253461
101,2012,7,桃園市,北部,桃園縣,1473,748,725,1393,80,962,603,359,1271,543,2021677,1017101,1004576
101,2012,7,澎湖縣,離島,澎湖縣,75,40,35,73,2,69,32,37,31,21,97947,50333,47614
101,2012,7,臺中市,中部,臺中市,2029,1050,979,1957,72,1335,790,545,1454,639,2675939,1329403,1346536
101,2012,7,臺北市,北部,臺北市,2099,1091,1008,2045,54,1476,873,603,1581,566,2664487,1281745,1382742
101,2012,7,臺南市,南部,臺南市,1366,702,664,1306,59,1266,744,522,872,387,1879022,944204,934818
101,2012,7,臺東縣,東部,臺東縣,141,67,74,128,13,206,114,92,96,52,227014,118369,108645
101,2012,7,花蓮縣,東部,花蓮縣,193,97,96,177,16,265,162,103,168,87,335794,172555,163239
101,2012,7,苗栗縣,中部,苗栗縣,468,242,226,452,16,347,202,145,334,131,562762,291274,271488
101,2012,7,連江縣,離島,連江縣,17,14,3,16,1,4,3,1,5,3,10624,6071,4553
101,2012,7,金門縣,離島,金門縣,115,60,55,115,0,59,31,28,28,13,108963,54998,53965
101,2012,7,雲林縣,中部,雲林縣,487,259,228,463,24,569,329,240,316,129,711538,371010,340528
101,2012,7,高雄市,南部,高雄市,1842,979,863,1763,79,1634,1049,585,1240,632,2775734,1387586,1388148
101,2012,8,南投縣,中部,南投縣,343,171,172,327,16,368,226,142,182,104,520640,267545,253095
101,2012,8,嘉義市,南部,嘉義市,169,101,68,160,9,152,93,59,87,68,271399,133239,138160
101,2012,8,嘉義縣,南部,嘉義縣,290,154,136,280,10,412,237,175,127,125,534387,278629,255758
101,2012,8,基隆市,北部,基隆市,178,104,74,168,10,233,140,93,139,82,377744,190264,187480
101,2012,8,宜蘭縣,北部,宜蘭縣,321,163,158,307,14,272,148,124,167,106,458550,233315,225235
101,2012,8,屏東縣,南部,屏東縣,534,281,253,505,29,678,403,275,198,174,860044,441678,418366
101,2012,8,彰化縣,中部,彰化縣,1186,618,568,1154,32,753,440,313,346,200,1299734,665888,633846
101,2012,8,新北市,北部,新北市,3492,1771,1721,3364,128,1683,1002,681,1495,956,3930638,1943762,1986876
101,2012,8,新竹市,北部,新竹市,543,277,266,526,17,177,111,66,178,99,423318,209941,213377
101,2012,8,新竹縣,北部,新竹縣,563,257,306,547,16,291,166,125,203,97,521578,267641,253937
101,2012,8,桃園市,北部,桃園縣,1740,875,865,1667,73,873,576,297,797,559,2024100,1018097,1006003
101,2012,8,澎湖縣,離島,澎湖縣,77,38,39,75,2,62,35,27,30,20,98017,50359,47658
101,2012,8,臺中市,中部,臺中市,2407,1228,1179,2314,93,1241,742,499,965,535,2677876,1330225,1347651
101,2012,8,臺北市,北部,臺北市,2524,1290,1234,2458,66,1375,803,572,1122,505,2665602,1282160,1383442
101,2012,8,臺南市,南部,臺南市,1540,798,742,1495,45,1174,711,463,542,378,1879506,944314,935192
101,2012,8,臺東縣,東部,臺東縣,164,91,73,149,15,210,130,80,70,39,226778,118213,108565
101,2012,8,花蓮縣,東部,花蓮縣,235,130,105,221,14,255,192,63,101,75,335522,172379,163143
101,2012,8,苗栗縣,中部,苗栗縣,528,268,260,513,15,373,239,134,156,117,562888,291253,271635
101,2012,8,連江縣,離島,連江縣,13,8,5,13,0,4,3,1,5,0,10794,6142,4652
101,2012,8,金門縣,離島,金門縣,131,67,64,131,0,44,24,20,25,9,109728,55366,54362
101,2012,8,雲林縣,中部,雲林縣,533,266,267,518,15,507,301,206,174,138,711394,370846,340548
101,2012,8,高雄市,南部,高雄市,2104,1064,1040,2021,83,1589,974,615,936,607,2776204,1387643,1388561
101,2012,9,南投縣,中部,南投縣,325,183,142,300,25,344,210,134,154,85,520374,267404,252970
101,2012,9,嘉義市,南部,嘉義市,166,91,75,158,8,134,85,49,80,61,271339,133193,138146
101,2012,9,嘉義縣,南部,嘉義縣,334,171,163,327,7,381,240,141,124,82,534178,278498,255680
101,2012,9,基隆市,北部,基隆市,202,114,88,191,11,179,99,80,118,92,377537,190152,187385
101,2012,9,宜蘭縣,北部,宜蘭縣,303,150,153,291,12,239,141,98,125,69,458432,233215,225217
101,2012,9,屏東縣,南部,屏東縣,554,279,275,517,37,601,362,239,195,156,859423,441359,418064
101,2012,9,彰化縣,中部,彰化縣,1149,606,543,1099,50,740,465,275,333,203,1299446,665710,633736
101,2012,9,新北市,北部,新北市,3510,1850,1660,3412,98,1483,925,558,1588,850,3933061,1944629,1988432
101,2012,9,新竹市,北部,新竹市,510,258,252,496,14,179,100,79,166,82,423692,210178,213514
101,2012,9,新竹縣,北部,新竹縣,491,257,234,470,21,222,137,85,196,100,522376,268057,254319
101,2012,9,桃園市,北部,桃園縣,1592,831,761,1519,73,788,485,303,800,454,2025716,1018895,1006821
101,2012,9,澎湖縣,離島,澎湖縣,89,51,38,88,1,50,31,19,24,16,98104,50411,47693
101,2012,9,臺中市,中部,臺中市,2247,1190,1057,2159,88,1054,646,408,871,531,2679172,1330795,1348377
101,2012,9,臺北市,北部,臺北市,2452,1245,1207,2412,40,1185,703,482,1206,468,2665832,1282207,1383625
101,2012,9,臺南市,南部,臺南市,1482,755,727,1437,45,983,594,389,573,336,1879644,944292,935352
101,2012,9,臺東縣,東部,臺東縣,151,77,74,134,17,171,116,55,66,50,226621,118108,108513
101,2012,9,花蓮縣,東部,花蓮縣,238,118,120,223,15,242,160,82,97,74,335331,172256,163075
101,2012,9,苗栗縣,中部,苗栗縣,518,271,247,499,19,331,188,143,201,94,563013,291267,271746
101,2012,9,連江縣,離島,連江縣,12,7,5,12,0,3,2,1,6,1,10937,6236,4701
101,2012,9,金門縣,離島,金門縣,101,50,51,100,1,35,24,11,24,12,110851,55903,54948
101,2012,9,雲林縣,中部,雲林縣,424,227,197,406,18,496,293,203,170,124,711041,370598,340443
101,2012,9,高雄市,南部,高雄市,2058,1050,1008,1978,80,1519,941,578,807,590,2776550,1387596,1388954
101,2012,10,南投縣,中部,南投縣,417,241,176,399,18,372,222,150,265,100,520289,267371,252918
101,2012,10,嘉義市,南部,嘉義市,203,99,104,191,12,134,82,52,123,60,271288,133169,138119
101,2012,10,嘉義縣,南部,嘉義縣,378,199,179,361,17,447,263,184,253,130,533985,278400,255585
101,2012,10,基隆市,北部,基隆市,243,137,106,231,12,228,132,96,201,101,377309,190049,187260
101,2012,10,宜蘭縣,北部,宜蘭縣,396,206,190,381,15,322,192,130,247,76,458438,233207,225231
101,2012,10,屏東縣,南部,屏東縣,666,351,315,630,36,671,401,270,417,189,859066,441132,417934
101,2012,10,彰化縣,中部,彰化縣,1422,776,646,1393,29,769,445,324,736,211,1299606,665829,633777
101,2012,10,新北市,北部,新北市,4098,2107,1991,3942,156,1710,1054,656,2586,947,3935072,1945232,1989840
101,2012,10,新竹市,北部,新竹市,626,317,309,612,14,194,111,83,294,96,424099,210376,213723
101,2012,10,新竹縣,北部,新竹縣,585,294,291,572,13,299,188,111,307,128,522855,268261,254594
101,2012,10,桃園市,北部,桃園縣,2000,1026,974,1918,82,894,557,337,1316,518,2027097,1019473,1007624
101,2012,10,澎湖縣,離島,澎湖縣,86,43,43,82,4,66,32,34,45,10,98612,50662,47950
101,2012,10,臺中市,中部,臺中市,2972,1510,1462,2882,90,1272,746,526,1700,577,2681041,1331586,1349455
101,2012,10,臺北市,北部,臺北市,2972,1554,1418,2896,76,1424,822,602,1745,560,2668231,1283262,1384969
101,2012,10,臺南市,南部,臺南市,1840,968,872,1774,66,1196,699,497,1035,409,1880360,944569,935791
101,2012,10,臺東縣,東部,臺東縣,189,98,91,167,22,229,133,96,113,31,226513,118024,108489
101,2012,10,花蓮縣,東部,花蓮縣,278,159,119,255,23,286,202,84,232,66,335288,172197,163091
101,2012,10,苗栗縣,中部,苗栗縣,591,287,304,576,15,379,231,148,328,85,563300,291338,271962
101,2012,10,連江縣,離島,連江縣,15,6,9,15,0,3,2,1,5,0,11058,6308,4750
101,2012,10,金門縣,離島,金門縣,149,80,69,147,2,55,40,15,51,7,111775,56370,55405
101,2012,10,雲林縣,中部,雲林縣,698,358,340,667,31,539,314,225,326,130,711183,370639,340544
101,2012,10,高雄市,南部,高雄市,2574,1347,1227,2460,114,1618,992,626,1472,671,2777128,1387672,1389456
101,2012,11,南投縣,中部,南投縣,419,221,198,394,25,346,213,133,273,71,520278,267354,252924
101,2012,11,嘉義市,南部,嘉義市,185,96,89,175,10,155,91,64,137,61,271283,133153,138130
101,2012,11,嘉義縣,南部,嘉義縣,399,204,195,391,8,362,245,117,254,96,533933,278303,255630
101,2012,11,基隆市,北部,基隆市,230,111,119,219,11,234,140,94,208,82,377259,189993,187266
101,2012,11,宜蘭縣,北部,宜蘭縣,382,188,194,364,18,291,169,122,300,71,458548,233264,225284
101,2012,11,屏東縣,南部,屏東縣,613,318,295,585,28,635,385,250,419,162,858739,440935,417804
101,2012,11,彰化縣,中部,彰化縣,1298,672,626,1272,26,711,416,295,819,181,1299692,665853,633839
101,2012,11,新北市,北部,新北市,3885,2021,1864,3746,138,1609,998,611,2835,850,3937149,1945842,1991307
101,2012,11,新竹市,北部,新竹市,561,296,265,554,7,170,105,65,288,82,424533,210593,213940
101,2012,11,新竹縣,北部,新竹縣,547,282,265,528,18,241,134,107,357,121,523333,268488,254845
101,2012,11,桃園市,北部,桃園縣,1899,998,901,1829,70,807,511,296,1456,484,2028628,1020127,1008501
101,2012,11,澎湖縣,離島,澎湖縣,95,49,46,95,0,66,38,28,62,18,98745,50745,48000
101,2012,11,臺中市,中部,臺中市,2753,1432,1321,2660,92,1156,754,402,1896,483,2683066,1332440,1350626
101,2012,11,臺北市,北部,臺北市,2812,1477,1335,2728,83,1274,766,508,1855,476,2671006,1284419,1386587
101,2012,11,臺南市,南部,臺南市,1724,906,818,1663,61,1085,611,474,1158,327,1881026,944852,936174
101,2012,11,臺東縣,東部,臺東縣,188,90,98,166,22,197,129,68,105,54,226383,117905,108478
101,2012,11,花蓮縣,東部,花蓮縣,261,134,127,245,16,281,176,105,181,60,335223,172113,163110
101,2012,11,苗栗縣,中部,苗栗縣,622,321,301,602,20,370,222,148,384,113,563660,291480,272180
101,2012,11,連江縣,離島,連江縣,19,8,11,18,1,3,2,1,8,0,11196,6378,4818
101,2012,11,金門縣,離島,金門縣,130,73,57,129,1,45,26,19,54,13,112444,56710,55734
101,2012,11,雲林縣,中部,雲林縣,573,312,261,553,20,568,333,235,351,114,711000,370520,340480
101,2012,11,高雄市,南部,高雄市,2358,1216,1142,2261,97,1480,923,557,1880,580,2777897,1387842,1390055
101,2012,12,南投縣,中部,南投縣,374,186,188,357,17,360,219,141,296,77,520196,267300,252896
101,2012,12,嘉義市,南部,嘉義市,185,93,92,183,2,120,77,43,147,45,271220,133090,138130
101,2012,12,嘉義縣,南部,嘉義縣,353,174,179,340,13,427,247,180,253,85,533723,278219,255504
101,2012,12,基隆市,北部,基隆市,245,133,112,233,12,206,131,75,220,77,377153,189951,187202
101,2012,12,宜蘭縣,北部,宜蘭縣,329,173,156,319,10,308,182,126,236,72,458595,233276,225319
101,2012,12,屏東縣,南部,屏東縣,516,274,242,489,27,572,351,221,375,157,858441,440761,417680
101,2012,12,彰化縣,中部,彰化縣,1262,659,603,1229,33,657,407,250,814,153,1299868,665895,633973
101,2012,12,新北市,北部,新北市,3835,2009,1826,3706,128,1616,1013,603,2867,734,3939305,1946607,1992698
101,2012,12,新竹市,北部,新竹市,603,286,317,593,10,195,116,79,321,68,425071,210777,214294
101,2012,12,新竹縣,北部,新竹縣,564,276,288,545,19,267,153,114,390,109,523993,268829,255164
101,2012,12,桃園市,北部,桃園縣,1732,901,831,1645,87,816,532,284,1491,433,2030161,1020819,1009342
101,2012,12,澎湖縣,離島,澎湖縣,91,41,50,90,1,64,35,29,55,19,98843,50817,48026
101,2012,12,臺中市,中部,臺中市,2583,1312,1271,2498,85,1154,684,470,1881,466,2684893,1333194,1351699
101,2012,12,臺北市,北部,臺北市,2896,1510,1386,2825,71,1278,754,524,2041,427,2673226,1285361,1387865
101,2012,12,臺南市,南部,臺南市,1665,804,861,1615,50,1095,639,456,1184,306,1881645,945004,936641
101,2012,12,臺東縣,東部,臺東縣,143,80,63,130,13,209,135,74,104,41,226252,117808,108444
101,2012,12,花蓮縣,東部,花蓮縣,268,131,137,240,28,234,163,71,159,56,335190,172064,163126
101,2012,12,苗栗縣,中部,苗栗縣,530,265,265,520,10,312,190,122,375,84,563976,291598,272378
101,2012,12,連江縣,離島,連江縣,10,6,4,10,0,2,2,0,5,1,11310,6448,4862
101,2012,12,金門縣,離島,金門縣,119,57,62,118,1,49,33,16,60,11,113111,57062,56049
101,2012,12,雲林縣,中部,雲林縣,599,343,256,577,22,517,304,213,349,107,710991,370508,340483
101,2012,12,高雄市,南部,高雄市,2300,1148,1152,2217,82,1385,880,505,1678,526,2778659,1387931,1390728
102,2013,1,南投縣,中部,南投縣,409,213,196,385,24,475,279,196,360,86,520043,267200,252843
102,2013,1,嘉義市,南部,嘉義市,239,130,109,224,15,168,92,76,177,60,271256,133090,138166
102,2013,1,嘉義縣,南部,嘉義縣,379,199,180,367,12,519,303,216,300,95,533404,278030,255374
102,2013,1,基隆市,北部,基隆市,218,111,107,202,16,266,165,101,257,76,377021,189859,187162
102,2013,1,宜蘭縣,北部,宜蘭縣,382,200,182,367,15,333,193,140,309,81,458599,233264,225335
102,2013,1,屏東縣,南部,屏東縣,533,284,249,499,34,750,451,299,500,144,857939,440489,417450
102,2013,1,彰化縣,中部,彰化縣,1337,707,630,1314,23,962,569,393,860,195,1299724,665777,633947
102,2013,1,新北市,北部,新北市,3967,2070,1897,3818,149,2029,1264,765,3353,787,3941239,1947131,1994108
102,2013,1,新竹市,北部,新竹市,555,289,266,538,17,281,169,112,391,86,425450,210897,214553
102,2013,1,新竹縣,北部,新竹縣,574,260,314,549,25,329,204,125,412,83,524559,269049,255510
102,2013,1,桃園市,北部,桃園縣,1925,1018,907,1848,77,1030,675,355,1528,453,2031837,1021498,1010339
102,2013,1,澎湖縣,離島,澎湖縣,79,38,41,79,0,68,36,32,35,22,98927,50868,48059
102,2013,1,臺中市,中部,臺中市,2778,1443,1335,2681,97,1492,892,600,2212,471,2687052,1334080,1352972
102,2013,1,臺北市,北部,臺北市,2920,1477,1443,2857,63,1584,938,646,2135,425,2675033,1286134,1388899
102,2013,1,臺南市,南部,臺南市,1627,820,807,1582,45,1451,871,580,1274,313,1881905,944947,936958
102,2013,1,臺東縣,東部,臺東縣,172,97,75,160,12,220,134,86,116,68,226093,117723,108370
102,2013,1,花蓮縣,東部,花蓮縣,251,123,128,223,28,311,207,104,206,65,334989,171926,163063
102,2013,1,苗栗縣,中部,苗栗縣,567,289,278,551,16,490,281,209,460,96,564223,291684,272539
102,2013,1,連江縣,離島,連江縣,17,8,9,16,1,3,3,0,5,0,11417,6512,4905
102,2013,1,金門縣,離島,金門縣,131,63,68,127,4,53,36,17,46,9,113755,57375,56380
102,2013,1,雲林縣,中部,雲林縣,588,314,274,567,21,662,385,277,455,113,710829,370387,340442
102,2013,1,高雄市,南部,高雄市,2334,1183,1151,2225,109,1876,1171,705,1867,538,2778798,1387738,1391060
102,2013,2,南投縣,中部,南投縣,292,147,145,275,17,339,211,128,157,69,519921,267081,252840
102,2013,2,嘉義市,南部,嘉義市,130,54,76,125,5,153,75,78,77,46,271195,133069,138126
102,2013,2,嘉義縣,南部,嘉義縣,260,145,115,252,8,380,224,156,144,77,533106,277845,255261
102,2013,2,基隆市,北部,基隆市,178,80,98,169,9,225,149,76,78,48,376856,189756,187100
102,2013,2,宜蘭縣,北部,宜蘭縣,273,148,125,259,14,258,156,102,134,55,458599,233240,225359
102,2013,2,屏東縣,南部,屏東縣,384,226,158,367,17,564,354,210,254,114,857569,440273,417296
102,2013,2,彰化縣,中部,彰化縣,922,486,436,898,24,724,421,303,383,128,1299549,665659,633890
102,2013,2,新北市,北部,新北市,2781,1418,1363,2694,86,1541,955,586,1452,626,3942202,1947237,1994965
102,2013,2,新竹市,北部,新竹市,420,208,212,408,12,208,128,80,145,54,425702,211005,214697
102,2013,2,新竹縣,北部,新竹縣,433,234,199,419,14,286,165,121,187,91,524920,269217,255703
102,2013,2,桃園市,北部,桃園縣,1342,702,640,1291,51,817,530,287,660,320,2032848,1021907,1010941
102,2013,2,澎湖縣,離島,澎湖縣,56,33,23,56,0,68,45,23,22,14,98919,50866,48053
102,2013,2,臺中市,中部,臺中市,1895,961,934,1827,68,1124,700,424,925,380,2688216,1334506,1353710
102,2013,2,臺北市,北部,臺北市,2166,1152,1014,2118,48,1258,769,489,981,343,2676128,1286627,1389501
102,2013,2,臺南市,南部,臺南市,1174,609,565,1134,40,1113,648,465,573,249,1882118,944989,937129
102,2013,2,臺東縣,東部,臺東縣,117,70,47,107,10,187,116,71,93,36,226047,117711,108336
102,2013,2,花蓮縣,東部,花蓮縣,202,109,93,178,24,222,134,88,84,54,334991,171894,163097
102,2013,2,苗栗縣,中部,苗栗縣,424,204,220,404,20,335,189,146,204,60,564343,291712,272631
102,2013,2,連江縣,離島,連江縣,12,6,6,12,0,2,2,0,3,1,11512,6571,4941
102,2013,2,金門縣,離島,金門縣,112,60,52,111,1,40,26,14,35,6,114191,57581,56610
102,2013,2,雲林縣,中部,雲林縣,398,189,209,387,11,506,290,216,203,94,710574,370265,340309
102,2013,2,高雄市,南部,高雄市,1695,830,865,1624,71,1488,941,547,980,417,2779096,1387643,1391453
102,2013,3,南投縣,中部,南投縣,294,159,135,271,23,407,240,167,251,101,519733,266958,252775
102,2013,3,嘉義市,南部,嘉義市,166,83,83,162,4,169,96,73,137,59,271240,133070,138170
102,2013,3,嘉義縣,南部,嘉義縣,291,157,134,275,16,430,247,183,201,103,532541,277621,254920
102,2013,3,基隆市,北部,基隆市,191,114,77,175,16,232,140,92,173,77,376659,189660,186999
102,2013,3,宜蘭縣,北部,宜蘭縣,300,141,159,288,12,285,156,129,182,79,458599,233196,225403
102,2013,3,屏東縣,南部,屏東縣,389,188,201,361,28,667,422,245,438,166,857017,439859,417158
102,2013,3,彰化縣,中部,彰化縣,950,513,437,928,22,803,455,348,647,207,1299274,665540,633734
102,2013,3,新北市,北部,新北市,3084,1541,1543,2951,133,1959,1213,746,2448,910,3942882,1947002,1995880
102,2013,3,新竹市,北部,新竹市,458,247,211,448,10,208,128,80,259,91,426145,211187,214958
102,2013,3,新竹縣,北部,新竹縣,478,251,227,461,17,327,196,131,295,103,525327,269408,255919
102,2013,3,桃園市,北部,桃園縣,1415,756,659,1343,71,1012,672,340,1176,465,2033634,1022277,1011357
102,2013,3,澎湖縣,離島,澎湖縣,84,43,41,82,2,80,48,32,34,15,99032,50932,48100
102,2013,3,臺中市,中部,臺中市,2084,1053,1031,2001,82,1286,737,549,1578,513,2689659,1335031,1354628
102,2013,3,臺北市,北部,臺北市,2274,1195,1079,2210,63,1493,882,611,1739,470,2677771,1287311,1390460
102,2013,3,臺南市,南部,臺南市,1228,598,630,1189,39,1188,689,499,1197,300,1882369,944967,937402
102,2013,3,臺東縣,東部,臺東縣,160,88,72,146,14,198,126,72,125,43,225898,117638,108260
102,2013,3,花蓮縣,東部,花蓮縣,193,95,98,169,24,263,174,89,191,73,334872,171810,163062
102,2013,3,苗栗縣,中部,苗栗縣,463,245,218,445,18,453,257,196,273,111,564386,291696,272690
102,2013,3,連江縣,離島,連江縣,8,3,5,7,1,5,2,3,3,1,11595,6610,4985
102,2013,3,金門縣,離島,金門縣,107,62,45,104,3,49,26,23,48,6,114867,57900,56967
102,2013,3,雲林縣,中部,雲林縣,427,211,216,401,26,590,354,236,360,116,710269,370087,340182
102,2013,3,高雄市,南部,高雄市,1836,941,895,1742,94,1604,982,622,1807,578,2778936,1387382,1391554
102,2013,4,南投縣,中部,南投縣,289,147,142,269,20,376,233,143,199,79,519426,266778,252648
102,2013,4,嘉義市,南部,嘉義市,121,74,47,113,8,136,83,53,100,35,271338,133072,138266
102,2013,4,嘉義縣,南部,嘉義縣,248,123,125,238,10,450,259,191,170,88,531949,277322,254627
102,2013,4,基隆市,北部,基隆市,173,88,85,162,11,241,139,102,129,94,376564,189589,186975
102,2013,4,宜蘭縣,北部,宜蘭縣,258,146,112,249,9,292,172,120,169,70,458552,233187,225365
102,2013,4,屏東縣,南部,屏東縣,388,189,199,365,23,659,412,247,351,151,856522,439523,416999
102,2013,4,彰化縣,中部,彰化縣,877,451,426,851,26,782,446,336,601,157,1298913,665317,633596
102,2013,4,新北市,北部,新北市,2802,1517,1285,2676,126,1767,1099,668,1863,818,3943421,1947101,1996320
102,2013,4,新竹市,北部,新竹市,447,222,225,435,12,229,140,89,189,66,426464,211331,215133
102,2013,4,新竹縣,北部,新竹縣,436,232,204,426,10,275,158,117,232,99,525825,269632,256193
102,2013,4,桃園市,北部,桃園縣,1337,701,636,1277,60,969,612,357,976,439,2034381,1022644,1011737
102,2013,4,澎湖縣,離島,澎湖縣,63,32,31,62,1,52,30,22,28,14,99117,50972,48145
102,2013,4,臺中市,中部,臺中市,1868,1003,865,1781,86,1276,802,474,1268,547,2690837,1335469,1355368
102,2013,4,臺北市,北部,臺北市,2134,1084,1050,2083,51,1405,823,582,1155,415,2679051,1287663,1391388
102,2013,4,臺南市,南部,臺南市,1154,611,543,1107,47,1185,678,507,840,315,1882475,944999,937476
102,2013,4,臺東縣,東部,臺東縣,137,74,63,119,18,192,128,64,86,44,225834,117572,108262
102,2013,4,花蓮縣,東部,花蓮縣,210,105,105,189,21,289,185,104,160,77,334712,171697,163015
102,2013,4,苗栗縣,中部,苗栗縣,411,204,207,398,13,430,278,152,281,108,564354,291636,272718
102,2013,4,連江縣,離島,連江縣,10,7,3,10,0,6,5,1,1,1,11637,6615,5022
102,2013,4,金門縣,離島,金門縣,111,61,50,108,3,55,34,21,33,11,115601,58295,57306
102,2013,4,雲林縣,中部,雲林縣,399,201,198,380,19,582,344,238,256,118,709814,369856,339958
102,2013,4,高雄市,南部,高雄市,1633,888,745,1562,71,1528,991,537,1248,580,2778793,1387120,1391673
102,2013,5,南投縣,中部,南投縣,285,162,123,270,15,393,233,160,272,105,519055,266629,252426
102,2013,5,嘉義市,南部,嘉義市,185,108,77,180,5,156,87,69,170,47,271312,133052,138260
102,2013,5,嘉義縣,南部,嘉義縣,238,122,116,229,9,433,249,184,273,96,531492,277029,254463
102,2013,5,基隆市,北部,基隆市,194,106,88,181,13,241,144,97,262,100,376372,189462,186910
102,2013,5,宜蘭縣,北部,宜蘭縣,308,154,154,294,14,282,172,110,309,82,458582,233178,225404
102,2013,5,屏東縣,南部,屏東縣,412,210,202,378,34,676,414,262,462,179,855733,439067,416666
102,2013,5,彰化縣,中部,彰化縣,911,480,431,887,24,768,481,287,763,200,1298286,664975,633311
102,2013,5,新北市,北部,新北市,2909,1560,1349,2801,107,1777,1108,669,3128,895,3944955,1947539,1997416
102,2013,5,新竹市,北部,新竹市,399,233,166,391,8,185,113,72,350,95,426856,211547,215309
102,2013,5,新竹縣,北部,新竹縣,421,224,197,412,9,316,192,124,381,113,526438,269933,256505
102,2013,5,桃園市,北部,桃園縣,1411,733,678,1348,63,895,558,337,1553,522,2035552,1023102,1012450
102,2013,5,澎湖縣,離島,澎湖縣,76,43,33,73,3,62,37,25,42,27,99241,51020,48221
102,2013,5,臺中市,中部,臺中市,1967,1036,931,1891,75,1217,713,504,2059,502,2692563,1336236,1356327
102,2013,5,臺北市,北部,臺北市,2263,1151,1112,2201,62,1366,799,567,2056,493,2680296,1288081,1392215
102,2013,5,臺南市,南部,臺南市,1212,639,573,1165,47,1161,698,463,1106,382,1882352,944840,937512
102,2013,5,臺東縣,東部,臺東縣,125,73,52,118,7,210,141,69,123,54,225558,117413,108145
102,2013,5,花蓮縣,東部,花蓮縣,201,98,103,179,22,264,167,97,194,71,334513,171544,162969
102,2013,5,苗栗縣,中部,苗栗縣,444,224,220,435,9,380,238,142,396,125,564492,291626,272866
102,2013,5,連江縣,離島,連江縣,19,9,10,17,2,8,6,2,5,2,11702,6646,5056
102,2013,5,金門縣,離島,金門縣,112,50,62,111,1,45,29,16,52,11,116168,58570,57598
102,2013,5,雲林縣,中部,雲林縣,414,210,204,404,10,590,339,251,366,104,709698,369747,339951
102,2013,5,高雄市,南部,高雄市,1717,894,823,1646,71,1548,947,601,1701,596,2778920,1386915,1392005
102,2013,6,南投縣,中部,南投縣,234,120,114,217,17,339,201,138,156,84,518738,266428,252310
102,2013,6,嘉義市,南部,嘉義市,131,77,54,122,9,148,87,61,98,54,271291,133001,138290
102,2013,6,嘉義縣,南部,嘉義縣,223,118,105,211,12,379,226,153,142,92,531026,276781,254245
102,2013,6,基隆市,北部,基隆市,146,74,72,135,11,199,110,89,136,88,376082,189295,186787
102,2013,6,宜蘭縣,北部,宜蘭縣,250,152,98,235,15,264,165,99,134,93,458602,233198,225404
102,2013,6,屏東縣,南部,屏東縣,351,183,168,329,22,580,372,208,248,154,855345,438844,416501
102,2013,6,彰化縣,中部,彰化縣,792,443,349,767,25,635,370,265,460,196,1297968,664800,633168
102,2013,6,新北市,北部,新北市,2562,1308,1254,2461,101,1501,918,583,1743,841,3945789,1947525,1998264
102,2013,6,新竹市,北部,新竹市,364,170,194,353,11,199,123,76,198,91,427050,211594,215456
102,2013,6,新竹縣,北部,新竹縣,374,200,174,365,9,270,173,97,219,108,526920,270157,256763
102,2013,6,桃園市,北部,桃園縣,1159,578,581,1107,52,774,496,278,834,457,2036708,1023601,1013107
102,2013,6,澎湖縣,離島,澎湖縣,72,48,24,71,1,56,36,20,23,10,99276,51054,48222
102,2013,6,臺中市,中部,臺中市,1723,903,820,1645,78,1176,711,465,995,500,2693892,1336717,1357175
102,2013,6,臺北市,北部,臺北市,1935,958,977,1888,47,1211,709,502,1172,464,2681554,1288596,1392958
102,2013,6,臺南市,南部,臺南市,1006,495,511,969,37,1032,563,469,612,317,1882526,944883,937643
102,2013,6,臺東縣,東部,臺東縣,110,48,62,92,18,176,96,80,71,41,225407,117309,108098
102,2013,6,花蓮縣,東部,花蓮縣,203,109,94,175,28,252,157,95,114,75,334468,171503,162965
102,2013,6,苗栗縣,中部,苗栗縣,378,191,187,367,11,347,196,151,233,115,564647,291688,272959
102,2013,6,連江縣,離島,連江縣,13,3,10,13,0,5,2,3,3,2,11771,6682,5089
102,2013,6,金門縣,離島,金門縣,80,47,33,80,0,39,21,18,33,9,116570,58775,57795
102,2013,6,雲林縣,中部,雲林縣,325,185,140,313,12,458,280,178,203,123,709491,369598,339893
102,2013,6,高雄市,南部,高雄市,1532,801,731,1458,74,1459,916,543,949,556,2779092,1386830,1392262
102,2013,7,南投縣,中部,南投縣,286,133,153,267,19,378,230,148,219,112,518531,266291,252240
102,2013,7,嘉義市,南部,嘉義市,152,81,71,141,11,169,94,75,115,58,271223,132917,138306
102,2013,7,嘉義縣,南部,嘉義縣,243,128,115,225,18,432,251,181,192,97,530718,276615,254103
102,2013,7,基隆市,北部,基隆市,165,85,80,159,6,255,158,97,187,87,375834,189131,186703
102,2013,7,宜蘭縣,北部,宜蘭縣,287,156,131,274,13,366,229,137,211,89,458636,233182,225454
102,2013,7,屏東縣,南部,屏東縣,420,211,209,392,28,661,390,271,344,192,854789,438526,416263
102,2013,7,彰化縣,中部,彰化縣,937,475,462,907,30,825,466,359,527,210,1297666,664629,633037
102,2013,7,新北市,北部,新北市,2978,1572,1406,2850,128,1725,1093,632,2170,940,3947608,1948002,1999606
102,2013,7,新竹市,北部,新竹市,393,219,174,385,8,234,141,93,252,96,427137,211600,215537
102,2013,7,新竹縣,北部,新竹縣,469,254,215,451,18,290,171,119,248,112,527609,270534,257075
102,2013,7,桃園市,北部,桃園縣,1322,686,636,1259,63,964,608,356,1044,532,2038147,1024257,1013890
102,2013,7,澎湖縣,離島,澎湖縣,66,28,38,65,1,65,33,32,29,15,99387,51104,48283
102,2013,7,臺中市,中部,臺中市,1963,1026,937,1876,87,1333,781,552,1385,560,2695353,1337319,1358034
102,2013,7,臺北市,北部,臺北市,2141,1116,1025,2080,61,1368,776,592,1541,506,2682372,1288816,1393556
102,2013,7,臺南市,南部,臺南市,1190,649,541,1147,43,1258,747,511,752,389,1882620,944855,937765
102,2013,7,臺東縣,東部,臺東縣,132,75,57,125,7,197,135,62,76,63,225270,117231,108039
102,2013,7,花蓮縣,東部,花蓮縣,219,111,108,190,29,296,190,106,145,84,334302,171358,162944
102,2013,7,苗栗縣,中部,苗栗縣,466,246,220,448,18,418,242,176,277,116,564806,291781,273025
102,2013,7,連江縣,離島,連江縣,9,4,5,9,0,11,8,3,2,0,11869,6732,5137
102,2013,7,金門縣,離島,金門縣,98,48,50,96,2,41,26,15,37,7,117229,59041,58188
102,2013,7,雲林縣,中部,雲林縣,435,221,214,416,19,631,367,264,255,141,709202,369365,339837
102,2013,7,高雄市,南部,高雄市,1850,921,929,1764,86,1701,1058,643,1255,618,2779416,1386731,1392685
102,2013,8,南投縣,中部,南投縣,271,142,129,264,7,346,224,122,117,83,518312,266083,252229
102,2013,8,嘉義市,南部,嘉義市,172,96,76,163,9,126,75,51,49,57,271260,132918,138342
102,2013,8,嘉義縣,南部,嘉義縣,245,122,123,232,13,382,230,152,97,80,530365,276379,253986
102,2013,8,基隆市,北部,基隆市,182,116,66,173,9,225,126,99,101,82,375755,189094,186661
102,2013,8,宜蘭縣,北部,宜蘭縣,237,120,117,221,16,273,165,108,107,83,458648,233142,225506
102,2013,8,屏東縣,南部,屏東縣,389,200,189,364,25,583,361,222,172,181,854226,438173,416053
102,2013,8,彰化縣,中部,彰化縣,861,441,420,835,26,706,412,294,241,198,1297167,664288,632879
102,2013,8,新北市,北部,新北市,2869,1499,1370,2750,119,1617,981,636,1121,877,3949765,1948850,2000915
102,2013,8,新竹市,北部,新竹市,412,217,195,402,10,216,128,88,100,92,427265,211740,215525
102,2013,8,新竹縣,北部,新竹縣,449,209,240,429,20,309,195,114,128,115,528376,270873,257503
102,2013,8,桃園市,北部,桃園縣,1282,670,612,1207,75,849,555,294,572,486,2039557,1024797,1014760
102,2013,8,澎湖縣,離島,澎湖縣,80,49,31,77,3,89,53,36,17,9,99462,51150,48312
102,2013,8,臺中市,中部,臺中市,1847,964,883,1780,67,1273,773,500,719,563,2696712,1337853,1358859
102,2013,8,臺北市,北部,臺北市,2026,1028,998,1969,56,1225,735,490,790,442,2682017,1288485,1393532
102,2013,8,臺南市,南部,臺南市,1142,568,574,1096,46,978,575,403,394,369,1882774,944839,937935
102,2013,8,臺東縣,東部,臺東縣,126,67,59,107,19,183,125,58,63,50,225137,117125,108012
102,2013,8,花蓮縣,東部,花蓮縣,210,108,102,187,23,258,172,86,74,84,334128,171255,162873
102,2013,8,苗栗縣,中部,苗栗縣,438,232,206,421,17,326,202,124,165,116,565023,291852,273171
102,2013,8,連江縣,離島,連江縣,14,6,8,14,0,8,5,3,1,1,11955,6782,5173
102,2013,8,金門縣,離島,金門縣,97,54,43,95,2,30,18,12,23,19,117845,59351,58494
102,2013,8,雲林縣,中部,雲林縣,361,162,199,343,18,544,310,234,129,111,708864,369148,339716
102,2013,8,高雄市,南部,高雄市,1608,809,799,1527,81,1517,904,613,635,543,2779448,1386529,1392919
102,2013,9,南投縣,中部,南投縣,273,135,138,256,17,385,230,155,205,78,517984,265873,252111
102,2013,9,嘉義市,南部,嘉義市,148,73,75,143,5,146,82,64,109,49,271106,132841,138265
102,2013,9,嘉義縣,南部,嘉義縣,256,135,121,241,15,437,261,176,201,80,530004,276127,253877
102,2013,9,基隆市,北部,基隆市,159,73,86,141,18,230,143,87,206,81,375413,188911,186502
102,2013,9,宜蘭縣,北部,宜蘭縣,303,162,141,291,12,264,169,95,190,69,458580,233097,225483
102,2013,9,屏東縣,南部,屏東縣,455,226,229,421,34,575,367,208,316,142,853607,437844,415763
102,2013,9,彰化縣,中部,彰化縣,984,511,473,960,24,757,446,311,587,195,1296660,663990,632670
102,2013,9,新北市,北部,新北市,2751,1422,1329,2643,108,1599,1022,577,2567,850,3951381,1949191,2002190
102,2013,9,新竹市,北部,新竹市,384,189,195,377,7,197,114,83,267,74,427561,211875,215686
102,2013,9,新竹縣,北部,新竹縣,408,210,198,388,20,253,150,103,322,100,529175,271310,257865
102,2013,9,桃園市,北部,桃園縣,1321,672,649,1245,76,864,567,297,1243,511,2040629,1025241,1015388
102,2013,9,澎湖縣,離島,澎湖縣,62,30,32,61,1,62,28,34,36,16,99516,51182,48334
102,2013,9,臺中市,中部,臺中市,1971,1020,951,1890,80,1160,693,467,1588,524,2697665,1338235,1359430
102,2013,9,臺北市,北部,臺北市,2009,1055,954,1961,48,1313,762,551,1747,491,2681584,1288195,1393389
102,2013,9,臺南市,南部,臺南市,1186,609,577,1141,45,1130,673,457,862,373,1882803,944760,938043
102,2013,9,臺東縣,東部,臺東縣,141,68,73,122,19,202,133,69,94,54,224989,117029,107960
102,2013,9,花蓮縣,東部,花蓮縣,221,121,100,197,24,246,159,87,165,84,334039,171196,162843
102,2013,9,苗栗縣,中部,苗栗縣,451,229,222,440,11,349,201,148,312,94,565107,291915,273192
102,2013,9,連江縣,離島,連江縣,14,7,7,14,0,7,3,4,5,1,12041,6822,5219
102,2013,9,金門縣,離島,金門縣,106,56,50,106,0,40,21,19,50,13,118924,59844,59080
102,2013,9,雲林縣,中部,雲林縣,426,213,213,406,19,561,335,226,296,106,708574,368958,339616
102,2013,9,高雄市,南部,高雄市,1721,881,840,1647,74,1588,962,626,1390,525,2779246,1386293,1392953
102,2013,10,南投縣,中部,南投縣,292,157,135,270,22,408,245,163,239,79,517701,265740,251961
102,2013,10,嘉義市,南部,嘉義市,176,93,83,170,6,155,95,60,133,50,270969,132752,138217
102,2013,10,嘉義縣,南部,嘉義縣,257,131,126,254,3,430,253,177,213,103,529750,275974,253776
102,2013,10,基隆市,北部,基隆市,195,87,108,180,15,243,145,98,167,97,375204,188806,186398
102,2013,10,宜蘭縣,北部,宜蘭縣,300,170,130,285,15,299,177,122,225,81,458558,233050,225508
102,2013,10,屏東縣,南部,屏東縣,470,260,210,440,30,629,395,234,349,155,853130,437570,415560
102,2013,10,彰化縣,中部,彰化縣,1043,540,503,1018,25,748,449,299,685,194,1296420,663789,632631
102,2013,10,新北市,北部,新北市,3133,1623,1510,2994,139,1835,1153,682,2559,971,3952335,1949412,2002923
102,2013,10,新竹市,北部,新竹市,465,240,225,456,9,170,101,69,313,82,427850,211953,215897
102,2013,10,新竹縣,北部,新竹縣,458,228,230,443,15,280,176,104,355,135,529554,271498,258056
102,2013,10,桃園市,北部,桃園縣,1448,755,693,1380,68,926,589,337,1298,538,2041544,1025583,1015961
102,2013,10,澎湖縣,離島,澎湖縣,84,47,37,82,2,65,34,31,38,27,100090,51517,48573
102,2013,10,臺中市,中部,臺中市,2153,1116,1037,2063,90,1307,804,503,1588,546,2698811,1338644,1360167
102,2013,10,臺北市,北部,臺北市,2335,1204,1131,2265,70,1356,784,572,1746,462,2682839,1288549,1394290
102,2013,10,臺南市,南部,臺南市,1286,686,600,1239,47,1200,737,463,954,343,1882777,944612,938165
102,2013,10,臺東縣,東部,臺東縣,158,87,71,133,25,211,123,88,92,64,224936,116975,107961
102,2013,10,花蓮縣,東部,花蓮縣,251,130,121,229,22,282,179,103,198,88,334014,171128,162886
102,2013,10,苗栗縣,中部,苗栗縣,495,264,231,478,17,383,232,151,333,132,565252,291919,273333
102,2013,10,連江縣,離島,連江縣,14,9,5,14,0,2,1,1,2,1,12079,6849,5230
102,2013,10,金門縣,離島,金門縣,117,59,58,116,1,53,39,14,44,17,119534,60135,59399
102,2013,10,雲林縣,中部,雲林縣,472,265,207,450,22,562,329,233,285,145,708373,368837,339536
102,2013,10,高雄市,南部,高雄市,1919,987,932,1823,96,1709,1072,637,1406,623,2779427,1386156,1393271
102,2013,11,南投縣,中部,南投縣,259,126,133,244,15,353,212,141,299,92,517460,265633,251827
102,2013,11,嘉義市,南部,嘉義市,182,91,91,168,14,144,84,60,137,55,270934,132701,138233
102,2013,11,嘉義縣,南部,嘉義縣,257,141,116,247,10,397,235,162,277,104,529568,275895,253673
102,2013,11,基隆市,北部,基隆市,184,90,94,168,16,205,120,85,188,99,375063,188726,186337
102,2013,11,宜蘭縣,北部,宜蘭縣,291,146,145,281,10,286,170,116,286,72,458514,233039,225475
102,2013,11,屏東縣,南部,屏東縣,439,221,218,403,36,610,378,232,397,139,852837,437392,415445
102,2013,11,彰化縣,中部,彰化縣,942,495,447,912,30,745,426,319,836,184,1296160,663645,632515
102,2013,11,新北市,北部,新北市,3006,1549,1457,2909,97,1602,953,649,2793,799,3953858,1949850,2004008
102,2013,11,新竹市,北部,新竹市,411,228,183,404,7,199,118,81,291,60,428080,212015,216065
102,2013,11,新竹縣,北部,新竹縣,476,242,234,461,15,275,174,101,348,95,530004,271698,258306
102,2013,11,桃園市,北部,桃園縣,1369,730,639,1301,68,867,561,306,1435,443,2042668,1026076,1016592
102,2013,11,澎湖縣,離島,澎湖縣,71,32,39,68,3,62,37,25,66,21,100233,51611,48622
102,2013,11,臺中市,中部,臺中市,2088,1052,1036,2008,80,1165,691,474,1948,546,2700300,1339213,1361087
102,2013,11,臺北市,北部,臺北市,2175,1164,1011,2121,53,1320,812,508,1918,475,2684567,1289204,1395363
102,2013,11,臺南市,南部,臺南市,1243,635,608,1199,44,1067,622,445,1288,301,1883114,944658,938456
102,2013,11,臺東縣,東部,臺東縣,115,59,56,110,5,191,125,66,115,54,224875,116915,107960
102,2013,11,花蓮縣,東部,花蓮縣,237,125,112,216,21,266,176,90,190,62,333961,171080,162881
102,2013,11,苗栗縣,中部,苗栗縣,447,236,211,431,16,382,229,153,374,99,565369,291958,273411
102,2013,11,連江縣,離島,連江縣,12,8,4,12,0,5,1,4,5,1,12111,6880,5231
102,2013,11,金門縣,離島,金門縣,139,80,59,136,3,50,33,17,60,16,120037,60370,59667
102,2013,11,雲林縣,中部,雲林縣,416,208,208,404,12,490,281,209,400,106,708044,368644,339400
102,2013,11,高雄市,南部,高雄市,1873,934,939,1801,72,1537,921,616,1727,550,2779563,1385984,1393579
102,2013,12,南投縣,中部,南投縣,297,151,146,281,16,418,247,171,302,70,517222,265474,251748
102,2013,12,嘉義市,南部,嘉義市,178,89,89,173,5,181,106,75,145,67,270872,132646,138226
102,2013,12,嘉義縣,南部,嘉義縣,233,121,112,220,13,458,267,191,264,89,529229,275686,253543
102,2013,12,基隆市,北部,基隆市,180,99,81,167,13,268,169,99,225,83,374914,188649,186265
102,2013,12,宜蘭縣,北部,宜蘭縣,306,154,152,300,6,329,201,128,244,71,458456,233000,225456
102,2013,12,屏東縣,南部,屏東縣,419,229,190,394,25,650,387,263,458,163,852286,437086,415200
102,2013,12,彰化縣,中部,彰化縣,1035,559,476,1003,32,843,495,348,842,174,1296013,663500,632513
102,2013,12,新北市,北部,新北市,3073,1557,1516,2942,131,1794,1087,707,2866,832,3954929,1950060,2004869
102,2013,12,新竹市,北部,新竹市,459,226,233,451,8,207,110,97,347,84,428483,212183,216300
102,2013,12,新竹縣,北部,新竹縣,457,243,214,436,21,305,191,114,361,108,530486,271904,258582
102,2013,12,桃園市,北部,桃園縣,1426,749,677,1360,66,1005,646,359,1360,478,2044023,1026657,1017366
102,2013,12,澎湖縣,離島,澎湖縣,74,33,41,72,2,57,26,31,60,20,100400,51711,48689
102,2013,12,臺中市,中部,臺中市,2218,1136,1082,2154,64,1329,808,521,1879,520,2701661,1339733,1361928
102,2013,12,臺北市,北部,臺北市,2332,1183,1149,2272,59,1480,871,609,1890,456,2686516,1289945,1396571
102,2013,12,臺南市,南部,臺南市,1340,685,655,1303,37,1258,767,491,1197,332,1883208,944555,938653
102,2013,12,臺東縣,東部,臺東縣,164,91,73,142,22,190,128,62,106,33,224821,116883,107938
102,2013,12,花蓮縣,東部,花蓮縣,259,133,126,227,32,275,165,110,187,74,333897,171016,162881
102,2013,12,苗栗縣,中部,苗栗縣,509,270,239,497,12,377,216,161,388,85,565554,292024,273530
102,2013,12,連江縣,離島,連江縣,11,7,4,10,1,1,0,1,6,1,12165,6923,5242
102,2013,12,金門縣,離島,金門縣,108,47,61,107,1,49,29,20,54,10,120713,60687,60026
102,2013,12,雲林縣,中部,雲林縣,465,230,235,448,17,649,399,250,417,109,707792,368457,339335
102,2013,12,高雄市,南部,高雄市,1908,996,912,1822,86,1722,1048,674,1874,532,2779877,1385895,1393982
103,2014,1,南投縣,中部,南投縣,256,139,117,237,19,441,254,187,297,80,517037,265388,251649
103,2014,1,嘉義市,南部,嘉義市,173,108,65,162,11,167,87,80,179,37,270941,132663,138278
103,2014,1,嘉義縣,南部,嘉義縣,223,127,96,214,9,474,277,197,283,75,528825,275494,253331
103,2014,1,基隆市,北部,基隆市,141,82,59,128,13,235,133,102,206,77,374799,188614,186185
103,2014,1,宜蘭縣,北部,宜蘭縣,264,132,132,253,11,353,217,136,293,75,458378,232900,225478
103,2014,1,屏東縣,南部,屏東縣,393,206,187,369,24,673,400,273,489,129,851774,436808,414966
103,2014,1,彰化縣,中部,彰化縣,897,463,434,873,24,824,498,326,846,147,1295658,663264,632394
103,2014,1,新北市,北部,新北市,2865,1487,1378,2753,111,1910,1172,738,2957,735,3955777,1950128,2005649
103,2014,1,新竹市,北部,新竹市,409,210,199,394,15,193,115,78,316,61,428834,212359,216475
103,2014,1,新竹縣,北部,新竹縣,451,233,218,435,16,322,191,131,431,76,530882,272083,258799
103,2014,1,桃園市,北部,桃園縣,1343,709,634,1282,61,1004,627,377,1523,435,2044857,1026942,1017915
103,2014,1,澎湖縣,離島,澎湖縣,65,34,31,65,0,71,45,26,44,15,100585,51843,48742
103,2014,1,臺中市,中部,臺中市,1978,1063,915,1903,75,1339,810,529,2131,409,2702920,1340199,1362721
103,2014,1,臺北市,北部,臺北市,2178,1114,1064,2121,57,1436,849,587,2078,418,2688140,1290558,1397582
103,2014,1,臺南市,南部,臺南市,1138,611,527,1102,36,1259,719,540,1309,290,1883251,944512,938739
103,2014,1,臺東縣,東部,臺東縣,136,69,67,117,19,213,133,80,123,40,224738,116809,107929
103,2014,1,花蓮縣,東部,花蓮縣,194,103,91,168,26,281,180,101,167,54,333823,170947,162876
103,2014,1,苗栗縣,中部,苗栗縣,439,220,219,426,13,407,256,151,426,73,565661,292016,273645
103,2014,1,連江縣,離島,連江縣,11,3,8,11,0,7,3,4,7,0,12195,6940,5255
103,2014,1,金門縣,離島,金門縣,136,68,68,134,2,45,22,23,60,17,121261,60930,60331
103,2014,1,雲林縣,中部,雲林縣,396,223,173,374,22,559,338,221,393,88,707389,368315,339074
103,2014,1,高雄市,南部,高雄市,1630,906,724,1552,78,1722,1039,683,1897,448,2779790,1385726,1394064
103,2014,2,南投縣,中部,南投縣,252,129,123,238,14,448,256,192,188,79,516731,265215,251516
103,2014,2,嘉義市,南部,嘉義市,157,84,73,149,8,193,111,82,97,52,271072,132749,138323
103,2014,2,嘉義縣,南部,嘉義縣,211,113,98,204,7,544,334,210,162,79,528148,275126,253022
103,2014,2,基隆市,北部,基隆市,155,74,81,144,11,261,165,96,141,67,374658,188496,186162
103,2014,2,宜蘭縣,北部,宜蘭縣,254,128,126,244,10,368,216,152,156,80,458312,232839,225473
103,2014,2,屏東縣,南部,屏東縣,425,239,186,402,23,736,436,300,343,148,851432,436623,414809
103,2014,2,彰化縣,中部,彰化縣,858,424,434,830,28,864,488,376,446,170,1295375,663081,632294
103,2014,2,新北市,北部,新北市,2752,1386,1366,2651,101,2031,1258,773,1781,696,3955842,1949785,2006057
103,2014,2,新竹市,北部,新竹市,442,228,214,432,10,250,158,92,165,57,429018,212429,216589
103,2014,2,新竹縣,北部,新竹縣,414,222,192,402,12,333,214,119,196,95,531303,272244,259059
103,2014,2,桃園市,北部,桃園縣,1283,664,619,1219,64,1126,733,393,836,351,2045309,1027061,1018248
103,2014,2,澎湖縣,離島,澎湖縣,65,32,33,62,3,88,42,46,36,20,100609,51858,48751
103,2014,2,臺中市,中部,臺中市,1893,956,937,1818,75,1476,850,626,1074,470,2704070,1340655,1363415
103,2014,2,臺北市,北部,臺北市,2144,1091,1053,2096,46,1626,972,654,1260,401,2689327,1291019,1398308
103,2014,2,臺南市,南部,臺南市,1115,587,528,1083,32,1403,791,612,819,272,1883033,944325,938708
103,2014,2,臺東縣,東部,臺東縣,130,58,72,117,13,230,155,75,106,39,224753,116743,108010
103,2014,2,花蓮縣,東部,花蓮縣,206,102,104,192,14,311,209,102,142,81,333653,170801,162852
103,2014,2,苗栗縣,中部,苗栗縣,442,222,220,429,13,472,276,196,196,90,565666,291976,273690
103,2014,2,連江縣,離島,連江縣,10,6,4,10,0,9,5,4,4,1,12228,6962,5266
103,2014,2,金門縣,離島,金門縣,90,52,38,89,1,62,34,28,44,20,121749,61161,60588
103,2014,2,雲林縣,中部,雲林縣,378,207,171,356,22,701,397,304,244,102,707188,368142,339046
103,2014,2,高雄市,南部,高雄市,1681,847,834,1621,60,1817,1148,669,1180,481,2779653,1385335,1394318
103,2014,3,南投縣,中部,南投縣,287,153,134,274,13,448,266,182,265,87,516315,264985,251330
103,2014,3,嘉義市,南部,嘉義市,158,85,73,150,8,176,106,70,132,46,271103,132703,138400
103,2014,3,嘉義縣,南部,嘉義縣,258,140,118,249,9,519,291,228,229,111,527721,274921,252800
103,2014,3,基隆市,北部,基隆市,184,107,77,171,13,295,158,137,196,80,374428,188395,186033
103,2014,3,宜蘭縣,北部,宜蘭縣,309,155,154,293,16,346,210,136,219,63,458427,232834,225593
103,2014,3,屏東縣,南部,屏東縣,461,230,231,437,24,730,429,301,446,164,851127,436452,414675
103,2014,3,彰化縣,中部,彰化縣,1021,503,518,995,26,939,577,362,642,187,1294911,662781,632130
103,2014,3,新北市,北部,新北市,3206,1636,1570,3111,95,2104,1271,833,2270,853,3955390,1949172,2006218
103,2014,3,新竹市,北部,新竹市,455,228,227,445,10,235,152,83,277,77,429212,212523,216689
103,2014,3,新竹縣,北部,新竹縣,490,253,237,474,16,394,238,156,330,126,531723,272429,259294
103,2014,3,桃園市,北部,桃園縣,1496,770,726,1411,85,1173,734,439,1144,459,2045811,1027246,1018565
103,2014,3,澎湖縣,離島,澎湖縣,83,47,36,79,4,73,45,28,56,12,100812,51982,48830
103,2014,3,臺中市,中部,臺中市,2174,1110,1064,2090,84,1468,879,589,1556,570,2705064,1341024,1364040
103,2014,3,臺北市,北部,臺北市,2366,1209,1157,2296,70,1699,975,724,1590,450,2690232,1291306,1398926
103,2014,3,臺南市,南部,臺南市,1328,690,638,1291,36,1263,731,532,1061,377,1883077,944234,938843
103,2014,3,臺東縣,東部,臺東縣,149,75,74,135,14,221,135,86,108,39,224675,116663,108012
103,2014,3,花蓮縣,東部,花蓮縣,217,115,102,190,27,306,196,110,190,86,333639,170731,162908
103,2014,3,苗栗縣,中部,苗栗縣,512,267,245,498,14,515,322,193,305,118,565693,291930,273763
103,2014,3,連江縣,離島,連江縣,12,3,9,12,0,5,3,2,4,0,12311,7015,5296
103,2014,3,金門縣,離島,金門縣,124,65,59,119,5,58,34,24,64,13,122296,61423,60873
103,2014,3,雲林縣,中部,雲林縣,443,229,214,427,16,662,377,285,344,130,706958,368006,338952
103,2014,3,高雄市,南部,高雄市,1855,983,872,1770,85,1836,1117,719,1572,557,2778669,1384641,1394028
103,2014,4,南投縣,中部,南投縣,274,149,125,258,16,394,238,156,203,106,516207,264919,251288
103,2014,4,嘉義市,南部,嘉義市,175,82,93,168,7,169,103,66,118,60,271063,132620,138443
103,2014,4,嘉義縣,南部,嘉義縣,260,136,124,253,7,511,302,209,186,92,527470,274766,252704
103,2014,4,基隆市,北部,基隆市,199,104,95,191,8,217,133,84,152,92,374269,188306,185963
103,2014,4,宜蘭縣,北部,宜蘭縣,281,144,137,263,18,298,183,115,174,98,458550,232858,225692
103,2014,4,屏東縣,南部,屏東縣,436,212,224,418,18,695,403,292,308,150,850931,436309,414622
103,2014,4,彰化縣,中部,彰化縣,1007,502,505,989,18,837,499,338,455,190,1294433,662452,631981
103,2014,4,新北市,北部,新北市,3230,1637,1593,3101,129,1977,1229,748,1719,842,3954905,1948566,2006339
103,2014,4,新竹市,北部,新竹市,461,244,217,445,16,230,121,109,182,87,429420,212627,216793
103,2014,4,新竹縣,北部,新竹縣,495,259,236,476,19,319,192,127,234,126,532474,272814,259660
103,2014,4,桃園市,北部,桃園縣,1450,772,678,1386,64,1004,656,348,920,471,2046547,1027533,1019014
103,2014,4,澎湖縣,離島,澎湖縣,79,44,35,78,1,71,48,23,41,15,100994,52057,48937
103,2014,4,臺中市,中部,臺中市,2177,1113,1064,2092,85,1362,819,543,1152,532,2706209,1341394,1364815
103,2014,4,臺北市,北部,臺北市,2428,1257,1171,2358,70,1536,911,625,1173,483,2691331,1291738,1399593
103,2014,4,臺南市,南部,臺南市,1271,651,620,1225,46,1186,676,510,769,313,1883102,944169,938933
103,2014,4,臺東縣,東部,臺東縣,138,71,67,124,14,230,137,93,90,57,224803,116693,108110
103,2014,4,花蓮縣,東部,花蓮縣,207,92,115,182,25,261,156,105,150,93,333694,170711,162983
103,2014,4,苗栗縣,中部,苗栗縣,503,260,243,488,15,440,278,162,256,115,565965,291982,273983
103,2014,4,連江縣,離島,連江縣,16,7,9,15,1,5,3,2,3,4,12342,7037,5305
103,2014,4,金門縣,離島,金門縣,118,62,56,116,2,53,31,22,43,11,122956,61757,61199
103,2014,4,雲林縣,中部,雲林縣,426,225,201,414,12,634,387,247,255,112,707151,368070,339081
103,2014,4,高雄市,南部,高雄市,1876,984,892,1813,63,1685,1022,663,1124,559,2778132,1384253,1393879
103,2014,5,南投縣,中部,南投縣,268,141,127,250,18,411,248,163,332,102,515996,264788,251208
103,2014,5,嘉義市,南部,嘉義市,153,82,71,147,6,141,80,61,189,50,270983,132533,138450
103,2014,5,嘉義縣,南部,嘉義縣,221,105,116,209,12,447,257,190,323,95,527196,274673,252523
103,2014,5,基隆市,北部,基隆市,142,68,74,133,9,241,133,108,328,87,373998,188180,185818
103,2014,5,宜蘭縣,北部,宜蘭縣,256,128,128,245,11,299,190,109,323,84,458568,232816,225752
103,2014,5,屏東縣,南部,屏東縣,352,201,151,328,24,647,402,245,535,161,850693,436155,414538
103,2014,5,彰化縣,中部,彰化縣,889,451,438,868,21,741,434,307,950,217,1293997,662196,631801
103,2014,5,新北市,北部,新北市,2878,1469,1409,2769,109,1765,1088,677,3491,837,3955995,1948623,2007372
103,2014,5,新竹市,北部,新竹市,398,194,204,389,9,198,108,90,367,84,429654,212745,216909
103,2014,5,新竹縣,北部,新竹縣,423,242,181,407,16,304,181,123,419,112,533361,273250,260111
103,2014,5,桃園市,北部,桃園縣,1356,715,641,1289,67,986,617,369,1719,500,2047834,1028137,1019697
103,2014,5,澎湖縣,離島,澎湖縣,74,35,39,74,0,79,48,31,71,16,101156,52116,49040
103,2014,5,臺中市,中部,臺中市,1897,1006,891,1824,73,1282,777,505,2284,542,2707123,1341676,1365447
103,2014,5,臺北市,北部,臺北市,2215,1165,1050,2149,66,1397,848,549,2289,501,2692138,1291858,1400280
103,2014,5,臺南市,南部,臺南市,1132,582,550,1101,31,1197,700,497,1347,325,1882865,943948,938917
103,2014,5,臺東縣,東部,臺東縣,138,74,64,127,11,167,103,64,162,49,224905,116747,108158
103,2014,5,花蓮縣,東部,花蓮縣,179,94,85,162,17,249,162,87,242,75,333668,170674,162994
103,2014,5,苗栗縣,中部,苗栗縣,459,250,209,437,22,362,224,138,428,104,566262,292091,274171
103,2014,5,連江縣,離島,連江縣,9,4,5,9,0,9,4,5,5,3,12365,7062,5303
103,2014,5,金門縣,離島,金門縣,109,54,55,107,2,59,34,25,64,20,123512,62025,61487
103,2014,5,雲林縣,中部,雲林縣,403,197,206,388,15,566,312,254,437,121,707199,368088,339111
103,2014,5,高雄市,南部,高雄市,1707,852,855,1633,74,1640,979,661,2003,556,2777415,1383711,1393704
103,2014,6,南投縣,中部,南投縣,282,140,142,272,10,368,230,138,236,94,515784,264687,251097
103,2014,6,嘉義市,南部,嘉義市,151,81,70,144,7,166,88,78,118,41,270841,132453,138388
103,2014,6,嘉義縣,南部,嘉義縣,239,125,114,227,12,471,268,203,220,89,526936,274525,252411
103,2014,6,基隆市,北部,基隆市,160,73,87,150,10,257,163,94,184,80,373786,188027,185759
103,2014,6,宜蘭縣,北部,宜蘭縣,281,147,134,269,12,274,171,103,211,79,458771,232897,225874
103,2014,6,屏東縣,南部,屏東縣,417,207,210,394,23,595,354,241,363,154,850527,436005,414522
103,2014,6,彰化縣,中部,彰化縣,898,481,417,881,17,774,451,323,578,211,1293530,661946,631584
103,2014,6,新北市,北部,新北市,3081,1596,1485,2969,112,1660,996,664,2460,822,3956728,1948833,2007895
103,2014,6,新竹市,北部,新竹市,430,219,211,420,10,199,119,80,234,75,430041,212908,217133
103,2014,6,新竹縣,北部,新竹縣,417,218,199,398,19,276,165,111,289,118,533851,273516,260335
103,2014,6,桃園市,北部,桃園縣,1393,753,640,1326,67,885,578,307,1193,492,2049009,1028597,1020412
103,2014,6,澎湖縣,離島,澎湖縣,65,29,36,64,1,67,47,20,37,14,101112,52084,49028
103,2014,6,臺中市,中部,臺中市,2028,1033,995,1956,72,1267,754,513,1446,513,2708338,1342099,1366239
103,2014,6,臺北市,北部,臺北市,2212,1122,1090,2161,51,1286,755,531,1566,443,2693672,1292391,1401281
103,2014,6,臺南市,南部,臺南市,1232,615,617,1193,39,1096,618,478,881,361,1883042,943920,939122
103,2014,6,臺東縣,東部,臺東縣,148,80,68,133,15,176,110,66,97,44,225041,116827,108214
103,2014,6,花蓮縣,東部,花蓮縣,204,124,80,188,16,263,169,94,181,81,333630,170658,162972
103,2014,6,苗栗縣,中部,苗栗縣,467,221,246,453,14,350,199,151,319,112,566446,292156,274290
103,2014,6,連江縣,離島,連江縣,17,8,9,15,2,5,3,2,4,0,12426,7103,5323
103,2014,6,金門縣,離島,金門縣,109,58,51,108,1,55,33,22,53,17,123947,62267,61680
103,2014,6,雲林縣,中部,雲林縣,449,237,212,427,22,590,352,238,322,145,707282,368099,339183
103,2014,6,高雄市,南部,高雄市,1740,935,805,1670,70,1584,977,607,1353,513,2777296,1383480,1393816
103,2014,7,南投縣,中部,南投縣,291,142,149,270,21,409,246,163,182,103,515564,264562,251002
103,2014,7,嘉義市,南部,嘉義市,180,96,84,174,6,159,83,76,100,52,270818,132427,138391
103,2014,7,嘉義縣,南部,嘉義縣,242,126,116,230,12,498,303,195,144,98,526735,274374,252361
103,2014,7,基隆市,北部,基隆市,176,93,83,167,9,260,146,114,178,102,373702,187941,185761
103,2014,7,宜蘭縣,北部,宜蘭縣,290,158,132,277,13,325,202,123,186,82,458786,232833,225953
103,2014,7,屏東縣,南部,屏東縣,470,225,245,435,35,722,436,286,328,191,850166,435783,414383
103,2014,7,彰化縣,中部,彰化縣,1028,552,476,999,29,893,519,374,485,192,1293129,661734,631395
103,2014,7,新北市,北部,新北市,3259,1681,1578,3138,121,1795,1084,711,1899,879,3957965,1949110,2008855
103,2014,7,新竹市,北部,新竹市,469,242,227,456,13,223,128,95,207,94,430295,213046,217249
103,2014,7,新竹縣,北部,新竹縣,490,249,241,481,9,287,171,116,201,110,534493,273816,260677
103,2014,7,桃園市,北部,桃園縣,1487,781,706,1410,77,1041,652,389,914,478,2050600,1029302,1021298
103,2014,7,澎湖縣,離島,澎湖縣,88,45,43,86,2,100,61,39,32,16,101176,52077,49099
103,2014,7,臺中市,中部,臺中市,2186,1210,976,2123,63,1388,843,545,1224,579,2709764,1342757,1367007
103,2014,7,臺北市,北部,臺北市,2393,1237,1156,2338,55,1392,804,588,1353,472,2695027,1292989,1402038
103,2014,7,臺南市,南部,臺南市,1257,661,596,1224,33,1316,791,525,707,368,1882946,943722,939224
103,2014,7,臺東縣,東部,臺東縣,154,82,72,126,28,193,125,68,78,50,225170,116851,108319
103,2014,7,花蓮縣,東部,花蓮縣,226,115,111,206,20,287,194,93,164,83,333707,170628,163079
103,2014,7,苗栗縣,中部,苗栗縣,469,230,239,453,16,383,224,159,248,128,566704,292200,274504
103,2014,7,連江縣,離島,連江縣,16,9,7,16,0,6,4,2,2,0,12461,7129,5332
103,2014,7,金門縣,離島,金門縣,116,68,48,113,3,55,31,24,46,22,124616,62562,62054
103,2014,7,雲林縣,中部,雲林縣,461,229,232,436,25,645,379,266,218,121,707199,367999,339200
103,2014,7,高雄市,南部,高雄市,1910,967,943,1830,80,1713,1056,657,1079,603,2777240,1383208,1394032
103,2014,8,南投縣,中部,南投縣,283,149,134,271,12,342,212,130,115,95,515345,264414,250931
103,2014,8,嘉義市,南部,嘉義市,175,90,85,167,8,138,74,64,54,64,270885,132450,138435
103,2014,8,嘉義縣,南部,嘉義縣,245,128,117,233,12,387,228,159,84,102,526469,274179,252290
103,2014,8,基隆市,北部,基隆市,180,85,95,176,4,197,116,81,100,78,373721,187968,185753
103,2014,8,宜蘭縣,北部,宜蘭縣,291,158,133,276,15,279,161,118,88,87,458877,232883,225994
103,2014,8,屏東縣,南部,屏東縣,398,205,193,377,21,626,381,245,156,152,849794,435540,414254
103,2014,8,彰化縣,中部,彰化縣,920,475,445,895,25,724,420,304,252,188,1292599,661389,631210
103,2014,8,新北市,北部,新北市,2990,1542,1448,2874,116,1704,1067,637,1151,844,3959855,1949664,2010191
103,2014,8,新竹市,北部,新竹市,447,218,229,442,5,186,124,62,108,90,430644,213247,217397
103,2014,8,新竹縣,北部,新竹縣,467,266,201,454,13,261,153,108,155,114,535307,274213,261094
103,2014,8,桃園市,北部,桃園縣,1349,720,629,1289,60,877,552,325,601,431,2052529,1030189,1022340
103,2014,8,澎湖縣,離島,澎湖縣,71,41,30,70,1,79,44,35,16,21,101110,52042,49068
103,2014,8,臺中市,中部,臺中市,2066,1067,999,1981,85,1215,752,463,617,547,2711252,1343404,1367848
103,2014,8,臺北市,北部,臺北市,2314,1190,1124,2252,61,1322,796,526,849,480,2695007,1292896,1402111
103,2014,8,臺南市,南部,臺南市,1280,664,616,1239,41,1037,571,466,387,317,1883451,944002,939449
103,2014,8,臺東縣,東部,臺東縣,133,75,58,121,12,194,115,79,70,60,225061,116784,108277
103,2014,8,花蓮縣,東部,花蓮縣,235,117,118,210,25,242,155,87,85,102,333733,170614,163119
103,2014,8,苗栗縣,中部,苗栗縣,461,242,219,449,12,386,234,152,119,103,566818,292207,274611
103,2014,8,連江縣,離島,連江縣,15,8,7,15,0,2,2,0,3,3,12438,7107,5331
103,2014,8,金門縣,離島,金門縣,120,58,62,116,4,54,34,20,30,20,125089,62757,62332
103,2014,8,雲林縣,中部,雲林縣,413,215,198,394,19,527,312,215,141,116,706941,367813,339128
103,2014,8,高雄市,南部,高雄市,1713,861,852,1644,69,1618,1040,578,638,508,2777318,1382884,1394434
103,2014,9,南投縣,中部,南投縣,309,162,147,288,21,375,216,159,242,97,515081,264298,250783
103,2014,9,嘉義市,南部,嘉義市,182,91,91,175,7,149,81,68,139,54,270826,132414,138412
103,2014,9,嘉義縣,南部,嘉義縣,250,129,121,240,10,442,272,170,233,80,526028,273958,252070
103,2014,9,基隆市,北部,基隆市,177,83,94,165,12,246,148,98,207,96,373597,187900,185697
103,2014,9,宜蘭縣,北部,宜蘭縣,336,154,182,317,19,324,180,144,224,85,458784,232801,225983
103,2014,9,屏東縣,南部,屏東縣,493,258,235,459,34,654,401,253,364,158,849326,435288,414038
103,2014,9,彰化縣,中部,彰化縣,1116,603,513,1076,40,823,509,314,652,198,1292126,661074,631052
103,2014,9,新北市,北部,新北市,3400,1780,1620,3287,113,1774,1074,700,2632,905,3961374,1950031,2011343
103,2014,9,新竹市,北部,新竹市,485,257,228,472,13,209,128,81,256,82,431029,213443,217586
103,2014,9,新竹縣,北部,新竹縣,543,267,276,524,19,294,167,127,346,113,536111,274614,261497
103,2014,9,桃園市,北部,桃園縣,1507,772,735,1421,86,965,601,364,1324,477,2054260,1030878,1023382
103,2014,9,澎湖縣,離島,澎湖縣,80,41,39,80,0,84,59,25,58,20,101482,52239,49243
103,2014,9,臺中市,中部,臺中市,2323,1174,1149,2248,74,1301,789,512,1665,556,2712948,1344077,1368871
103,2014,9,臺北市,北部,臺北市,2516,1300,1216,2464,52,1347,773,574,1853,504,2695649,1293032,1402617
103,2014,9,臺南市,南部,臺南市,1390,690,700,1353,37,1210,735,475,1061,333,1883493,943896,939597
103,2014,9,臺東縣,東部,臺東縣,160,75,85,146,14,208,120,88,99,58,224931,116730,108201
103,2014,9,花蓮縣,東部,花蓮縣,225,118,107,200,25,299,193,106,167,105,333531,170468,163063
103,2014,9,苗栗縣,中部,苗栗縣,519,253,266,503,16,394,233,161,348,124,566918,292239,274679
103,2014,9,連江縣,離島,連江縣,17,8,9,16,1,2,2,0,12,0,12481,7135,5346
103,2014,9,金門縣,離島,金門縣,129,72,57,128,1,45,26,19,78,19,126156,63297,62859
103,2014,9,雲林縣,中部,雲林縣,496,271,225,476,20,560,325,235,310,139,706688,367643,339045
103,2014,9,高雄市,南部,高雄市,1971,1059,912,1881,90,1716,1015,701,1567,563,2777461,1382862,1394599
103,2014,10,南投縣,中部,南投縣,350,168,182,333,17,393,237,156,269,90,514894,264155,250739
103,2014,10,嘉義市,南部,嘉義市,204,106,98,197,7,159,80,79,122,51,270779,132404,138375
103,2014,10,嘉義縣,南部,嘉義縣,287,153,134,274,13,427,255,172,247,80,525775,273806,251969
103,2014,10,基隆市,北部,基隆市,181,90,91,170,11,209,128,81,189,81,373463,187816,185647
103,2014,10,宜蘭縣,北部,宜蘭縣,327,166,161,315,12,301,176,125,202,76,458799,232787,226012
103,2014,10,屏東縣,南部,屏東縣,524,274,250,506,18,660,391,269,399,145,849113,435159,413954
103,2014,10,彰化縣,中部,彰化縣,1190,627,563,1157,33,839,479,360,625,186,1292098,661046,631052
103,2014,10,新北市,北部,新北市,3679,1872,1807,3554,125,1756,1003,753,2351,852,3962920,1950515,2012405
103,2014,10,新竹市,北部,新竹市,451,229,222,445,6,205,119,86,268,81,431336,213594,217742
103,2014,10,新竹縣,北部,新竹縣,500,264,236,488,12,263,165,98,285,116,536539,274772,261767
103,2014,10,桃園市,北部,桃園縣,1625,865,760,1549,76,929,585,344,1139,462,2055259,1031368,1023891
103,2014,10,澎湖縣,離島,澎湖縣,93,45,48,93,0,75,43,32,38,19,101548,52286,49262
103,2014,10,臺中市,中部,臺中市,2564,1309,1255,2480,84,1294,784,510,1666,536,2714642,1344785,1369857
103,2014,10,臺北市,北部,臺北市,2744,1428,1316,2666,78,1392,826,566,1617,498,2697644,1293884,1403760
103,2014,10,臺南市,南部,臺南市,1423,722,701,1373,50,1187,690,497,947,335,1883562,943887,939675
103,2014,10,臺東縣,東部,臺東縣,155,95,60,139,16,219,136,83,100,41,224807,116663,108144
103,2014,10,花蓮縣,東部,花蓮縣,250,128,122,224,26,290,181,109,228,72,333413,170393,163020
103,2014,10,苗栗縣,中部,苗栗縣,604,309,295,586,18,384,227,157,301,114,567044,292260,274784
103,2014,10,連江縣,離島,連江縣,15,7,8,14,1,4,4,0,4,2,12512,7146,5366
103,2014,10,金門縣,離島,金門縣,146,66,80,143,3,44,27,17,59,20,126562,63489,63073
103,2014,10,雲林縣,中部,雲林縣,541,282,259,519,22,569,331,238,326,115,706634,367634,339000
103,2014,10,高雄市,南部,高雄市,2174,1089,1085,2090,84,1637,1000,637,1446,596,2777773,1382805,1394968
103,2014,11,南投縣,中部,南投縣,338,195,143,318,20,310,166,144,201,74,514836,264169,250667
103,2014,11,嘉義市,南部,嘉義市,198,107,91,192,6,149,95,54,100,46,270858,132433,138425
103,2014,11,嘉義縣,南部,嘉義縣,239,127,112,227,12,390,229,161,190,75,525579,273682,251897
103,2014,11,基隆市,北部,基隆市,166,80,86,158,8,209,120,89,152,50,373340,187757,185583
103,2014,11,宜蘭縣,北部,宜蘭縣,287,161,126,278,9,265,165,100,172,73,458880,232812,226068
103,2014,11,屏東縣,南部,屏東縣,462,237,225,439,23,628,386,242,321,142,848804,434958,413846
103,2014,11,彰化縣,中部,彰化縣,1084,578,506,1066,18,685,413,272,569,176,1292226,661134,631092
103,2014,11,新北市,北部,新北市,3274,1727,1547,3148,126,1533,940,593,1972,693,3963970,1950837,2013133
103,2014,11,新竹市,北部,新竹市,473,233,240,467,6,184,114,70,193,58,431601,213683,217918
103,2014,11,新竹縣,北部,新竹縣,493,250,243,475,18,266,172,94,249,79,536954,274922,262032
103,2014,11,桃園市,北部,桃園縣,1436,703,733,1377,59,797,509,288,976,415,2056273,1031770,1024503
103,2014,11,澎湖縣,離島,澎湖縣,93,52,41,92,1,63,37,26,33,13,101636,52327,49309
103,2014,11,臺中市,中部,臺中市,2261,1180,1081,2199,62,1112,702,410,1286,468,2716497,1345534,1370963
103,2014,11,臺北市,北部,臺北市,2557,1284,1273,2474,83,1196,712,484,1369,391,2700091,1294867,1405224
103,2014,11,臺南市,南部,臺南市,1318,696,622,1284,34,974,595,379,792,317,1883844,943962,939882
103,2014,11,臺東縣,東部,臺東縣,148,80,68,129,19,211,140,71,105,37,224719,116570,108149
103,2014,11,花蓮縣,東部,花蓮縣,227,120,107,206,21,224,134,90,148,56,333484,170419,163065
103,2014,11,苗栗縣,中部,苗栗縣,531,275,256,511,20,309,183,126,233,106,567202,292308,274894
103,2014,11,連江縣,離島,連江縣,23,12,11,23,0,3,2,1,5,1,12528,7162,5366
103,2014,11,金門縣,離島,金門縣,140,78,62,140,0,46,27,19,50,13,126964,63681,63283
103,2014,11,雲林縣,中部,雲林縣,430,214,216,416,14,458,262,196,258,92,706174,367337,338837
103,2014,11,高雄市,南部,高雄市,1931,1027,904,1841,90,1450,905,545,1206,482,2778155,1382820,1395335
103,2014,12,南投縣,中部,南投縣,369,185,184,349,20,407,254,153,307,129,514315,263899,250416
103,2014,12,嘉義市,南部,嘉義市,226,119,107,215,11,154,96,58,185,63,270883,132413,138470
103,2014,12,嘉義縣,南部,嘉義縣,290,146,144,276,14,481,284,197,294,85,524783,273324,251459
103,2014,12,基隆市,北部,基隆市,201,112,89,193,8,240,140,100,253,80,373077,187605,185472
103,2014,12,宜蘭縣,北部,宜蘭縣,351,195,156,336,15,343,191,152,291,88,458777,232814,225963
103,2014,12,屏東縣,南部,屏東縣,542,300,242,513,29,733,446,287,482,171,847917,434587,413330
103,2014,12,彰化縣,中部,彰化縣,1125,565,560,1096,29,821,482,339,798,178,1291474,660741,630733
103,2014,12,新北市,北部,新北市,3990,2106,1884,3853,137,1926,1236,690,3130,893,3966818,1951739,2015079
103,2014,12,新竹市,北部,新竹市,583,273,310,567,16,229,135,94,361,77,431988,213836,218152
103,2014,12,新竹縣,北部,新竹縣,572,283,289,555,17,320,201,119,365,127,537630,275244,262386
103,2014,12,桃園市,北部,桃園市,1635,884,751,1549,86,1067,679,388,1550,467,2058328,1032625,1025703
103,2014,12,澎湖縣,離島,澎湖縣,87,48,39,84,3,61,38,23,60,12,101758,52392,49366
103,2014,12,臺中市,中部,臺中市,2647,1336,1311,2564,82,1464,869,595,2067,573,2719835,1347010,1372825
103,2014,12,臺北市,北部,臺北市,2957,1443,1514,2889,68,1548,910,638,2142,487,2702315,1295636,1406679
103,2014,12,臺南市,南部,臺南市,1542,789,753,1502,40,1262,737,525,1311,316,1884284,944069,940215
103,2014,12,臺東縣,東部,臺東縣,150,63,87,141,9,239,157,82,109,55,224470,116396,108074
103,2014,12,花蓮縣,東部,花蓮縣,269,140,129,241,28,309,195,114,198,86,333392,170324,163068
103,2014,12,苗栗縣,中部,苗栗縣,613,310,303,596,17,432,243,189,406,120,567132,292237,274895
103,2014,12,連江縣,離島,連江縣,12,5,7,12,0,6,4,2,9,3,12506,7153,5353
103,2014,12,金門縣,離島,金門縣,158,88,70,154,4,59,35,24,84,20,127723,64034,63689
103,2014,12,雲林縣,中部,雲林縣,502,242,260,492,10,644,374,270,414,116,705356,366895,338461
103,2014,12,高雄市,南部,高雄市,2332,1254,1078,2236,96,1864,1165,699,2001,526,2778992,1382998,1395994
104,2015,1,南投縣,中部,南投縣,319,168,151,305,14,403,259,144,326,83,513970,263701,250269
104,2015,1,嘉義市,南部,嘉義市,209,97,112,202,7,198,126,72,147,48,270925,132404,138521
104,2015,1,嘉義縣,南部,嘉義縣,255,126,129,244,11,489,273,216,300,75,524276,273069,251207
104,2015,1,基隆市,北部,基隆市,180,98,82,162,18,232,132,100,240,70,373011,187549,185462
104,2015,1,宜蘭縣,北部,宜蘭縣,291,144,147,281,10,327,193,134,286,71,458691,232774,225917
104,2015,1,屏東縣,南部,屏東縣,433,231,202,405,28,708,438,270,501,165,847155,434180,412975
104,2015,1,彰化縣,中部,彰化縣,1096,611,485,1059,37,862,510,352,917,175,1291312,660645,630667
104,2015,1,新北市,北部,新北市,3202,1633,1569,3087,115,1976,1196,780,2860,741,3967571,1951873,2015698
104,2015,1,新竹市,北部,新竹市,431,234,197,422,9,219,141,78,294,74,432259,213933,218326
104,2015,1,新竹縣,北部,新竹縣,503,260,243,488,15,319,203,116,326,106,537907,275402,262505
104,2015,1,桃園市,北部,桃園市,1571,828,743,1503,68,1036,649,387,1487,439,2061501,1033911,1027590
104,2015,1,澎湖縣,離島,澎湖縣,77,49,28,75,2,76,41,35,58,18,101803,52429,49374
104,2015,1,臺中市,中部,臺中市,2301,1186,1115,2212,89,1362,806,556,2132,457,2721709,1347756,1373953
104,2015,1,臺北市,北部,臺北市,2546,1359,1187,2482,64,1454,842,612,1847,421,2704133,1296292,1407841
104,2015,1,臺南市,南部,臺南市,1331,712,619,1288,43,1271,732,539,1287,279,1884641,944175,940466
104,2015,1,臺東縣,東部,臺東縣,146,73,73,133,13,215,133,82,124,36,224218,116254,107964
104,2015,1,花蓮縣,東部,花蓮縣,227,123,104,202,25,318,200,118,186,41,333240,170234,163006
104,2015,1,苗栗縣,中部,苗栗縣,596,307,289,583,13,456,285,171,451,85,567092,292182,274910
104,2015,1,連江縣,離島,連江縣,25,9,16,25,0,7,5,2,5,2,12538,7171,5367
104,2015,1,金門縣,離島,金門縣,116,60,56,114,2,64,30,34,73,14,128187,64275,63912
104,2015,1,雲林縣,中部,雲林縣,458,236,222,438,20,593,355,238,475,97,704784,366590,338194
104,2015,1,高雄市,南部,高雄市,1879,983,896,1814,65,1725,1035,690,1824,503,2779355,1383118,1396237
104,2015,2,南投縣,中部,南投縣,255,137,118,243,12,349,204,145,205,69,513696,263558,250138
104,2015,2,嘉義市,南部,嘉義市,128,64,64,124,4,128,77,51,103,39,270875,132354,138521
104,2015,2,嘉義縣,南部,嘉義縣,214,113,101,203,11,415,247,168,194,60,523835,272846,250989
104,2015,2,基隆市,北部,基隆市,162,92,70,155,7,205,123,82,159,50,372956,187501,185455
104,2015,2,宜蘭縣,北部,宜蘭縣,240,125,115,233,7,305,160,145,195,50,458490,232700,225790
104,2015,2,屏東縣,南部,屏東縣,373,190,183,354,19,588,346,242,350,97,846650,433937,412713
104,2015,2,彰化縣,中部,彰化縣,918,465,453,890,28,786,471,315,574,134,1291053,660395,630658
104,2015,2,新北市,北部,新北市,2563,1268,1295,2468,95,1644,1011,633,1923,538,3967419,1951626,2015793
104,2015,2,新竹市,北部,新竹市,338,178,160,329,9,175,106,69,204,62,432366,214017,218349
104,2015,2,新竹縣,北部,新竹縣,406,202,204,395,11,270,167,103,260,78,537978,275462,262516
104,2015,2,桃園市,北部,桃園市,1459,756,703,1392,67,817,513,304,1015,317,2065966,1035775,1030191
104,2015,2,澎湖縣,離島,澎湖縣,73,41,32,71,2,59,36,23,42,8,101850,52462,49388
104,2015,2,臺中市,中部,臺中市,1924,969,955,1865,59,1190,736,454,1358,384,2723479,1348443,1375036
104,2015,2,臺北市,北部,臺北市,2062,1095,967,2018,44,1278,766,512,1345,376,2705113,1296676,1408437
104,2015,2,臺南市,南部,臺南市,1085,585,500,1056,29,998,596,402,832,244,1884863,944179,940684
104,2015,2,臺東縣,東部,臺東縣,105,45,60,100,5,174,102,72,74,34,224092,116186,107906
104,2015,2,花蓮縣,東部,花蓮縣,170,87,83,158,12,223,149,74,145,62,333070,170124,162946
104,2015,2,苗栗縣,中部,苗栗縣,426,236,190,415,11,370,222,148,253,70,567004,292164,274840
104,2015,2,連江縣,離島,連江縣,12,5,7,12,0,3,3,0,7,2,12534,7163,5371
104,2015,2,金門縣,離島,金門縣,100,54,46,97,3,55,34,21,64,8,128477,64409,64068
104,2015,2,雲林縣,中部,雲林縣,359,186,173,344,15,557,318,239,264,90,704241,366287,337954
104,2015,2,高雄市,南部,高雄市,1561,786,775,1489,72,1533,925,608,1246,383,2779527,1383011,1396516
104,2015,3,南投縣,中部,南投縣,294,135,159,274,20,469,287,182,235,90,513092,263215,249877
104,2015,3,嘉義市,南部,嘉義市,204,108,96,195,9,208,129,79,163,55,270867,132320,138547
104,2015,3,嘉義縣,南部,嘉義縣,301,175,126,289,12,558,339,219,247,100,523162,272478,250684
104,2015,3,基隆市,北部,基隆市,237,117,120,227,10,289,174,115,182,86,372969,187496,185473
104,2015,3,宜蘭縣,北部,宜蘭縣,315,175,140,307,8,335,200,135,239,98,458370,232647,225723
104,2015,3,屏東縣,南部,屏東縣,507,274,233,474,33,789,461,328,454,196,845779,433494,412285
104,2015,3,彰化縣,中部,彰化縣,1105,587,518,1078,27,965,560,405,705,236,1290495,660038,630457
104,2015,3,新北市,北部,新北市,3429,1747,1682,3307,121,2250,1358,892,2323,863,3965649,1950623,2015026
104,2015,3,新竹市,北部,新竹市,467,254,213,462,5,271,169,102,235,77,432456,214029,218427
104,2015,3,新竹縣,北部,新竹縣,482,236,246,461,21,372,227,145,284,110,538071,275524,262547
104,2015,3,桃園市,北部,桃園市,1870,997,873,1780,90,1170,713,457,1260,539,2072736,1038857,1033879
104,2015,3,澎湖縣,離島,澎湖縣,81,33,48,77,4,88,53,35,71,21,101856,52452,49404
104,2015,3,臺中市,中部,臺中市,2343,1224,1119,2254,89,1556,921,635,1543,582,2725497,1349271,1376226
104,2015,3,臺北市,北部,臺北市,2702,1383,1319,2632,70,1745,977,768,1556,489,2705958,1297022,1408936
104,2015,3,臺南市,南部,臺南市,1487,799,688,1440,47,1318,777,541,1165,353,1885106,944216,940890
104,2015,3,臺東縣,東部,臺東縣,146,66,80,129,17,229,138,91,100,60,223831,116071,107760
104,2015,3,花蓮縣,東部,花蓮縣,236,125,111,211,25,310,199,111,176,99,332837,169974,162863
104,2015,3,苗栗縣,中部,苗栗縣,566,282,284,546,20,475,277,198,267,120,566585,291916,274669
104,2015,3,連江縣,離島,連江縣,16,10,6,16,0,7,5,2,4,2,12504,7136,5368
104,2015,3,金門縣,離島,金門縣,125,65,60,122,3,81,44,37,55,24,128924,64625,64299
104,2015,3,雲林縣,中部,雲林縣,459,232,227,449,10,639,392,247,340,141,703407,365843,337564
104,2015,3,高雄市,南部,高雄市,2012,1017,995,1924,88,1968,1225,743,1791,575,2779136,1382597,1396539
104,2015,4,南投縣,中部,南投縣,262,137,125,252,10,419,250,169,183,95,512460,262898,249562
104,2015,4,嘉義市,南部,嘉義市,181,90,91,171,10,167,96,71,102,48,271009,132366,138643
104,2015,4,嘉義縣,南部,嘉義縣,219,120,99,207,12,440,255,185,185,105,522587,272177,250410
104,2015,4,基隆市,北部,基隆市,194,104,90,181,13,272,157,115,146,89,372985,187461,185524
104,2015,4,宜蘭縣,北部,宜蘭縣,263,130,133,251,12,337,198,139,196,67,458273,232544,225729
104,2015,4,屏東縣,南部,屏東縣,402,211,191,378,24,702,420,282,333,170,845079,433156,411923
104,2015,4,彰化縣,中部,彰化縣,958,517,441,933,25,840,510,330,475,199,1289792,659613,630179
104,2015,4,新北市,北部,新北市,2820,1518,1302,2730,90,1972,1236,736,1664,812,3964888,1950106,2014782
104,2015,4,新竹市,北部,新竹市,397,217,180,380,17,212,126,86,186,92,432559,214112,218447
104,2015,4,新竹縣,北部,新竹縣,403,200,203,387,16,330,210,120,225,116,538153,275522,262631
104,2015,4,桃園市,北部,桃園市,1938,948,990,1840,98,1010,661,349,991,436,2077929,1041031,1036898
104,2015,4,澎湖縣,離島,澎湖縣,76,40,36,76,0,92,57,35,48,23,101842,52447,49395
104,2015,4,臺中市,中部,臺中市,2006,1026,980,1937,69,1356,825,531,1250,511,2727460,1350049,1377411
104,2015,4,臺北市,北部,臺北市,2245,1154,1091,2183,62,1514,896,618,1187,453,2705949,1296967,1408982
104,2015,4,臺南市,南部,臺南市,1232,633,599,1185,47,1113,669,444,707,317,1885287,944224,941063
104,2015,4,臺東縣,東部,臺東縣,99,48,51,84,15,238,152,86,97,48,223559,115901,107658
104,2015,4,花蓮縣,東部,花蓮縣,202,101,101,174,28,264,175,89,163,95,332674,169883,162791
104,2015,4,苗栗縣,中部,苗栗縣,496,250,246,486,10,419,245,174,248,124,566199,291714,274485
104,2015,4,連江縣,離島,連江縣,12,4,8,12,0,2,2,0,7,1,12485,7129,5356
104,2015,4,金門縣,離島,金門縣,112,57,55,109,3,55,34,21,49,14,129423,64889,64534
104,2015,4,雲林縣,中部,雲林縣,366,183,183,352,14,590,350,240,256,110,702881,365587,337294
104,2015,4,高雄市,南部,高雄市,1703,914,789,1640,62,1658,966,692,1065,509,2778914,1382344,1396570
104,2015,5,南投縣,中部,南投縣,243,136,107,231,12,408,261,147,314,89,511940,262655,249285
104,2015,5,嘉義市,南部,嘉義市,192,94,98,190,2,169,94,75,212,50,270958,132288,138670
104,2015,5,嘉義縣,南部,嘉義縣,219,111,108,208,11,428,263,165,333,94,522065,271907,250158
104,2015,5,基隆市,北部,基隆市,182,102,80,174,8,244,136,108,286,85,372791,187332,185459
104,2015,5,宜蘭縣,北部,宜蘭縣,254,137,117,246,8,306,184,122,326,78,458250,232505,225745
104,2015,5,屏東縣,南部,屏東縣,393,182,211,362,31,599,348,251,507,169,844445,432823,411622
104,2015,5,彰化縣,中部,彰化縣,1074,570,504,1053,21,789,433,356,982,231,1289506,659401,630105
104,2015,5,新北市,北部,新北市,2872,1534,1338,2762,110,1799,1147,652,3419,790,3965926,1950360,2015566
104,2015,5,新竹市,北部,新竹市,368,186,182,357,11,191,117,74,353,81,432692,214138,218554
104,2015,5,新竹縣,北部,新竹縣,424,247,177,410,14,255,163,92,402,113,538712,275858,262854
104,2015,5,桃園市,北部,桃園市,1729,889,840,1654,75,952,615,337,1840,455,2082165,1042873,1039292
104,2015,5,澎湖縣,離島,澎湖縣,68,40,28,65,3,71,43,28,71,24,101838,52474,49364
104,2015,5,臺中市,中部,臺中市,1943,1040,903,1881,62,1228,743,485,2276,519,2729291,1350841,1378450
104,2015,5,臺北市,北部,臺北市,2271,1179,1092,2228,43,1310,758,552,2292,451,2705921,1296713,1409208
104,2015,5,臺南市,南部,臺南市,1173,588,585,1137,36,1074,622,452,1359,327,1885240,944081,941159
104,2015,5,臺東縣,東部,臺東縣,110,51,59,95,15,181,123,58,148,53,223326,115775,107551
104,2015,5,花蓮縣,東部,花蓮縣,194,103,91,169,25,257,170,87,252,88,332472,169761,162711
104,2015,5,苗栗縣,中部,苗栗縣,412,199,213,398,14,383,227,156,443,113,565795,291509,274286
104,2015,5,連江縣,離島,連江縣,7,4,3,7,0,3,1,2,8,2,12476,7113,5363
104,2015,5,金門縣,離島,金門縣,110,60,50,108,2,63,39,24,82,24,129639,65003,64636
104,2015,5,雲林縣,中部,雲林縣,374,206,168,361,13,523,312,211,418,117,702304,365288,337016
104,2015,5,高雄市,南部,高雄市,1659,857,802,1603,56,1569,935,634,2056,498,2778793,1382192,1396601
104,2015,6,南投縣,中部,南投縣,298,150,148,284,14,389,221,168,205,102,511518,262429,249089
104,2015,6,嘉義市,南部,嘉義市,175,104,71,166,9,182,95,87,92,48,270896,132270,138626
104,2015,6,嘉義縣,南部,嘉義縣,225,115,110,217,8,493,280,213,189,102,521591,271681,249910
104,2015,6,基隆市,北部,基隆市,195,115,80,186,9,232,124,108,180,66,372787,187317,185470
104,2015,6,宜蘭縣,北部,宜蘭縣,264,137,127,253,11,259,167,92,175,89,458313,232497,225816
104,2015,6,屏東縣,南部,屏東縣,428,224,204,400,28,716,429,287,327,179,843981,432531,411450
104,2015,6,彰化縣,中部,彰化縣,1092,590,502,1058,34,852,524,328,550,230,1289274,659194,630080
104,2015,6,新北市,北部,新北市,2862,1489,1373,2760,101,1815,1072,743,2001,857,3966052,1950254,2015798
104,2015,6,新竹市,北部,新竹市,428,216,212,419,9,220,135,85,208,110,432860,214222,218638
104,2015,6,新竹縣,北部,新竹縣,461,238,223,448,13,300,172,128,246,133,539173,276045,263128
104,2015,6,桃園市,北部,桃園市,1828,948,880,1757,71,946,600,346,1170,471,2086081,1044593,1041488
104,2015,6,澎湖縣,離島,澎湖縣,56,33,23,54,2,72,38,34,25,19,101753,52464,49289
104,2015,6,臺中市,中部,臺中市,2104,1139,965,2028,76,1323,787,536,1248,618,2731500,1351793,1379707
104,2015,6,臺北市,北部,臺北市,2296,1158,1138,2230,66,1377,792,585,1301,479,2706030,1296639,1409391
104,2015,6,臺南市,南部,臺南市,1254,649,605,1216,38,1206,696,510,761,334,1885376,944116,941260
104,2015,6,臺東縣,東部,臺東縣,124,60,64,113,11,220,148,72,91,41,223189,115668,107521
104,2015,6,花蓮縣,東部,花蓮縣,207,104,103,181,26,267,170,97,137,66,332424,169695,162729
104,2015,6,苗栗縣,中部,苗栗縣,573,277,296,550,23,403,232,171,281,105,565704,291471,274233
104,2015,6,連江縣,離島,連江縣,14,8,6,14,0,3,0,3,3,3,12496,7136,5360
104,2015,6,金門縣,離島,金門縣,113,52,61,110,3,67,40,27,41,18,129831,65071,64760
104,2015,6,雲林縣,中部,雲林縣,373,195,178,357,16,559,318,241,247,125,701898,365048,336850
104,2015,6,高雄市,南部,高雄市,1833,933,900,1767,66,1811,1087,724,1236,537,2778835,1381933,1396902
104,2015,7,南投縣,中部,南投縣,297,140,157,284,13,403,249,154,216,92,511060,262181,248879
104,2015,7,嘉義市,南部,嘉義市,181,93,88,176,5,176,104,72,114,61,270732,132188,138544
104,2015,7,嘉義縣,南部,嘉義縣,219,128,91,211,8,458,279,179,211,89,521186,271480,249706
104,2015,7,基隆市,北部,基隆市,214,120,94,199,15,270,166,104,190,92,372620,187230,185390
104,2015,7,宜蘭縣,北部,宜蘭縣,293,140,153,279,14,319,186,133,209,86,458299,232479,225820
104,2015,7,屏東縣,南部,屏東縣,435,220,215,411,23,682,422,260,341,159,843522,432233,411289
104,2015,7,彰化縣,中部,彰化縣,1105,559,546,1075,30,921,539,382,559,234,1288930,658895,630035
104,2015,7,新北市,北部,新北市,3070,1591,1479,2943,126,1959,1173,786,2098,936,3966071,1950070,2016001
104,2015,7,新竹市,北部,新竹市,403,207,196,391,12,215,120,95,208,109,432966,214282,218684
104,2015,7,新竹縣,北部,新竹縣,452,244,208,434,18,281,175,106,292,117,539620,276302,263318
104,2015,7,桃園市,北部,桃園市,1858,978,880,1788,70,1030,668,362,1219,546,2089553,1046019,1043534
104,2015,7,澎湖縣,離島,澎湖縣,80,42,38,75,5,95,55,40,48,26,101777,52455,49322
104,2015,7,臺中市,中部,臺中市,2136,1124,1012,2054,82,1478,893,585,1478,608,2733761,1352687,1381074
104,2015,7,臺北市,北部,臺北市,2319,1214,1105,2267,51,1521,867,654,1483,525,2703444,1295296,1408148
104,2015,7,臺南市,南部,臺南市,1299,654,645,1260,39,1227,703,524,794,359,1885077,943900,941177
104,2015,7,臺東縣,東部,臺東縣,126,79,47,108,18,212,141,71,113,54,223025,115554,107471
104,2015,7,花蓮縣,東部,花蓮縣,228,122,106,210,18,306,193,113,157,76,332242,169594,162648
104,2015,7,苗栗縣,中部,苗栗縣,419,217,202,394,25,376,222,154,303,132,565300,291251,274049
104,2015,7,連江縣,離島,連江縣,12,6,6,12,0,2,1,1,3,2,12506,7136,5370
104,2015,7,金門縣,離島,金門縣,124,73,51,123,1,68,36,32,48,13,130461,65385,65076
104,2015,7,雲林縣,中部,雲林縣,444,233,211,426,18,651,383,268,272,143,701280,364728,336552
104,2015,7,高雄市,南部,高雄市,1816,961,855,1742,74,1825,1084,741,1196,626,2778276,1381604,1396672
104,2015,8,南投縣,中部,南投縣,289,154,135,275,14,392,225,167,126,102,510632,261982,248650
104,2015,8,嘉義市,南部,嘉義市,185,94,91,174,11,164,93,71,65,55,270656,132163,138493
104,2015,8,嘉義縣,南部,嘉義縣,247,123,124,234,13,429,266,163,128,95,520910,271271,249639
104,2015,8,基隆市,北部,基隆市,184,98,86,174,10,191,111,80,109,80,372604,187205,185399
104,2015,8,宜蘭縣,北部,宜蘭縣,295,146,149,281,14,265,169,96,149,71,458375,232495,225880
104,2015,8,屏東縣,南部,屏東縣,434,238,196,399,35,678,416,262,245,154,842976,431936,411040
104,2015,8,彰化縣,中部,彰化縣,1057,558,499,1027,30,802,478,324,351,182,1288529,658616,629913
104,2015,8,新北市,北部,新北市,2770,1423,1347,2653,117,1638,983,655,1337,800,3966533,1950169,2016364
104,2015,8,新竹市,北部,新竹市,407,216,191,396,11,191,107,84,145,77,433091,214362,218729
104,2015,8,新竹縣,北部,新竹縣,469,231,238,457,12,265,167,98,158,121,540193,276547,263646
104,2015,8,桃園市,北部,桃園市,1812,960,852,1738,74,821,521,300,728,483,2092977,1047557,1045420
104,2015,8,澎湖縣,離島,澎湖縣,69,37,32,66,3,67,36,31,27,19,101734,52421,49313
104,2015,8,臺中市,中部,臺中市,2052,1042,1010,1969,83,1272,761,511,846,547,2736813,1353974,1382839
104,2015,8,臺北市,北部,臺北市,2327,1229,1098,2273,54,1322,787,535,938,458,2701571,1294376,1407195
104,2015,8,臺南市,南部,臺南市,1168,604,564,1128,40,1127,669,458,512,309,1885079,943832,941247
104,2015,8,臺東縣,東部,臺東縣,124,59,65,105,19,185,106,79,69,68,222967,115506,107461
104,2015,8,花蓮縣,東部,花蓮縣,216,110,106,197,19,269,162,107,123,72,332091,169513,162578
104,2015,8,苗栗縣,中部,苗栗縣,429,222,207,408,21,344,212,132,147,111,564855,291026,273829
104,2015,8,連江縣,離島,連江縣,9,6,3,9,0,4,2,2,4,3,12524,7141,5383
104,2015,8,金門縣,離島,金門縣,101,57,44,97,4,53,32,21,37,21,131099,65734,65365
104,2015,8,雲林縣,中部,雲林縣,406,229,177,383,23,536,328,208,164,127,700846,364520,336326
104,2015,8,高雄市,南部,高雄市,1786,977,809,1695,91,1571,973,598,831,555,2777948,1381252,1396696
104,2015,9,南投縣,中部,南投縣,292,162,130,282,10,395,243,152,165,86,510094,261732,248362
104,2015,9,嘉義市,南部,嘉義市,180,92,88,174,6,146,84,62,89,40,270473,132061,138412
104,2015,9,嘉義縣,南部,嘉義縣,249,139,110,237,12,432,253,179,135,85,520670,271135,249535
104,2015,9,基隆市,北部,基隆市,221,117,104,210,11,193,107,86,136,74,372511,187176,185335
104,2015,9,宜蘭縣,北部,宜蘭縣,239,120,119,228,11,288,167,121,136,105,458261,232404,225857
104,2015,9,屏東縣,南部,屏東縣,446,232,214,416,30,639,378,261,252,153,842425,431615,410810
104,2015,9,彰化縣,中部,彰化縣,1032,518,514,1011,21,696,411,285,391,194,1288295,658443,629852
104,2015,9,新北市,北部,新北市,2842,1438,1404,2730,112,1637,989,648,1552,804,3967483,1950355,2017128
104,2015,9,新竹市,北部,新竹市,366,191,175,349,17,217,143,74,140,75,433348,214494,218854
104,2015,9,新竹縣,北部,新竹縣,447,241,206,434,13,276,159,117,173,107,540605,276760,263845
104,2015,9,桃園市,北部,桃園市,1943,995,948,1863,80,866,576,290,928,459,2096432,1048951,1047481
104,2015,9,澎湖縣,離島,澎湖縣,66,37,29,64,2,77,53,24,38,20,102204,52708,49496
104,2015,9,臺中市,中部,臺中市,2001,1039,962,1933,68,1248,769,479,926,481,2738553,1354644,1383909
104,2015,9,臺北市,北部,臺北市,2303,1176,1127,2251,52,1286,744,542,1164,439,2700115,1293595,1406520
104,2015,9,臺南市,南部,臺南市,1334,672,662,1287,47,1216,726,490,596,301,1885037,943719,941318
104,2015,9,臺東縣,東部,臺東縣,153,72,81,126,27,159,91,68,68,48,222910,115469,107441
104,2015,9,花蓮縣,東部,花蓮縣,233,115,118,212,21,243,150,93,130,87,332026,169432,162594
104,2015,9,苗栗縣,中部,苗栗縣,426,227,199,406,20,348,192,156,171,113,564549,290926,273623
104,2015,9,連江縣,離島,連江縣,8,6,2,8,0,5,3,2,7,2,12545,7164,5381
104,2015,9,金門縣,離島,金門縣,105,56,49,104,1,61,44,17,40,18,131905,66168,65737
104,2015,9,雲林縣,中部,雲林縣,365,193,172,348,17,494,284,210,174,109,700437,364272,336165
104,2015,9,高雄市,南部,高雄市,1855,976,879,1759,96,1605,983,622,922,489,2777870,1381100,1396770
104,2015,10,南投縣,中部,南投縣,350,171,179,328,22,402,235,167,324,95,509911,261632,248279
104,2015,10,嘉義市,南部,嘉義市,207,92,115,199,8,167,96,71,177,49,270396,131972,138424
104,2015,10,嘉義縣,南部,嘉義縣,293,155,138,285,8,431,272,159,281,84,520424,271006,249418
104,2015,10,基隆市,北部,基隆市,219,122,97,207,12,228,123,105,246,82,372355,187111,185244
104,2015,10,宜蘭縣,北部,宜蘭縣,323,179,144,311,12,340,219,121,287,99,458078,232302,225776
104,2015,10,屏東縣,南部,屏東縣,501,268,233,468,33,650,404,246,492,160,842097,431430,410667
104,2015,10,彰化縣,中部,彰化縣,1223,636,587,1184,39,915,542,373,871,251,1288346,658372,629974
104,2015,10,新北市,北部,新北市,3352,1723,1629,3224,128,1817,1102,715,3199,950,3968921,1950807,2018114
104,2015,10,新竹市,北部,新竹市,441,235,206,430,11,229,127,102,318,74,433581,214621,218960
104,2015,10,新竹縣,北部,新竹縣,525,284,241,511,14,270,176,94,406,129,541078,276972,264106
104,2015,10,桃園市,北部,桃園市,2077,1082,995,1972,105,990,618,372,1744,491,2099583,1050299,1049284
104,2015,10,澎湖縣,離島,澎湖縣,73,43,30,73,0,65,41,24,64,21,102279,52771,49508
104,2015,10,臺中市,中部,臺中市,2539,1343,1196,2443,96,1312,801,511,2156,593,2740634,1355436,1385198
104,2015,10,臺北市,北部,臺北市,2668,1419,1249,2589,79,1494,890,604,2015,486,2701514,1294125,1407389
104,2015,10,臺南市,南部,臺南市,1481,778,703,1432,48,1251,738,513,1264,327,1885175,943711,941464
104,2015,10,臺東縣,東部,臺東縣,143,74,69,131,12,205,129,76,121,45,222708,115365,107343
104,2015,10,花蓮縣,東部,花蓮縣,286,154,132,258,28,256,163,93,242,87,332063,169448,162615
104,2015,10,苗栗縣,中部,苗栗縣,488,272,216,474,14,389,233,156,366,106,564305,290856,273449
104,2015,10,連江縣,離島,連江縣,14,7,7,14,0,6,4,2,10,1,12547,7175,5372
104,2015,10,金門縣,離島,金門縣,140,72,68,137,3,72,45,27,100,19,132269,66359,65910
104,2015,10,雲林縣,中部,雲林縣,476,230,246,463,13,571,345,226,388,113,700127,364091,336036
104,2015,10,高雄市,南部,高雄市,2185,1138,1047,2102,83,1734,1049,685,1877,556,2778249,1381115,1397134
104,2015,11,南投縣,中部,南投縣,365,188,177,353,12,362,215,147,302,94,509738,261519,248219
104,2015,11,嘉義市,南部,嘉義市,167,83,84,150,17,147,84,63,133,61,270415,131972,138443
104,2015,11,嘉義縣,南部,嘉義縣,287,136,151,273,14,401,248,153,270,77,520119,270804,249315
104,2015,11,基隆市,北部,基隆市,224,125,99,206,18,236,140,96,198,93,372226,187046,185180
104,2015,11,宜蘭縣,北部,宜蘭縣,313,157,156,302,11,314,190,124,258,71,458070,232253,225817
104,2015,11,屏東縣,南部,屏東縣,444,234,210,422,22,657,406,251,417,141,841669,431197,410472
104,2015,11,彰化縣,中部,彰化縣,1300,670,630,1266,34,742,425,317,821,208,1288696,658483,630213
104,2015,11,新北市,北部,新北市,3115,1616,1499,2999,116,1775,1074,701,2541,779,3969855,1951187,2018668
104,2015,11,新竹市,北部,新竹市,449,232,217,438,11,209,129,80,252,76,433774,214713,219061
104,2015,11,新竹縣,北部,新竹縣,483,251,232,454,29,266,161,105,335,105,541527,277181,264346
104,2015,11,桃園市,北部,桃園市,2068,1052,1016,1999,69,945,604,341,1421,484,2102513,1051523,1050990
104,2015,11,澎湖縣,離島,澎湖縣,92,52,40,89,3,65,40,25,52,29,102317,52785,49532
104,2015,11,臺中市,中部,臺中市,2360,1235,1125,2288,72,1288,790,498,1918,479,2742503,1356223,1386280
104,2015,11,臺北市,北部,臺北市,2505,1297,1208,2448,57,1358,782,576,1643,442,2702809,1294629,1408180
104,2015,11,臺南市,南部,臺南市,1381,709,672,1330,51,1140,655,485,1119,324,1885390,943790,941600
104,2015,11,臺東縣,東部,臺東縣,173,85,88,156,17,177,113,64,125,37,222645,115312,107333
104,2015,11,花蓮縣,東部,花蓮縣,234,141,93,213,21,246,153,93,191,66,332033,169424,162609
104,2015,11,苗栗縣,中部,苗栗縣,450,251,199,440,10,391,231,160,349,102,564111,290784,273327
104,2015,11,連江縣,離島,連江縣,13,8,5,13,0,3,1,2,8,2,12546,7172,5374
104,2015,11,金門縣,離島,金門縣,115,60,55,115,0,54,35,19,57,18,132532,66472,66060
104,2015,11,雲林縣,中部,雲林縣,432,221,211,414,18,564,330,234,362,120,699793,363950,335843
104,2015,11,高雄市,南部,高雄市,2001,1049,952,1914,87,1670,1001,669,1616,576,2778512,1381020,1397492
104,2015,12,南投縣,中部,南投縣,312,160,152,292,20,394,224,170,299,92,509490,261379,248111
104,2015,12,嘉義市,南部,嘉義市,215,108,107,208,7,172,98,74,176,53,270366,131907,138459
104,2015,12,嘉義縣,南部,嘉義縣,326,158,168,309,17,449,266,183,307,90,519839,270681,249158
104,2015,12,基隆市,北部,基隆市,227,117,110,210,17,237,149,88,247,74,372105,186942,185163
104,2015,12,宜蘭縣,北部,宜蘭縣,347,167,180,331,15,338,206,132,305,88,458117,232217,225900
104,2015,12,屏東縣,南部,屏東縣,470,249,221,440,30,706,448,258,513,158,841253,430925,410328
104,2015,12,彰化縣,中部,彰化縣,1354,672,682,1332,22,869,525,344,840,212,1289072,658561,630511
104,2015,12,新北市,北部,新北市,3416,1759,1657,3296,120,1893,1144,749,2911,816,3970644,1951355,2019289
104,2015,12,新竹市,北部,新竹市,481,252,229,468,13,220,136,84,359,81,434060,214795,219265
104,2015,12,新竹縣,北部,新竹縣,529,277,252,503,26,315,196,119,384,132,542042,277417,264625
104,2015,12,桃園市,北部,桃園市,2231,1159,1072,2131,100,1017,649,368,1704,491,2105780,1053001,1052779
104,2015,12,澎湖縣,離島,澎湖縣,81,36,45,80,1,92,53,39,62,27,102304,52769,49535
104,2015,12,臺中市,中部,臺中市,2604,1358,1246,2502,102,1457,902,555,2132,582,2744445,1357014,1387431
104,2015,12,臺北市,北部,臺北市,2743,1438,1305,2682,61,1447,831,616,2000,480,2704810,1295462,1409348
104,2015,12,臺南市,南部,臺南市,1544,813,731,1478,66,1390,828,562,1240,355,1885541,943804,941737
104,2015,12,臺東縣,東部,臺東縣,156,69,87,138,18,226,150,76,145,51,222452,115174,107278
104,2015,12,花蓮縣,東部,花蓮縣,260,130,130,237,23,317,202,115,223,80,331945,169335,162610
104,2015,12,苗栗縣,中部,苗栗縣,475,262,213,454,21,393,229,164,417,100,563912,290726,273186
104,2015,12,連江縣,離島,連江縣,23,9,14,23,0,9,5,4,7,0,12547,7171,5376
104,2015,12,金門縣,離島,金門縣,135,80,55,134,1,57,38,19,84,26,132799,66591,66208
104,2015,12,雲林縣,中部,雲林縣,474,245,229,454,20,589,340,249,383,139,699633,363832,335801
104,2015,12,高雄市,南部,高雄市,2179,1124,1055,2085,94,1839,1118,721,1939,558,2778918,1380989,1397929
105,2016,1,南投縣,中部,南投縣,277,150,127,262,15,397,242,155,374,81,509162,261191,247971
105,2016,1,嘉義市,南部,嘉義市,184,92,92,175,9,174,103,71,185,56,270273,131820,138453
105,2016,1,嘉義縣,南部,嘉義縣,238,138,100,225,13,471,280,191,303,74,519482,270465,249017
105,2016,1,基隆市,北部,基隆市,225,106,119,216,9,238,133,105,200,69,372019,186874,185145
105,2016,1,宜蘭縣,北部,宜蘭縣,259,153,106,251,8,328,184,144,274,86,458037,232193,225844
105,2016,1,屏東縣,南部,屏東縣,431,217,214,402,29,767,456,311,489,128,840931,430749,410182
105,2016,1,彰化縣,中部,彰化縣,1118,595,523,1095,23,831,483,348,926,180,1289295,658567,630728
105,2016,1,新北市,北部,新北市,2865,1486,1379,2756,109,1973,1220,753,2961,718,3971250,1951393,2019857
105,2016,1,新竹市,北部,新竹市,398,216,182,389,9,217,132,85,296,62,434258,214871,219387
105,2016,1,新竹縣,北部,新竹縣,429,222,207,415,14,307,183,124,401,91,542513,277668,264845
105,2016,1,桃園市,北部,桃園市,1853,982,871,1782,71,1006,633,373,1652,373,2108786,1054308,1054478
105,2016,1,澎湖縣,離島,澎湖縣,84,42,42,82,2,86,48,38,62,12,102355,52795,49560
105,2016,1,臺中市,中部,臺中市,2118,1108,1010,2049,69,1451,893,558,2197,460,2746112,1357629,1388483
105,2016,1,臺北市,北部,臺北市,2379,1249,1130,2328,51,1448,873,575,1823,410,2704974,1295411,1409563
105,2016,1,臺南市,南部,臺南市,1234,667,567,1186,48,1257,740,517,1239,316,1885550,943812,941738
105,2016,1,臺東縣,東部,臺東縣,141,71,70,131,10,205,131,74,126,35,222244,115058,107186
105,2016,1,花蓮縣,東部,花蓮縣,233,116,117,218,15,270,171,99,221,61,331845,169242,162603
105,2016,1,苗栗縣,中部,苗栗縣,394,207,187,384,10,451,284,167,436,94,563489,290511,272978
105,2016,1,連江縣,離島,連江縣,12,6,6,12,0,5,4,1,4,2,12533,7171,5362
105,2016,1,金門縣,離島,金門縣,133,64,69,131,2,57,35,22,63,19,132995,66687,66308
105,2016,1,雲林縣,中部,雲林縣,416,231,185,396,20,601,339,262,500,104,699236,363630,335606
105,2016,1,高雄市,南部,高雄市,1769,897,872,1693,76,1752,1039,713,1856,488,2778729,1380719,1398010
105,2016,2,南投縣,中部,南投縣,270,149,121,252,18,483,310,173,191,65,508586,260858,247728
105,2016,2,嘉義市,南部,嘉義市,182,93,89,180,2,168,92,76,86,41,270297,131806,138491
105,2016,2,嘉義縣,南部,嘉義縣,237,125,112,228,9,512,271,241,172,73,519045,270248,248797
105,2016,2,基隆市,北部,基隆市,190,99,91,177,13,263,157,106,131,47,371914,186802,185112
105,2016,2,宜蘭縣,北部,宜蘭縣,248,118,130,238,10,333,190,143,162,65,457995,232142,225853
105,2016,2,屏東縣,南部,屏東縣,378,193,185,351,27,728,422,306,327,143,840408,430490,409918
105,2016,2,彰化縣,中部,彰化縣,991,522,469,960,31,937,560,377,514,163,1289209,658443,630766
105,2016,2,新北市,北部,新北市,2463,1300,1163,2376,87,2093,1306,787,1583,560,3971660,1951290,2020370
105,2016,2,新竹市,北部,新竹市,360,178,182,351,8,265,161,104,173,55,434279,214843,219436
105,2016,2,新竹縣,北部,新竹縣,397,229,168,382,15,347,199,148,188,74,542821,277838,264983
105,2016,2,桃園市,北部,桃園市,1625,819,806,1570,55,1124,735,389,915,324,2111148,1055234,1055914
105,2016,2,澎湖縣,離島,澎湖縣,66,34,32,65,1,78,46,32,32,9,102336,52775,49561
105,2016,2,臺中市,中部,臺中市,1874,962,912,1818,56,1513,912,601,1211,375,2747561,1358199,1389362
105,2016,2,臺北市,北部,臺北市,1966,1014,952,1918,48,1608,954,654,1192,340,2704410,1295039,1409371
105,2016,2,臺南市,南部,臺南市,1138,596,542,1110,28,1438,816,622,828,238,1885453,943687,941766
105,2016,2,臺東縣,東部,臺東縣,101,61,40,92,9,207,121,86,81,36,222118,115000,107118
105,2016,2,花蓮縣,東部,花蓮縣,206,104,102,186,20,305,210,95,130,56,331801,169166,162635
105,2016,2,苗栗縣,中部,苗栗縣,405,202,203,392,13,458,271,187,195,75,563084,290289,272795
105,2016,2,連江縣,離島,連江縣,13,9,4,13,0,8,3,5,2,4,12523,7169,5354
105,2016,2,金門縣,離島,金門縣,80,37,43,78,2,56,31,25,48,7,132960,66659,66301
105,2016,2,雲林縣,中部,雲林縣,350,179,171,333,17,623,372,251,244,80,698753,363341,335412
105,2016,2,高雄市,南部,高雄市,1644,829,815,1579,65,1894,1178,716,1272,401,2778574,1380388,1398186
105,2016,3,南投縣,中部,南投縣,351,188,163,333,18,572,347,225,250,108,508146,260615,247531
105,2016,3,嘉義市,南部,嘉義市,236,122,114,226,10,240,151,89,134,57,270264,131749,138515
105,2016,3,嘉義縣,南部,嘉義縣,270,142,128,259,11,594,349,245,226,107,518507,269986,248521
105,2016,3,基隆市,北部,基隆市,251,126,125,239,12,360,217,143,198,88,371882,186732,185150
105,2016,3,宜蘭縣,北部,宜蘭縣,353,185,168,335,18,375,217,158,267,88,457854,232049,225805
105,2016,3,屏東縣,南部,屏東縣,464,240,224,426,38,865,530,335,441,184,839760,430116,409644
105,2016,3,彰化縣,中部,彰化縣,1267,643,624,1236,31,1159,677,482,626,244,1288945,658206,630739
105,2016,3,新北市,北部,新北市,3157,1651,1506,3023,134,2531,1508,1023,2245,868,3970790,1950602,2020188
105,2016,3,新竹市,北部,新竹市,405,204,201,397,8,282,171,111,264,81,434492,214940,219552
105,2016,3,新竹縣,北部,新竹縣,492,237,255,469,23,451,278,173,342,135,543183,277939,265244
105,2016,3,桃園市,北部,桃園市,2150,1121,1029,2061,89,1523,994,529,1273,544,2114172,1056502,1057670
105,2016,3,澎湖縣,離島,澎湖縣,86,52,34,84,2,122,72,50,57,17,102332,52773,49559
105,2016,3,臺中市,中部,臺中市,2345,1279,1066,2255,90,1879,1110,769,1558,608,2748799,1358693,1390106
105,2016,3,臺北市,北部,臺北市,2574,1339,1235,2500,74,1995,1158,837,1616,504,2704495,1294885,1409610
105,2016,3,臺南市,南部,臺南市,1305,675,630,1260,45,1608,931,677,1087,399,1885157,943377,941780
105,2016,3,臺東縣,東部,臺東縣,146,75,71,127,19,287,177,110,150,62,221974,114902,107072
105,2016,3,花蓮縣,東部,花蓮縣,268,138,130,240,28,387,266,121,185,83,331633,169013,162620
105,2016,3,苗栗縣,中部,苗栗縣,435,229,206,423,12,564,322,242,239,105,562473,290017,272456
105,2016,3,連江縣,離島,連江縣,9,6,3,8,1,5,2,3,4,0,12530,7170,5360
105,2016,3,金門縣,離島,金門縣,122,63,59,121,1,94,47,47,59,16,132998,66653,66345
105,2016,3,雲林縣,中部,雲林縣,410,211,199,393,17,745,417,328,307,137,698187,363058,335129
105,2016,3,高雄市,南部,高雄市,1956,1050,906,1863,93,2280,1338,942,1653,653,2778240,1380105,1398135
105,2016,4,南投縣,中部,南投縣,267,132,135,252,15,409,248,161,179,86,507852,260459,247393
105,2016,4,嘉義市,南部,嘉義市,173,89,84,168,5,172,104,68,106,54,270463,131828,138635
105,2016,4,嘉義縣,南部,嘉義縣,221,110,111,210,11,469,274,195,172,89,518026,269686,248340
105,2016,4,基隆市,北部,基隆市,176,87,89,167,9,252,150,102,137,83,372037,186805,185232
105,2016,4,宜蘭縣,北部,宜蘭縣,279,150,129,270,9,359,204,155,146,64,457815,232010,225805
105,2016,4,屏東縣,南部,屏東縣,387,190,197,362,25,703,430,273,289,153,839339,429885,409454
105,2016,4,彰化縣,中部,彰化縣,1018,537,481,991,27,900,521,379,446,200,1288923,658126,630797
105,2016,4,新北市,北部,新北市,2682,1318,1364,2577,105,2031,1247,784,1619,816,3971000,1950343,2020657
105,2016,4,新竹市,北部,新竹市,362,179,183,353,9,242,144,98,179,80,434674,215046,219628
105,2016,4,新竹縣,北部,新竹縣,420,220,200,400,20,325,208,117,200,109,543600,278146,265454
105,2016,4,桃園市,北部,桃園市,1860,972,888,1787,73,1099,697,402,906,433,2116988,1057689,1059299
105,2016,4,澎湖縣,離島,澎湖縣,68,36,32,68,0,75,39,36,45,13,102369,52793,49576
105,2016,4,臺中市,中部,臺中市,1852,965,887,1773,79,1377,837,540,1054,520,2750322,1359218,1391104
105,2016,4,臺北市,北部,臺北市,2130,1089,1041,2081,49,1540,906,634,1133,407,2703829,1294385,1409444
105,2016,4,臺南市,南部,臺南市,1063,561,502,1035,28,1237,693,544,720,341,1885252,943384,941868
105,2016,4,臺東縣,東部,臺東縣,128,66,62,114,14,194,122,72,82,58,221817,114827,106990
105,2016,4,花蓮縣,東部,花蓮縣,184,96,88,168,16,270,170,100,138,71,331498,168902,162596
105,2016,4,苗栗縣,中部,苗栗縣,381,191,190,367,14,468,275,193,206,98,562133,289823,272310
105,2016,4,連江縣,離島,連江縣,10,5,5,10,0,5,2,3,9,3,12522,7159,5363
105,2016,4,金門縣,離島,金門縣,88,40,48,85,3,72,40,32,43,13,133086,66681,66405
105,2016,4,雲林縣,中部,雲林縣,352,178,174,337,15,599,347,252,236,112,697752,362758,334994
105,2016,4,高雄市,南部,高雄市,1645,878,767,1570,75,1722,1015,707,1090,543,2778107,1379945,1398162
105,2016,5,南投縣,中部,南投縣,298,166,132,282,16,400,243,157,278,108,507421,260234,247187
105,2016,5,嘉義市,南部,嘉義市,205,109,96,200,5,171,95,76,138,72,270295,131764,138531
105,2016,5,嘉義縣,南部,嘉義縣,220,113,107,214,6,510,311,199,295,100,517698,269461,248237
105,2016,5,基隆市,北部,基隆市,196,85,111,186,10,244,139,105,229,81,371878,186667,185211
105,2016,5,宜蘭縣,北部,宜蘭縣,283,153,130,274,9,296,173,123,262,89,457811,232017,225794
105,2016,5,屏東縣,南部,屏東縣,419,218,201,394,25,696,411,285,487,157,839001,429674,409327
105,2016,5,彰化縣,中部,彰化縣,1147,573,574,1109,38,910,548,362,806,216,1288776,657875,630901
105,2016,5,新北市,北部,新北市,2902,1471,1431,2776,126,1947,1197,750,2828,901,3972003,1950653,2021350
105,2016,5,新竹市,北部,新竹市,386,197,189,376,10,237,136,101,296,88,434955,215156,219799
105,2016,5,新竹縣,北部,新竹縣,448,242,206,432,16,306,177,129,348,135,544198,278497,265701
105,2016,5,桃園市,北部,桃園市,1997,1031,966,1904,93,1043,647,396,1645,570,2120838,1059448,1061390
105,2016,5,澎湖縣,離島,澎湖縣,68,31,37,67,1,78,43,35,50,18,102396,52802,49594
105,2016,5,臺中市,中部,臺中市,2143,1104,1039,2067,76,1320,807,513,1882,535,2752413,1360072,1392341
105,2016,5,臺北市,北部,臺北市,2446,1245,1201,2405,41,1557,859,698,1882,502,2702930,1293702,1409228
105,2016,5,臺南市,南部,臺南市,1220,646,574,1187,33,1279,754,525,1095,368,1885199,943267,941932
105,2016,5,臺東縣,東部,臺東縣,124,62,62,108,16,216,129,87,141,41,221633,114722,106911
105,2016,5,花蓮縣,東部,花蓮縣,205,101,104,184,21,266,154,112,253,87,331379,168829,162550
105,2016,5,苗栗縣,中部,苗栗縣,428,236,192,412,16,420,245,175,368,115,561755,289647,272108
105,2016,5,連江縣,離島,連江縣,10,6,4,10,0,6,3,3,9,1,12518,7166,5352
105,2016,5,金門縣,離島,金門縣,118,71,47,116,2,60,32,28,62,31,133150,66713,66437
105,2016,5,雲林縣,中部,雲林縣,411,203,208,389,22,562,331,231,353,124,697318,362508,334810
105,2016,5,高雄市,南部,高雄市,1672,859,813,1607,65,1714,1044,670,1749,561,2777784,1379620,1398164
105,2016,6,南投縣,中部,南投縣,261,131,130,248,13,376,212,164,188,95,507210,260101,247109
105,2016,6,嘉義市,南部,嘉義市,180,84,96,172,8,185,102,83,101,52,270254,131733,138521
105,2016,6,嘉義縣,南部,嘉義縣,224,122,102,215,9,451,250,201,173,81,517339,269265,248074
105,2016,6,基隆市,北部,基隆市,204,90,114,194,10,221,131,90,190,87,371837,186587,185250
105,2016,6,宜蘭縣,北部,宜蘭縣,272,140,132,258,14,278,163,115,215,75,457808,231992,225816
105,2016,6,屏東縣,南部,屏東縣,349,182,167,327,22,713,457,256,330,158,838584,429362,409222
105,2016,6,彰化縣,中部,彰化縣,1071,540,531,1041,30,780,458,322,539,181,1288803,657777,631026
105,2016,6,新北市,北部,新北市,2711,1398,1313,2601,110,1823,1117,706,2021,801,3972204,1950470,2021734
105,2016,6,新竹市,北部,新竹市,360,175,185,355,5,207,111,96,181,84,435238,215235,220003
105,2016,6,新竹縣,北部,新竹縣,465,242,223,445,20,283,168,115,299,114,544624,278667,265957
105,2016,6,桃園市,北部,桃園市,1908,1015,893,1836,72,908,569,339,1094,492,2124339,1061023,1063316
105,2016,6,澎湖縣,離島,澎湖縣,88,47,41,86,2,82,52,30,26,17,102329,52744,49585
105,2016,6,臺中市,中部,臺中市,1972,1026,946,1896,76,1340,775,565,1302,572,2754191,1360893,1393298
105,2016,6,臺北市,北部,臺北市,2257,1198,1059,2190,67,1396,806,590,1367,452,2702925,1293639,1409286
105,2016,6,臺南市,南部,臺南市,1196,664,532,1159,37,1182,700,482,725,342,1885388,943349,942039
105,2016,6,臺東縣,東部,臺東縣,130,68,62,114,16,210,139,71,93,51,221504,114637,106867
105,2016,6,花蓮縣,東部,花蓮縣,199,119,80,185,14,270,162,108,196,74,331372,168800,162572
105,2016,6,苗栗縣,中部,苗栗縣,455,226,229,444,11,400,237,163,262,113,561495,289526,271969
105,2016,6,連江縣,離島,連江縣,16,10,6,15,1,3,2,1,3,3,12536,7171,5365
105,2016,6,金門縣,離島,金門縣,107,60,47,103,4,66,37,29,47,28,133185,66724,66461
105,2016,6,雲林縣,中部,雲林縣,367,201,166,351,16,562,315,247,252,115,697105,362343,334762
105,2016,6,高雄市,南部,高雄市,1620,833,787,1556,64,1709,1045,664,1161,530,2778092,1379503,1398589
105,2016,7,南投縣,中部,南投縣,303,172,131,281,22,375,221,154,223,81,506966,259961,247005
105,2016,7,嘉義市,南部,嘉義市,143,70,73,133,10,142,91,51,97,47,270125,131648,138477
105,2016,7,嘉義縣,南部,嘉義縣,249,141,108,238,11,432,255,177,181,108,517224,269149,248075
105,2016,7,基隆市,北部,基隆市,227,126,101,219,8,215,134,81,175,74,371901,186612,185289
105,2016,7,宜蘭縣,北部,宜蘭縣,253,131,122,243,10,286,171,115,207,80,457746,231940,225806
105,2016,7,屏東縣,南部,屏東縣,429,217,212,403,26,710,439,271,323,144,838166,429077,409089
105,2016,7,彰化縣,中部,彰化縣,1192,648,544,1158,34,795,486,309,527,181,1288970,657814,631156
105,2016,7,新北市,北部,新北市,2798,1471,1327,2697,100,1672,1022,650,1998,820,3973655,1950996,2022659
105,2016,7,新竹市,北部,新竹市,354,199,155,345,9,177,91,86,221,102,435488,215390,220098
105,2016,7,新竹縣,北部,新竹縣,432,234,198,414,18,281,180,101,234,115,545204,278954,266250
105,2016,7,桃園市,北部,桃園市,1900,977,923,1817,83,948,548,400,1058,456,2128594,1063029,1065565
105,2016,7,澎湖縣,離島,澎湖縣,88,40,48,85,3,69,43,26,32,16,102357,52716,49641
105,2016,7,臺中市,中部,臺中市,1925,991,934,1856,69,1276,765,511,1287,519,2756256,1361675,1394581
105,2016,7,臺北市,北部,臺北市,2175,1120,1055,2109,66,1297,726,571,1301,465,2701645,1292896,1408749
105,2016,7,臺南市,南部,臺南市,1134,612,522,1098,36,1137,656,481,713,347,1885629,943396,942233
105,2016,7,臺東縣,東部,臺東縣,118,57,61,107,11,226,144,82,74,47,221408,114553,106855
105,2016,7,花蓮縣,東部,花蓮縣,211,105,106,192,19,265,169,96,143,59,331323,168775,162548
105,2016,7,苗栗縣,中部,苗栗縣,325,168,157,307,18,373,229,144,254,107,561138,289301,271837
105,2016,7,連江縣,離島,連江縣,11,6,5,11,0,2,2,0,10,3,12531,7157,5374
105,2016,7,金門縣,離島,金門縣,102,47,55,100,2,52,33,19,54,17,133448,66791,66657
105,2016,7,雲林縣,中部,雲林縣,375,191,184,360,15,583,306,277,259,109,696691,362117,334574
105,2016,7,高雄市,南部,高雄市,1738,916,822,1655,83,1708,1034,674,1146,573,2778285,1379513,1398772
105,2016,8,南投縣,中部,南投縣,303,141,162,289,14,386,240,146,126,88,506530,259733,246797
105,2016,8,嘉義市,南部,嘉義市,177,88,89,166,11,170,87,83,54,63,269992,131554,138438
105,2016,8,嘉義縣,南部,嘉義縣,236,130,106,223,13,470,277,193,101,101,516915,268961,247954
105,2016,8,基隆市,北部,基隆市,214,106,108,203,11,228,132,96,89,94,371986,186595,185391
105,2016,8,宜蘭縣,北部,宜蘭縣,325,155,170,311,14,321,194,127,112,107,457788,231938,225850
105,2016,8,屏東縣,南部,屏東縣,431,250,181,410,21,699,423,276,200,178,837700,428804,408896
105,2016,8,彰化縣,中部,彰化縣,971,524,447,947,24,859,491,368,256,219,1288345,657540,630805
105,2016,8,新北市,北部,新北市,2838,1496,1342,2726,112,1850,1142,708,1045,889,3974278,1950970,2023308
105,2016,8,新竹市,北部,新竹市,405,204,201,396,9,210,130,80,98,82,435805,215509,220296
105,2016,8,新竹縣,北部,新竹縣,483,261,222,462,21,325,202,123,137,126,545674,279174,266500
105,2016,8,桃園市,北部,桃園市,1978,1072,906,1892,86,1005,614,391,602,519,2132854,1065043,1067811
105,2016,8,澎湖縣,離島,澎湖縣,83,39,44,78,5,64,40,24,12,23,102406,52693,49713
105,2016,8,臺中市,中部,臺中市,2150,1102,1048,2060,90,1461,869,592,649,573,2758136,1362405,1395731
105,2016,8,臺北市,北部,臺北市,2352,1194,1158,2289,63,1538,842,696,731,504,2698591,1291456,1407135
105,2016,8,臺南市,南部,臺南市,1225,637,588,1186,39,1273,728,545,381,374,1885601,943295,942306
105,2016,8,臺東縣,東部,臺東縣,113,68,45,101,12,208,132,76,54,42,221324,114520,106804
105,2016,8,花蓮縣,東部,花蓮縣,203,91,112,185,18,283,180,103,87,68,331332,168733,162599
105,2016,8,苗栗縣,中部,苗栗縣,404,206,198,385,19,421,240,181,118,123,560745,289131,271614
105,2016,8,連江縣,離島,連江縣,18,7,11,18,0,5,2,3,7,4,12550,7175,5375
105,2016,8,金門縣,離島,金門縣,88,45,43,88,0,71,41,30,18,15,133656,66875,66781
105,2016,8,雲林縣,中部,雲林縣,383,186,197,369,14,582,363,219,139,106,696315,361882,334433
105,2016,8,高雄市,南部,高雄市,1859,943,916,1781,78,1766,1049,717,655,622,2778318,1379378,1398940
105,2016,9,南投縣,中部,南投縣,268,131,137,257,11,378,234,144,228,87,506052,259449,246603
105,2016,9,嘉義市,南部,嘉義市,148,74,74,141,7,136,75,61,103,52,269890,131488,138402
105,2016,9,嘉義縣,南部,嘉義縣,244,117,127,237,7,409,252,157,204,82,516531,268761,247770
105,2016,9,基隆市,北部,基隆市,208,95,113,197,11,220,124,96,191,87,372019,186560,185459
105,2016,9,宜蘭縣,北部,宜蘭縣,260,147,113,245,15,304,179,125,243,87,457671,231855,225816
105,2016,9,屏東縣,南部,屏東縣,425,228,197,386,39,669,400,269,348,160,837048,428461,408587
105,2016,9,彰化縣,中部,彰化縣,1136,595,541,1106,30,785,461,324,651,204,1287665,657156,630509
105,2016,9,新北市,北部,新北市,2743,1418,1325,2642,101,1700,1016,684,2315,796,3974911,1951006,2023905
105,2016,9,新竹市,北部,新竹市,333,177,156,321,12,201,106,95,228,79,436220,215770,220450
105,2016,9,新竹縣,北部,新竹縣,452,230,222,435,16,262,161,101,270,105,546272,279514,266758
105,2016,9,桃園市,北部,桃園市,2010,1065,945,1931,79,905,564,341,1346,463,2136702,1066819,1069883
105,2016,9,澎湖縣,離島,澎湖縣,71,31,40,69,2,78,45,33,41,20,102880,52960,49920
105,2016,9,臺中市,中部,臺中市,2116,1091,1025,2037,79,1255,741,514,1476,545,2759887,1363129,1396758
105,2016,9,臺北市,北部,臺北市,2176,1117,1059,2125,50,1332,764,568,1482,475,2696316,1290311,1406005
105,2016,9,臺南市,南部,臺南市,1157,613,544,1121,36,1097,651,446,812,296,1885499,943148,942351
105,2016,9,臺東縣,東部,臺東縣,131,72,59,122,9,198,116,82,87,46,221199,114445,106754
105,2016,9,花蓮縣,東部,花蓮縣,223,115,108,199,24,250,156,94,170,93,331223,168636,162587
105,2016,9,苗栗縣,中部,苗栗縣,355,179,176,337,18,399,226,173,295,102,560271,288890,271381
105,2016,9,連江縣,離島,連江縣,13,7,6,13,0,4,4,0,5,1,12586,7191,5395
105,2016,9,金門縣,離島,金門縣,109,51,58,107,2,58,34,24,58,28,134419,67225,67194
105,2016,9,雲林縣,中部,雲林縣,387,187,200,371,16,528,309,219,296,110,695925,361645,334280
105,2016,9,高雄市,南部,高雄市,1795,890,905,1713,82,1661,1033,628,1337,513,2778332,1379143,1399189
105,2016,10,南投縣,中部,南投縣,341,191,150,322,19,369,210,159,254,97,505660,259303,246357
105,2016,10,嘉義市,南部,嘉義市,191,96,95,186,5,165,97,68,142,52,269804,131416,138388
105,2016,10,嘉義縣,南部,嘉義縣,254,124,130,241,13,463,279,184,251,86,516218,268567,247651
105,2016,10,基隆市,北部,基隆市,226,126,100,216,10,241,145,96,211,88,372048,186573,185475
105,2016,10,宜蘭縣,北部,宜蘭縣,335,168,167,320,15,311,197,114,272,90,457599,231786,225813
105,2016,10,屏東縣,南部,屏東縣,462,250,212,441,21,656,409,247,418,195,836699,428234,408465
105,2016,10,彰化縣,中部,彰化縣,1360,703,657,1317,43,822,484,338,785,194,1287450,656974,630476
105,2016,10,新北市,北部,新北市,3117,1636,1481,3007,110,1813,1108,705,2619,870,3976313,1951464,2024849
105,2016,10,新竹市,北部,新竹市,405,207,198,397,8,217,145,72,276,85,436490,215826,220664
105,2016,10,新竹縣,北部,新竹縣,544,287,257,525,19,296,177,119,325,100,546672,279710,266962
105,2016,10,桃園市,北部,桃園市,2174,1116,1058,2089,85,1018,669,349,1565,494,2140392,1068403,1071989
105,2016,10,澎湖縣,離島,澎湖縣,114,60,54,111,3,86,55,31,57,31,102992,53005,49987
105,2016,10,臺中市,中部,臺中市,2374,1179,1195,2284,90,1336,799,537,2006,580,2762699,1364335,1398364
105,2016,10,臺北市,北部,臺北市,2556,1370,1186,2498,58,1382,791,591,1790,496,2696319,1290248,1406071
105,2016,10,臺南市,南部,臺南市,1348,720,628,1284,64,1230,734,496,1106,346,1885603,943086,942517
105,2016,10,臺東縣,東部,臺東縣,152,76,76,135,17,210,111,99,112,50,221098,114393,106705
105,2016,10,花蓮縣,東部,花蓮縣,256,130,126,231,25,278,180,98,215,77,331065,168517,162548
105,2016,10,苗栗縣,中部,苗栗縣,380,198,182,363,17,362,226,136,340,116,559886,288701,271185
105,2016,10,連江縣,離島,連江縣,16,11,5,16,0,6,4,2,9,0,12598,7192,5406
105,2016,10,金門縣,離島,金門縣,145,88,57,142,3,55,30,25,56,14,134687,67363,67324
105,2016,10,雲林縣,中部,雲林縣,439,233,206,420,19,607,335,272,364,120,695628,361488,334140
105,2016,10,高雄市,南部,高雄市,1994,1035,959,1903,91,1753,1085,668,1605,575,2778375,1378994,1399381
105,2016,11,南投縣,中部,南投縣,342,177,165,317,25,367,216,151,249,90,505371,259151,246220
105,2016,11,嘉義市,南部,嘉義市,206,115,91,194,12,171,98,73,114,64,269815,131412,138403
105,2016,11,嘉義縣,南部,嘉義縣,266,145,121,257,9,475,286,189,228,93,515835,268363,247472
105,2016,11,基隆市,北部,基隆市,201,99,102,190,11,217,131,86,202,88,372062,186509,185553
105,2016,11,宜蘭縣,北部,宜蘭縣,317,166,151,307,10,283,180,103,247,88,457587,231752,225835
105,2016,11,屏東縣,南部,屏東縣,451,240,211,419,32,654,383,271,383,204,836243,427989,408254
105,2016,11,彰化縣,中部,彰化縣,1159,572,587,1127,32,799,443,356,739,188,1287165,656779,630386
105,2016,11,新北市,北部,新北市,2851,1436,1415,2743,108,1921,1173,748,2338,792,3977905,1952036,2025869
105,2016,11,新竹市,北部,新竹市,390,201,189,378,12,211,123,88,253,93,436877,215998,220879
105,2016,11,新竹縣,北部,新竹縣,455,212,243,435,20,308,201,107,321,106,546934,279780,267154
105,2016,11,桃園市,北部,桃園市,2109,1093,1016,2010,99,1020,639,381,1366,482,2144044,1069986,1074058
105,2016,11,澎湖縣,離島,澎湖縣,89,44,45,89,0,78,47,31,62,22,103104,53079,50025
105,2016,11,臺中市,中部,臺中市,2259,1176,1083,2182,77,1332,790,542,1695,558,2764958,1365288,1399670
105,2016,11,臺北市,北部,臺北市,2355,1228,1127,2307,45,1419,835,584,1521,487,2695652,1289721,1405931
105,2016,11,臺南市,南部,臺南市,1226,631,595,1180,46,1212,710,502,1074,357,1885653,943016,942637
105,2016,11,臺東縣,東部,臺東縣,121,65,56,107,14,198,133,65,104,42,220942,114294,106648
105,2016,11,花蓮縣,東部,花蓮縣,239,122,117,222,17,288,187,101,161,66,330930,168386,162544
105,2016,11,苗栗縣,中部,苗栗縣,377,208,169,370,7,384,214,170,332,86,559557,288610,270947
105,2016,11,連江縣,離島,連江縣,18,7,11,18,0,3,2,1,5,3,12608,7184,5424
105,2016,11,金門縣,離島,金門縣,127,69,58,126,1,45,21,24,61,12,134858,67454,67404
105,2016,11,雲林縣,中部,雲林縣,409,186,223,397,12,610,353,257,324,122,695195,361178,334017
105,2016,11,高雄市,南部,高雄市,1990,1040,950,1904,86,1668,1019,649,1569,588,2778770,1378987,1399783
105,2016,12,南投縣,中部,南投縣,349,174,175,329,20,439,266,173,312,100,505163,258990,246173
105,2016,12,嘉義市,南部,嘉義市,186,96,90,181,5,171,109,62,167,48,269874,131410,138464
105,2016,12,嘉義縣,南部,嘉義縣,264,130,134,250,14,478,268,210,272,84,515320,268109,247211
105,2016,12,基隆市,北部,基隆市,230,117,113,222,8,241,140,101,240,93,372100,186524,185576
105,2016,12,宜蘭縣,北部,宜蘭縣,341,186,155,324,17,313,177,136,310,91,457538,231722,225816
105,2016,12,屏東縣,南部,屏東縣,503,251,252,467,36,684,422,262,494,171,835792,427747,408045
105,2016,12,彰化縣,中部,彰化縣,1377,717,660,1348,29,807,462,345,876,199,1287146,656749,630397
105,2016,12,新北市,北部,新北市,3204,1657,1547,3087,116,1902,1182,720,2995,841,3979208,1952341,2026867
105,2016,12,新竹市,北部,新竹市,439,226,213,427,12,249,150,99,311,76,437337,216206,221131
105,2016,12,新竹縣,北部,新竹縣,539,257,282,524,15,306,172,134,395,116,547481,280030,267451
105,2016,12,桃園市,北部,桃園市,2222,1112,1110,2142,80,1038,665,373,1626,502,2147763,1071564,1076199
105,2016,12,澎湖縣,離島,澎湖縣,99,62,37,97,2,78,57,21,65,26,103263,53152,50111
105,2016,12,臺中市,中部,臺中市,2527,1362,1165,2424,103,1381,812,569,2090,525,2767239,1366312,1400927
105,2016,12,臺北市,北部,臺北市,2626,1342,1284,2559,67,1470,879,591,1958,490,2695704,1289510,1406194
105,2016,12,臺南市,南部,臺南市,1452,735,717,1406,46,1284,729,555,1326,360,1886033,943082,942951
105,2016,12,臺東縣,東部,臺東縣,150,90,60,141,9,223,148,75,127,62,220802,114205,106597
105,2016,12,花蓮縣,東部,花蓮縣,255,135,120,234,21,281,163,118,186,77,330911,168375,162536
105,2016,12,苗栗縣,中部,苗栗縣,417,205,212,404,13,389,213,176,353,111,559189,288469,270720
105,2016,12,連江縣,離島,連江縣,18,12,6,18,0,3,1,2,7,3,12595,7178,5417
105,2016,12,金門縣,離島,金門縣,141,75,66,140,1,62,35,27,90,17,135114,67572,67542
105,2016,12,雲林縣,中部,雲林縣,475,258,217,454,21,630,379,251,377,119,694873,360980,333893
105,2016,12,高雄市,南部,高雄市,2075,1059,1016,2003,72,1738,1086,652,1982,517,2779371,1379043,1400328
106,2017,1,南投縣,中部,南投縣,253,130,123,238,15,344,224,120,262,60,504838,258774,246064
106,2017,1,嘉義市,南部,嘉義市,147,68,79,143,4,159,85,74,136,43,269879,131399,138480
106,2017,1,嘉義縣,南部,嘉義縣,201,103,98,193,8,459,272,187,283,64,515012,267927,247085
106,2017,1,基隆市,北部,基隆市,161,86,75,155,6,201,124,77,218,83,372044,186476,185568
106,2017,1,宜蘭縣,北部,宜蘭縣,245,135,110,233,12,351,213,138,257,89,457349,231604,225745
106,2017,1,屏東縣,南部,屏東縣,372,203,169,347,25,616,388,228,470,127,835409,427496,407913
106,2017,1,彰化縣,中部,彰化縣,1014,511,503,988,26,827,497,330,796,171,1286842,656523,630319
106,2017,1,新北市,北部,新北市,2462,1273,1189,2367,95,1716,1025,691,2480,691,3979963,1952427,2027536
106,2017,1,新竹市,北部,新竹市,331,167,164,319,12,197,116,81,256,49,437753,216412,221341
106,2017,1,新竹縣,北部,新竹縣,419,226,193,407,12,264,161,103,332,86,547794,280195,267599
106,2017,1,桃園市,北部,桃園市,1735,900,835,1674,61,914,572,342,1417,387,2150685,1072883,1077802
106,2017,1,澎湖縣,離島,澎湖縣,87,52,35,85,2,68,42,26,56,20,103303,53186,50117
106,2017,1,臺中市,中部,臺中市,1926,1008,918,1865,61,1248,741,507,1866,437,2769005,1367013,1401992
106,2017,1,臺北市,北部,臺北市,1932,994,938,1885,47,1331,763,568,1613,398,2695371,1289308,1406063
106,2017,1,臺南市,南部,臺南市,1031,515,516,992,39,1125,661,464,1088,271,1886075,942956,943119
106,2017,1,臺東縣,東部,臺東縣,97,41,56,86,11,183,109,74,129,36,220712,114127,106585
106,2017,1,花蓮縣,東部,花蓮縣,166,90,76,147,19,244,153,91,188,71,330810,168296,162514
106,2017,1,苗栗縣,中部,苗栗縣,298,149,149,288,10,357,197,160,321,84,558779,288249,270530
106,2017,1,連江縣,離島,連江縣,8,4,4,7,1,3,2,1,3,2,12649,7214,5435
106,2017,1,金門縣,離島,金門縣,98,54,44,95,3,61,39,22,68,13,135223,67601,67622
106,2017,1,雲林縣,中部,雲林縣,371,176,195,359,12,580,354,226,361,115,694519,360733,333786
106,2017,1,高雄市,南部,高雄市,1542,769,773,1480,62,1587,966,621,1768,475,2779332,1378847,1400485
106,2017,2,南投縣,中部,南投縣,259,123,136,247,12,439,252,187,184,86,504561,258629,245932
106,2017,2,嘉義市,南部,嘉義市,141,74,67,133,8,185,98,87,100,57,269828,131353,138475
106,2017,2,嘉義縣,南部,嘉義縣,229,126,103,219,10,445,240,205,144,99,514717,267801,246916
106,2017,2,基隆市,北部,基隆市,158,74,84,150,8,284,165,119,145,60,372049,186434,185615
106,2017,2,宜蘭縣,北部,宜蘭縣,272,158,114,264,8,347,209,138,159,72,457323,231595,225728
106,2017,2,屏東縣,南部,屏東縣,386,214,172,355,31,755,465,290,341,134,834807,427143,407664
106,2017,2,彰化縣,中部,彰化縣,1038,564,474,1017,21,948,536,412,464,173,1286346,656228,630118
106,2017,2,新北市,北部,新北市,2518,1305,1213,2431,87,2035,1237,798,1576,715,3980317,1952369,2027948
106,2017,2,新竹市,北部,新竹市,360,183,177,347,13,231,144,87,175,68,438018,216490,221528
106,2017,2,新竹縣,北部,新竹縣,357,183,174,340,17,302,175,127,200,88,548090,280355,267735
106,2017,2,桃園市,北部,桃園市,1827,928,899,1759,68,1090,691,399,954,387,2153521,1074120,1079401
106,2017,2,澎湖縣,離島,澎湖縣,90,49,41,87,3,69,35,34,41,16,103281,53172,50109
106,2017,2,臺中市,中部,臺中市,1867,952,915,1801,66,1419,858,561,1180,430,2770356,1367504,1402852
106,2017,2,臺北市,北部,臺北市,2093,1076,1017,2039,54,1537,918,619,1175,421,2694195,1288568,1405627
106,2017,2,臺南市,南部,臺南市,1089,539,550,1050,39,1286,735,551,834,320,1886160,942924,943236
106,2017,2,臺東縣,東部,臺東縣,132,71,61,113,19,204,133,71,97,38,220632,114070,106562
106,2017,2,花蓮縣,東部,花蓮縣,197,92,105,174,23,290,196,94,142,77,330691,168186,162505
106,2017,2,苗栗縣,中部,苗栗縣,317,171,146,309,8,425,241,184,198,84,558373,288052,270321
106,2017,2,連江縣,離島,連江縣,10,5,5,10,0,3,2,1,6,0,12650,7209,5441
106,2017,2,金門縣,離島,金門縣,107,56,51,106,1,76,43,33,52,19,135235,67599,67636
106,2017,2,雲林縣,中部,雲林縣,360,187,173,350,10,649,383,266,225,87,693987,360422,333565
106,2017,2,高雄市,南部,高雄市,1669,877,792,1590,79,1846,1110,736,1264,534,2779052,1378572,1400480
106,2017,3,南投縣,中部,南投縣,326,180,146,311,15,501,299,202,248,101,504098,258365,245733
106,2017,3,嘉義市,南部,嘉義市,188,107,81,173,15,192,113,79,134,53,269938,131390,138548
106,2017,3,嘉義縣,南部,嘉義縣,268,143,125,257,11,563,326,237,230,104,514134,267511,246623
106,2017,3,基隆市,北部,基隆市,213,94,119,201,12,307,183,124,171,94,371973,186382,185591
106,2017,3,宜蘭縣,北部,宜蘭縣,336,171,165,320,16,390,241,149,223,97,457205,231495,225710
106,2017,3,屏東縣,南部,屏東縣,455,251,204,425,30,828,498,330,453,219,834191,426839,407352
106,2017,3,彰化縣,中部,彰化縣,1283,665,618,1245,38,1092,621,471,615,223,1285885,655930,629955
106,2017,3,新北市,北部,新北市,3186,1624,1562,3070,116,2353,1428,925,2188,951,3980414,1952161,2028253
106,2017,3,新竹市,北部,新竹市,405,227,178,390,15,285,163,122,227,84,438322,216616,221706
106,2017,3,新竹縣,北部,新竹縣,505,268,237,487,18,390,235,155,311,119,548418,280483,267935
106,2017,3,桃園市,北部,桃園市,2201,1151,1050,2112,89,1370,853,517,1261,530,2156999,1075714,1081285
106,2017,3,澎湖縣,離島,澎湖縣,104,54,50,98,6,83,50,33,57,30,103343,53217,50126
106,2017,3,臺中市,中部,臺中市,2357,1264,1093,2274,83,1658,969,689,1445,557,2772118,1368268,1403850
106,2017,3,臺北市,北部,臺北市,2537,1306,1231,2480,57,1834,1077,757,1467,485,2693313,1287959,1405354
106,2017,3,臺南市,南部,臺南市,1254,637,617,1221,33,1469,874,595,959,335,1886368,942871,943497
106,2017,3,臺東縣,東部,臺東縣,143,74,69,126,17,224,142,82,110,45,220465,113979,106486
106,2017,3,花蓮縣,東部,花蓮縣,202,108,94,182,20,331,206,125,206,75,330484,168045,162439
106,2017,3,苗栗縣,中部,苗栗縣,375,184,191,354,21,553,336,217,262,118,557741,287715,270026
106,2017,3,連江縣,離島,連江縣,12,8,4,12,0,4,3,1,9,3,12678,7225,5453
106,2017,3,金門縣,離島,金門縣,119,57,62,117,2,83,47,36,54,23,135342,67643,67699
106,2017,3,雲林縣,中部,雲林縣,431,229,202,418,13,721,419,302,305,148,693525,360118,333407
106,2017,3,高雄市,南部,高雄市,1966,1010,956,1894,72,2160,1331,829,1497,667,2778726,1378142,1400584
106,2017,4,南投縣,中部,南投縣,257,148,109,248,9,337,192,145,193,102,503862,258271,245591
106,2017,4,嘉義市,南部,嘉義市,146,76,70,141,5,141,75,66,94,60,269949,131368,138581
106,2017,4,嘉義縣,南部,嘉義縣,210,106,104,202,8,387,214,173,168,87,513772,267350,246422
106,2017,4,基隆市,北部,基隆市,158,79,79,153,5,231,137,94,158,85,372086,186370,185716
106,2017,4,宜蘭縣,北部,宜蘭縣,232,117,115,229,3,317,184,133,202,81,457093,231436,225657
106,2017,4,屏東縣,南部,屏東縣,353,152,201,319,34,689,406,283,314,142,833602,426564,407038
106,2017,4,彰化縣,中部,彰化縣,971,500,471,945,26,833,476,357,553,155,1285450,655657,629793
106,2017,4,新北市,北部,新北市,2346,1191,1155,2265,81,1963,1169,794,1746,713,3980867,1952123,2028744
106,2017,4,新竹市,北部,新竹市,310,142,168,299,11,220,139,81,190,69,438524,216669,221855
106,2017,4,新竹縣,北部,新竹縣,350,183,167,337,13,302,190,112,221,99,548660,280557,268103
106,2017,4,桃園市,北部,桃園市,1746,897,849,1683,63,970,596,374,1031,422,2160035,1077025,1083010
106,2017,4,澎湖縣,離島,澎湖縣,60,30,30,59,1,54,31,23,43,19,103385,53264,50121
106,2017,4,臺中市,中部,臺中市,1809,941,868,1751,57,1276,754,522,1219,477,2773527,1368815,1404712
106,2017,4,臺北市,北部,臺北市,1778,910,868,1740,38,1322,752,570,1062,393,2692118,1287277,1404841
106,2017,4,臺南市,南部,臺南市,1032,521,511,999,33,1030,592,438,794,333,1886636,942889,943747
106,2017,4,臺東縣,東部,臺東縣,110,60,50,99,11,204,127,77,75,47,220244,113874,106370
106,2017,4,花蓮縣,東部,花蓮縣,157,82,75,144,13,260,165,95,147,77,330343,167947,162396
106,2017,4,苗栗縣,中部,苗栗縣,252,135,117,240,12,400,230,170,228,92,557225,287459,269766
106,2017,4,連江縣,離島,連江縣,14,7,7,14,0,7,4,3,2,1,12687,7234,5453
106,2017,4,金門縣,離島,金門縣,97,46,51,93,4,59,34,25,40,22,135440,67674,67766
106,2017,4,雲林縣,中部,雲林縣,355,179,176,338,17,540,321,219,239,105,693209,359927,333282
106,2017,4,高雄市,南部,高雄市,1502,749,753,1436,66,1568,956,612,1146,469,2778734,1377883,1400851
106,2017,5,南投縣,中部,南投縣,273,134,139,258,15,405,230,175,277,89,503575,258110,245465
106,2017,5,嘉義市,南部,嘉義市,148,73,75,143,5,169,96,73,164,53,269793,131279,138514
106,2017,5,嘉義縣,南部,嘉義縣,217,120,97,204,13,471,263,208,241,92,513393,267174,246219
106,2017,5,基隆市,北部,基隆市,168,88,80,158,10,228,136,92,247,97,371981,186309,185672
106,2017,5,宜蘭縣,北部,宜蘭縣,273,127,146,263,10,332,226,106,264,89,457133,231363,225770
106,2017,5,屏東縣,南部,屏東縣,414,226,188,384,30,705,405,300,452,170,832994,426261,406733
106,2017,5,彰化縣,中部,彰化縣,988,552,436,964,24,859,487,372,746,213,1284785,655305,629480
106,2017,5,新北市,北部,新北市,2702,1386,1316,2609,93,1891,1165,726,2842,840,3982268,1952622,2029646
106,2017,5,新竹市,北部,新竹市,307,159,148,298,9,243,131,112,306,71,438863,216853,222010
106,2017,5,新竹縣,北部,新竹縣,415,215,200,397,18,295,191,104,338,107,549118,280780,268338
106,2017,5,桃園市,北部,桃園市,1823,953,870,1741,82,994,602,392,1640,523,2163728,1078692,1085036
106,2017,5,澎湖縣,離島,澎湖縣,80,46,34,77,3,60,36,24,37,20,103434,53291,50143
106,2017,5,臺中市,中部,臺中市,1977,1008,969,1899,78,1381,801,580,1916,513,2775294,1369447,1405847
106,2017,5,臺北市,北部,臺北市,2135,1074,1061,2086,49,1398,771,627,1843,425,2690813,1286421,1404392
106,2017,5,臺南市,南部,臺南市,1166,623,543,1127,38,1274,726,548,1069,355,1886473,942732,943741
106,2017,5,臺東縣,東部,臺東縣,107,43,64,96,11,184,114,70,113,44,220191,113818,106373
106,2017,5,花蓮縣,東部,花蓮縣,202,102,100,176,26,269,180,89,217,73,330139,167816,162323
106,2017,5,苗栗縣,中部,苗栗縣,299,156,143,290,9,434,249,185,321,114,556638,287162,269476
106,2017,5,連江縣,離島,連江縣,12,6,6,12,0,8,5,3,4,6,12696,7237,5459
106,2017,5,金門縣,離島,金門縣,90,44,46,89,1,56,32,24,71,26,135535,67706,67829
106,2017,5,雲林縣,中部,雲林縣,330,167,163,314,16,596,345,251,319,116,692818,359686,333132
106,2017,5,高雄市,南部,高雄市,1643,847,796,1570,73,1662,1008,654,1645,528,2778415,1377619,1400796
106,2017,6,南投縣,中部,南投縣,280,131,149,266,14,424,248,176,217,102,503261,257890,245371
106,2017,6,嘉義市,南部,嘉義市,162,83,79,158,4,164,94,70,112,65,269717,131236,138481
106,2017,6,嘉義縣,南部,嘉義縣,224,100,124,209,15,465,261,204,170,109,513082,266990,246092
106,2017,6,基隆市,北部,基隆市,191,97,94,182,9,246,156,90,169,89,371876,186221,185655
106,2017,6,宜蘭縣,北部,宜蘭縣,288,146,142,275,13,343,182,161,199,115,457106,231387,225719
106,2017,6,屏東縣,南部,屏東縣,367,195,172,346,21,719,411,308,350,183,832489,425970,406519
106,2017,6,彰化縣,中部,彰化縣,1025,535,490,997,28,855,478,377,532,215,1284423,655100,629323
106,2017,6,新北市,北部,新北市,2549,1273,1276,2445,104,1988,1149,839,1917,935,3982434,1952479,2029955
106,2017,6,新竹市,北部,新竹市,384,199,185,370,14,227,148,79,229,84,439299,217034,222265
106,2017,6,新竹縣,北部,新竹縣,376,177,199,355,21,284,165,119,259,116,549580,280952,268628
106,2017,6,桃園市,北部,桃園市,1966,1016,950,1891,75,1081,672,409,1184,495,2167616,1080489,1087127
106,2017,6,澎湖縣,離島,澎湖縣,84,53,31,84,0,77,45,32,47,23,103406,53283,50123
106,2017,6,臺中市,中部,臺中市,1941,1058,883,1869,71,1426,869,557,1264,567,2776579,1369969,1406610
106,2017,6,臺北市,北部,臺北市,2071,1090,981,2026,45,1451,782,669,1242,516,2689845,1285810,1404035
106,2017,6,臺南市,南部,臺南市,1109,576,533,1067,42,1340,768,572,697,331,1886502,942629,943873
106,2017,6,臺東縣,東部,臺東縣,116,66,50,105,11,192,127,65,99,53,220083,113739,106344
106,2017,6,花蓮縣,東部,花蓮縣,221,123,98,203,18,287,165,122,169,73,329976,167749,162227
106,2017,6,苗栗縣,中部,苗栗縣,351,177,174,341,10,379,230,149,233,121,556324,287015,269309
106,2017,6,連江縣,離島,連江縣,15,5,10,15,0,7,5,2,5,1,12716,7244,5472
106,2017,6,金門縣,離島,金門縣,107,58,49,104,3,63,40,23,57,13,135563,67720,67843
106,2017,6,雲林縣,中部,雲林縣,384,196,188,364,20,637,372,265,245,133,692570,359510,333060
106,2017,6,高雄市,南部,高雄市,1613,860,753,1540,73,1798,1077,721,1165,608,2778023,1377216,1400807
106,2017,7,南投縣,中部,南投縣,263,139,124,253,10,414,216,198,176,83,502932,257730,245202
106,2017,7,嘉義市,南部,嘉義市,141,82,59,135,6,165,88,77,70,45,269608,131192,138416
106,2017,7,嘉義縣,南部,嘉義縣,229,102,127,218,11,445,250,195,148,100,512792,266824,245968
106,2017,7,基隆市,北部,基隆市,174,82,92,164,10,265,158,107,159,79,371853,186184,185669
106,2017,7,宜蘭縣,北部,宜蘭縣,271,137,134,260,11,356,203,153,163,67,456985,231292,225693
106,2017,7,屏東縣,南部,屏東縣,381,194,187,356,25,669,384,285,285,166,832127,425774,406353
106,2017,7,彰化縣,中部,彰化縣,1044,509,535,1015,29,858,504,354,439,198,1284045,654805,629240
106,2017,7,新北市,北部,新北市,2642,1402,1240,2547,95,1998,1153,845,1525,856,3984051,1953075,2030976
106,2017,7,新竹市,北部,新竹市,322,176,146,314,8,211,131,80,172,85,439435,217068,222367
106,2017,7,新竹縣,北部,新竹縣,413,224,189,400,13,303,181,122,193,119,550070,281190,268880
106,2017,7,桃園市,北部,桃園市,1861,942,919,1778,83,1068,680,388,1004,521,2171127,1082047,1089080
106,2017,7,澎湖縣,離島,澎湖縣,76,42,34,72,4,91,47,44,30,19,103419,53282,50137
106,2017,7,臺中市,中部,臺中市,1881,997,884,1812,69,1453,844,609,1156,550,2778182,1370560,1407622
106,2017,7,臺北市,北部,臺北市,1967,982,985,1921,45,1483,819,664,1139,462,2687629,1284637,1402992
106,2017,7,臺南市,南部,臺南市,1038,543,495,995,43,1215,658,557,627,336,1886267,942468,943799
106,2017,7,臺東縣,東部,臺東縣,123,60,63,107,16,231,157,74,78,49,219974,113658,106316
106,2017,7,花蓮縣,東部,花蓮縣,206,105,101,189,17,293,186,107,120,82,329845,167639,162206
106,2017,7,苗栗縣,中部,苗栗縣,305,162,143,291,14,415,226,189,193,122,555972,286841,269131
106,2017,7,連江縣,離島,連江縣,7,2,5,7,0,7,6,1,5,0,12727,7244,5483
106,2017,7,金門縣,離島,金門縣,97,57,40,94,3,69,44,25,38,22,135816,67860,67956
106,2017,7,雲林縣,中部,雲林縣,348,193,155,335,13,638,361,277,213,123,692074,359292,332782
106,2017,7,高雄市,南部,高雄市,1514,804,710,1443,71,1832,1101,731,987,557,2777873,1376936,1400937
106,2017,8,南投縣,中部,南投縣,290,149,141,273,17,419,242,177,165,92,502482,257490,244992
106,2017,8,嘉義市,南部,嘉義市,159,72,87,153,6,175,100,75,87,56,269427,131080,138347
106,2017,8,嘉義縣,南部,嘉義縣,262,135,127,246,16,457,277,180,159,86,512548,266639,245909
106,2017,8,基隆市,北部,基隆市,201,104,97,193,8,246,147,99,144,96,371819,186123,185696
106,2017,8,宜蘭縣,北部,宜蘭縣,263,144,119,250,12,345,217,128,140,99,456904,231249,225655
106,2017,8,屏東縣,南部,屏東縣,461,243,218,438,23,817,479,338,265,193,831629,425446,406183
106,2017,8,彰化縣,中部,彰化縣,1128,597,531,1100,28,922,546,376,387,204,1283426,654465,628961
106,2017,8,新北市,北部,新北市,2686,1391,1295,2572,114,2194,1275,919,1528,993,3984720,1953089,2031631
106,2017,8,新竹市,北部,新竹市,387,180,207,381,6,242,141,101,142,91,439747,217175,222572
106,2017,8,新竹縣,北部,新竹縣,409,206,203,399,10,319,202,117,161,103,550621,281435,269186
106,2017,8,桃園市,北部,桃園市,2038,1104,934,1956,81,1088,675,413,860,538,2174895,1083834,1091061
106,2017,8,澎湖縣,離島,澎湖縣,104,51,53,100,4,81,45,36,38,36,103412,53272,50140
106,2017,8,臺中市,中部,臺中市,2168,1156,1012,2076,92,1600,962,638,969,615,2780155,1371360,1408795
106,2017,8,臺北市,北部,臺北市,2044,1045,999,1990,53,1563,903,660,955,524,2685202,1283373,1401829
106,2017,8,臺南市,南部,臺南市,1178,646,532,1138,40,1426,823,603,555,390,1886145,942334,943811
106,2017,8,臺東縣,東部,臺東縣,111,56,55,93,18,221,139,82,77,47,219879,113573,106306
106,2017,8,花蓮縣,東部,花蓮縣,189,99,90,174,15,279,159,120,119,94,329676,167552,162124
106,2017,8,苗栗縣,中部,苗栗縣,336,168,168,322,14,435,252,183,145,117,555485,286612,268873
106,2017,8,連江縣,離島,連江縣,15,9,6,14,1,4,3,1,2,3,12756,7257,5499
106,2017,8,金門縣,離島,金門縣,105,48,57,104,1,65,41,24,33,28,136004,67952,68052
106,2017,8,雲林縣,中部,雲林縣,387,206,181,372,15,644,378,266,178,129,691673,359049,332624
106,2017,8,高雄市,南部,高雄市,1818,964,854,1761,57,2038,1220,818,975,607,2777564,1376688,1400876
106,2017,9,南投縣,中部,南投縣,262,131,131,241,21,365,222,143,132,81,502095,257275,244820
106,2017,9,嘉義市,南部,嘉義市,163,87,76,158,5,139,81,58,63,55,269338,131016,138322
106,2017,9,嘉義縣,南部,嘉義縣,212,110,102,203,9,460,264,196,108,92,512064,266387,245677
106,2017,9,基隆市,北部,基隆市,195,103,92,184,11,232,138,94,116,96,371758,186094,185664
106,2017,9,宜蘭縣,北部,宜蘭縣,275,145,130,264,11,281,173,108,158,83,456851,231178,225673
106,2017,9,屏東縣,南部,屏東縣,370,199,171,346,24,713,417,296,235,190,831073,425131,405942
106,2017,9,彰化縣,中部,彰化縣,1084,547,537,1060,24,792,452,340,359,220,1282991,654153,628838
106,2017,9,新北市,北部,新北市,2509,1268,1241,2420,89,1794,1059,735,1419,818,3984975,1953080,2031895
106,2017,9,新竹市,北部,新竹市,337,182,155,334,3,168,104,64,142,89,440098,217366,222732
106,2017,9,新竹縣,北部,新竹縣,415,216,199,398,16,251,154,97,194,102,551201,281675,269526
106,2017,9,桃園市,北部,桃園市,1924,994,930,1840,84,966,623,343,924,467,2178458,1085409,1093049
106,2017,9,澎湖縣,離島,澎湖縣,61,36,25,61,0,63,39,24,16,24,103843,53526,50317
106,2017,9,臺中市,中部,臺中市,2000,1074,926,1934,66,1363,797,566,974,540,2781498,1371911,1409587
106,2017,9,臺北市,北部,臺北市,2046,1063,983,1982,64,1393,780,613,940,461,2682893,1282133,1400760
106,2017,9,臺南市,南部,臺南市,1212,621,591,1170,42,1251,741,510,557,366,1886088,942212,943876
106,2017,9,臺東縣,東部,臺東縣,141,73,68,117,24,182,116,66,72,45,219716,113483,106233
106,2017,9,花蓮縣,東部,花蓮縣,212,113,99,192,20,268,171,97,129,93,329531,167419,162112
106,2017,9,苗栗縣,中部,苗栗縣,318,171,147,308,10,374,225,149,181,139,555049,286412,268637
106,2017,9,連江縣,離島,連江縣,18,15,3,18,0,3,3,0,4,5,12766,7268,5498
106,2017,9,金門縣,離島,金門縣,98,53,45,96,2,58,36,22,33,13,136812,68372,68440
106,2017,9,雲林縣,中部,雲林縣,368,181,187,355,13,585,329,256,168,102,691348,358825,332523
106,2017,9,高雄市,南部,高雄市,1692,896,796,1609,83,1735,1070,665,920,598,2777021,1376232,1400789
106,2017,10,南投縣,中部,南投縣,286,144,142,273,13,394,236,158,261,95,501757,257101,244656
106,2017,10,嘉義市,南部,嘉義市,170,94,76,166,4,164,98,66,144,58,269364,130955,138409
106,2017,10,嘉義縣,南部,嘉義縣,270,136,134,259,11,469,281,188,242,86,511797,266244,245553
106,2017,10,基隆市,北部,基隆市,204,110,94,189,15,228,133,95,202,80,371669,186037,185632
106,2017,10,宜蘭縣,北部,宜蘭縣,288,166,122,271,17,297,188,109,231,78,456756,231133,225623
106,2017,10,屏東縣,南部,屏東縣,449,233,216,416,33,718,431,287,342,163,830697,424893,405804
106,2017,10,彰化縣,中部,彰化縣,1188,604,584,1158,30,859,510,349,695,228,1282934,654036,628898
106,2017,10,新北市,北部,新北市,2665,1371,1294,2562,103,1792,1054,738,2362,808,3985698,1953214,2032484
106,2017,10,新竹市,北部,新竹市,382,204,178,374,8,205,106,99,280,75,440409,217528,222881
106,2017,10,新竹縣,北部,新竹縣,401,219,182,384,17,309,197,112,313,97,551447,281746,269701
106,2017,10,桃園市,北部,桃園市,2147,1137,1010,2065,82,1062,667,395,1461,528,2181470,1086784,1094686
106,2017,10,澎湖縣,離島,澎湖縣,101,63,38,97,4,68,45,23,50,26,103956,53579,50377
106,2017,10,臺中市,中部,臺中市,2159,1090,1069,2079,80,1364,818,546,1716,539,2783298,1372589,1410709
106,2017,10,臺北市,北部,臺北市,2092,1076,1016,2053,39,1358,781,577,1537,447,2683202,1282133,1401069
106,2017,10,臺南市,南部,臺南市,1264,636,628,1220,44,1172,694,478,944,335,1886387,942286,944101
106,2017,10,臺東縣,東部,臺東縣,132,78,54,114,18,174,101,73,98,62,219686,113451,106235
106,2017,10,花蓮縣,東部,花蓮縣,213,118,95,195,18,246,157,89,205,83,329462,167352,162110
106,2017,10,苗栗縣,中部,苗栗縣,330,162,168,323,7,366,214,152,327,92,554652,286255,268397
106,2017,10,連江縣,離島,連江縣,9,5,4,9,0,6,6,0,11,4,12823,7305,5518
106,2017,10,金門縣,離島,金門縣,126,71,55,122,4,65,42,23,67,17,137042,68495,68547
106,2017,10,雲林縣,中部,雲林縣,418,194,224,398,20,614,364,250,303,106,691021,358578,332443
106,2017,10,高雄市,南部,高雄市,1742,882,860,1652,90,1780,1081,699,1445,512,2776791,1375921,1400870
106,2017,11,南投縣,中部,南投縣,299,150,149,280,19,426,257,169,232,79,501474,256920,244554
106,2017,11,嘉義市,南部,嘉義市,188,105,83,183,5,162,93,69,109,54,269338,130937,138401
106,2017,11,嘉義縣,南部,嘉義縣,228,133,95,215,13,461,279,182,212,78,511520,266108,245412
106,2017,11,基隆市,北部,基隆市,209,119,90,202,7,225,129,96,172,90,371560,185963,185597
106,2017,11,宜蘭縣,北部,宜蘭縣,323,156,167,305,18,315,186,129,212,95,456688,231048,225640
106,2017,11,屏東縣,南部,屏東縣,444,237,207,425,19,744,467,277,390,157,830303,424680,405623
106,2017,11,彰化縣,中部,彰化縣,1143,567,576,1104,39,777,462,315,643,201,1282669,653799,628870
106,2017,11,新北市,北部,新北市,2730,1415,1315,2614,116,1880,1125,755,2137,816,3986291,1953303,2032988
106,2017,11,新竹市,北部,新竹市,388,194,194,378,10,214,125,89,248,86,440717,217633,223084
106,2017,11,新竹縣,北部,新竹縣,471,253,218,452,19,323,202,121,262,104,551816,281899,269917
106,2017,11,桃園市,北部,桃園市,2042,1034,1008,1974,68,1026,641,385,1243,508,2184655,1088179,1096476
106,2017,11,澎湖縣,離島,澎湖縣,93,48,45,90,3,58,35,23,44,29,104005,53592,50413
106,2017,11,臺中市,中部,臺中市,2165,1151,1014,2076,89,1302,798,504,1582,568,2785159,1373382,1411777
106,2017,11,臺北市,北部,臺北市,2230,1138,1092,2170,60,1352,785,567,1259,485,2683321,1282030,1401291
106,2017,11,臺南市,南部,臺南市,1242,653,589,1204,38,1203,674,529,963,368,1886465,942317,944148
106,2017,11,臺東縣,東部,臺東縣,150,84,66,129,21,194,113,81,91,51,219627,113415,106212
106,2017,11,花蓮縣,東部,花蓮縣,211,115,96,194,17,249,165,84,162,83,329374,167288,162086
106,2017,11,苗栗縣,中部,苗栗縣,337,176,161,322,15,416,247,169,290,120,554267,286057,268210
106,2017,11,連江縣,離島,連江縣,9,7,2,9,0,5,3,2,3,1,12841,7321,5520
106,2017,11,金門縣,離島,金門縣,119,71,48,115,4,54,32,22,58,18,137255,68605,68650
106,2017,11,雲林縣,中部,雲林縣,388,207,181,374,14,566,327,239,307,118,690662,358358,332304
106,2017,11,高雄市,南部,高雄市,1803,954,849,1731,72,1680,1051,629,1361,522,2776846,1375691,1401155
106,2017,12,南投縣,中部,南投縣,288,147,141,271,17,422,223,199,306,96,501051,256732,244319
106,2017,12,嘉義市,南部,嘉義市,171,89,82,160,11,176,104,72,149,56,269398,130974,138424
106,2017,12,嘉義縣,南部,嘉義縣,253,124,129,235,18,459,284,175,281,85,511182,265882,245300
106,2017,12,基隆市,北部,基隆市,216,109,107,201,15,221,126,95,239,77,371458,185870,185588
106,2017,12,宜蘭縣,北部,宜蘭縣,262,130,132,251,11,333,198,135,279,68,456607,230976,225631
106,2017,12,屏東縣,南部,屏東縣,372,193,179,349,23,640,375,265,449,135,829939,424486,405453
106,2017,12,彰化縣,中部,彰化縣,1164,620,544,1132,32,839,488,351,865,189,1282458,653646,628812
106,2017,12,新北市,北部,新北市,2616,1362,1254,2516,100,1921,1151,770,2771,813,3986689,1953397,2033292
106,2017,12,新竹市,北部,新竹市,374,202,172,365,9,218,126,92,312,74,441132,217831,223301
106,2017,12,新竹縣,北部,新竹縣,422,227,195,406,16,299,179,120,376,93,552169,282073,270096
106,2017,12,桃園市,北部,桃園市,2046,1063,983,1960,86,991,631,360,1669,490,2188017,1089619,1098398
106,2017,12,澎湖縣,離島,澎湖縣,98,50,48,97,1,75,38,37,55,24,104073,53648,50425
106,2017,12,臺中市,中部,臺中市,2088,1079,1009,2012,76,1414,838,576,2136,528,2787070,1374085,1412985
106,2017,12,臺北市,北部,臺北市,2117,1124,993,2044,73,1445,803,642,1925,483,2683257,1281917,1401340
106,2017,12,臺南市,南部,臺南市,1158,607,551,1120,38,1205,708,497,1246,331,1886522,942278,944244
106,2017,12,臺東縣,東部,臺東縣,122,66,56,113,9,186,119,67,118,48,219540,113378,106162
106,2017,12,花蓮縣,東部,花蓮縣,196,97,99,170,26,274,163,111,204,76,329237,167179,162058
106,2017,12,苗栗縣,中部,苗栗縣,326,175,151,315,11,417,248,169,350,96,553807,285844,267963
106,2017,12,連江縣,離島,連江縣,10,6,4,10,0,7,6,1,7,1,12880,7349,5531
106,2017,12,金門縣,離島,金門縣,118,61,57,115,3,59,29,30,90,22,137456,68722,68734
106,2017,12,雲林縣,中部,雲林縣,393,195,198,371,22,554,317,237,383,113,690373,358179,332194
106,2017,12,高雄市,南部,高雄市,1756,917,839,1674,82,1682,1013,669,1806,544,2776912,1375515,1401397
107,2018,1,南投縣,中部,南投縣,324,157,167,304,20,479,268,211,286,79,500686,256509,244177
107,2018,1,嘉義市,南部,嘉義市,173,100,73,167,6,202,110,92,181,44,269345,130986,138359
107,2018,1,嘉義縣,南部,嘉義縣,244,127,117,232,12,515,292,223,238,81,510806,265648,245158
107,2018,1,基隆市,北部,基隆市,166,85,81,158,8,293,155,138,178,84,371317,185819,185498
107,2018,1,宜蘭縣,北部,宜蘭縣,284,161,123,268,16,405,232,173,257,72,456362,230845,225517
107,2018,1,屏東縣,南部,屏東縣,435,249,186,415,20,812,506,306,441,157,829475,424193,405282
107,2018,1,彰化縣,中部,彰化縣,1214,618,596,1171,43,998,586,412,790,184,1281940,653279,628661
107,2018,1,新北市,北部,新北市,2712,1398,1314,2605,107,2364,1359,1005,2453,856,3986348,1952979,2033369
107,2018,1,新竹市,北部,新竹市,385,189,196,372,13,222,126,96,276,74,441639,218043,223596
107,2018,1,新竹縣,北部,新竹縣,405,223,182,385,20,369,205,164,311,97,552334,282203,270131
107,2018,1,桃園市,北部,桃園市,2076,1079,997,1980,96,1248,768,480,1500,477,2191034,1090912,1100122
107,2018,1,澎湖縣,離島,澎湖縣,97,48,49,95,2,94,55,39,42,16,104105,53648,50457
107,2018,1,臺中市,中部,臺中市,2127,1099,1028,2051,76,1600,921,679,1864,541,2788828,1374775,1414053
107,2018,1,臺北市,北部,臺北市,2107,1084,1023,2043,64,1770,991,779,1597,469,2682721,1281596,1401125
107,2018,1,臺南市,南部,臺南市,1209,591,618,1158,51,1454,849,605,1125,317,1886251,942064,944187
107,2018,1,臺東縣,東部,臺東縣,137,74,63,119,18,209,131,78,111,41,219467,113315,106152
107,2018,1,花蓮縣,東部,花蓮縣,241,119,122,220,21,339,216,123,165,69,329016,167039,161977
107,2018,1,苗栗縣,中部,苗栗縣,313,168,145,303,10,509,280,229,366,86,553245,285557,267688
107,2018,1,連江縣,離島,連江縣,10,9,1,8,2,6,6,0,4,3,12906,7366,5540
107,2018,1,金門縣,離島,金門縣,127,69,58,126,1,68,42,26,74,17,137577,68802,68775
107,2018,1,雲林縣,中部,雲林縣,401,199,202,390,11,731,445,286,398,102,689861,357856,332005
107,2018,1,高雄市,南部,高雄市,1929,973,956,1842,87,2074,1271,803,1657,518,2776786,1375196,1401590
107,2018,2,南投縣,中部,南投縣,255,142,113,239,16,388,220,168,170,77,500449,256407,244042
107,2018,2,嘉義市,南部,嘉義市,167,92,75,160,7,156,91,65,110,33,269327,130982,138345
107,2018,2,嘉義縣,南部,嘉義縣,183,99,84,176,7,500,305,195,172,74,510498,265431,245067
107,2018,2,基隆市,北部,基隆市,154,82,72,146,8,252,157,95,137,60,371204,185740,185464
107,2018,2,宜蘭縣,北部,宜蘭縣,242,131,111,234,8,328,189,139,157,53,456259,230773,225486
107,2018,2,屏東縣,南部,屏東縣,380,191,189,356,24,711,409,302,300,115,829094,423989,405105
107,2018,2,彰化縣,中部,彰化縣,932,462,470,908,24,943,554,389,435,147,1281304,652884,628420
107,2018,2,新北市,北部,新北市,2075,1081,994,2001,74,2021,1225,796,1629,602,3986501,1952839,2033662
107,2018,2,新竹市,北部,新竹市,291,152,139,279,12,216,134,82,176,70,441817,218100,223717
107,2018,2,新竹縣,北部,新竹縣,298,168,130,287,11,320,187,133,183,82,552488,282278,270210
107,2018,2,桃園市,北部,桃園市,1561,796,765,1511,50,1011,644,367,912,363,2193098,1091840,1101258
107,2018,2,澎湖縣,離島,澎湖縣,64,34,30,63,1,78,43,35,39,20,104087,53641,50446
107,2018,2,臺中市,中部,臺中市,1687,902,785,1614,73,1466,876,590,1269,415,2790381,1375300,1415081
107,2018,2,臺北市,北部,臺北市,1779,910,869,1735,44,1445,814,631,1145,366,2681375,1280882,1400493
107,2018,2,臺南市,南部,臺南市,939,490,449,904,35,1265,725,540,768,247,1886074,941905,944169
107,2018,2,臺東縣,東部,臺東縣,94,50,44,84,10,195,121,74,88,37,219436,113292,106144
107,2018,2,花蓮縣,東部,花蓮縣,175,93,82,154,21,307,182,125,131,50,328853,166956,161897
107,2018,2,苗栗縣,中部,苗栗縣,262,129,133,250,12,435,264,171,187,82,552807,285324,267483
107,2018,2,連江縣,離島,連江縣,9,0,9,9,0,8,7,1,3,1,12902,7345,5557
107,2018,2,金門縣,離島,金門縣,83,35,48,82,1,65,33,32,65,15,137625,68814,68811
107,2018,2,雲林縣,中部,雲林縣,314,165,149,306,8,659,397,262,245,77,689463,357579,331884
107,2018,2,高雄市,南部,高雄市,1524,779,745,1474,50,1724,1059,665,1187,410,2776366,1374786,1401580
107,2018,3,南投縣,中部,南投縣,303,179,124,285,18,475,286,189,218,97,500103,256247,243856
107,2018,3,嘉義市,南部,嘉義市,197,106,91,191,6,213,126,87,137,71,269307,130953,138354
107,2018,3,嘉義縣,南部,嘉義縣,228,98,130,219,9,543,301,242,243,95,510018,265137,244881
107,2018,3,基隆市,北部,基隆市,206,110,96,198,8,314,187,127,178,75,371119,185696,185423
107,2018,3,宜蘭縣,北部,宜蘭縣,295,147,148,283,12,390,214,176,208,99,456068,230664,225404
107,2018,3,屏東縣,南部,屏東縣,378,196,182,353,25,742,470,272,434,159,828654,423672,404982
107,2018,3,彰化縣,中部,彰化縣,1134,585,549,1102,32,1061,595,466,549,213,1280528,652498,628030
107,2018,3,新北市,北部,新北市,2704,1405,1299,2590,114,2418,1434,984,2044,952,3986382,1952555,2033827
107,2018,3,新竹市,北部,新竹市,376,176,200,365,11,296,169,127,224,104,442315,218270,224045
107,2018,3,新竹縣,北部,新竹縣,392,201,191,378,14,389,235,154,280,133,552877,282458,270419
107,2018,3,桃園市,北部,桃園市,2091,1058,1033,2010,81,1294,806,488,1261,603,2196349,1093216,1103133
107,2018,3,澎湖縣,離島,澎湖縣,71,35,36,65,6,79,46,33,52,29,104086,53642,50444
107,2018,3,臺中市,中部,臺中市,2045,1021,1024,1960,85,1670,1026,644,1417,623,2792164,1375913,1416251
107,2018,3,臺北市,北部,臺北市,2168,1090,1078,2120,47,1888,1077,811,1427,468,2680218,1280179,1400039
107,2018,3,臺南市,南部,臺南市,1143,583,560,1098,45,1518,874,644,1004,372,1885882,941658,944224
107,2018,3,臺東縣,東部,臺東縣,145,72,73,127,18,219,133,86,108,56,219466,113277,106189
107,2018,3,花蓮縣,東部,花蓮縣,198,95,103,180,18,319,207,112,176,94,328695,166830,161865
107,2018,3,苗栗縣,中部,苗栗縣,301,145,156,282,19,483,285,198,244,97,552161,284981,267180
107,2018,3,連江縣,離島,連江縣,17,10,7,17,0,6,5,1,9,3,12923,7367,5556
107,2018,3,金門縣,離島,金門縣,114,62,52,108,6,84,57,27,57,14,137642,68810,68832
107,2018,3,雲林縣,中部,雲林縣,373,210,163,357,16,715,430,285,291,127,689098,357359,331739
107,2018,3,高雄市,南部,高雄市,1825,972,853,1763,62,2084,1186,898,1560,652,2775935,1374442,1401493
107,2018,4,南投縣,中部,南投縣,250,136,114,239,11,404,230,174,160,73,499879,256074,243805
107,2018,4,嘉義市,南部,嘉義市,149,78,71,143,6,175,95,80,92,46,269239,130888,138351
107,2018,4,嘉義縣,南部,嘉義縣,181,95,86,170,11,449,272,177,165,71,509677,264935,244742
107,2018,4,基隆市,北部,基隆市,166,86,80,155,11,246,152,94,118,85,371099,185660,185439
107,2018,4,宜蘭縣,北部,宜蘭縣,244,125,119,236,8,309,179,130,180,90,456066,230624,225442
107,2018,4,屏東縣,南部,屏東縣,320,173,147,301,19,690,418,272,306,150,828524,423554,404970
107,2018,4,彰化縣,中部,彰化縣,926,494,432,902,24,890,521,369,429,195,1280038,652209,627829
107,2018,4,新北市,北部,新北市,2150,1094,1056,2061,89,1914,1152,762,1539,788,3985915,1952088,2033827
107,2018,4,新竹市,北部,新竹市,297,155,142,289,8,228,128,100,187,75,442570,218393,224177
107,2018,4,新竹縣,北部,新竹縣,341,179,162,333,8,308,193,115,201,107,553250,282649,270601
107,2018,4,桃園市,北部,桃園市,1719,880,839,1667,52,1038,638,400,976,475,2198830,1094343,1104487
107,2018,4,澎湖縣,離島,澎湖縣,75,43,32,73,2,78,39,39,40,18,104121,53659,50462
107,2018,4,臺中市,中部,臺中市,1701,849,852,1646,55,1399,819,580,1110,525,2793005,1376132,1416873
107,2018,4,臺北市,北部,臺北市,1755,917,838,1714,41,1418,842,576,963,429,2678695,1279308,1399387
107,2018,4,臺南市,南部,臺南市,938,465,473,902,36,1216,701,515,665,322,1885478,941381,944097
107,2018,4,臺東縣,東部,臺東縣,113,56,57,99,14,174,102,72,70,55,219628,113346,106282
107,2018,4,花蓮縣,東部,花蓮縣,159,75,84,147,12,299,183,116,135,57,328683,166778,161905
107,2018,4,苗栗縣,中部,苗栗縣,276,147,129,261,15,403,228,175,203,104,551791,284813,266978
107,2018,4,連江縣,離島,連江縣,12,6,6,12,0,5,4,1,4,2,12958,7393,5565
107,2018,4,金門縣,離島,金門縣,104,58,46,101,3,48,26,22,40,18,137730,68849,68881
107,2018,4,雲林縣,中部,雲林縣,299,159,140,293,6,570,319,251,194,107,689003,357305,331698
107,2018,4,高雄市,南部,高雄市,1501,788,713,1441,60,1727,994,733,1025,476,2775318,1374031,1401287
107,2018,5,南投縣,中部,南投縣,251,122,129,238,13,384,227,157,271,114,499531,255848,243683
107,2018,5,嘉義市,南部,嘉義市,140,72,68,134,6,175,100,75,140,65,269091,130767,138324
107,2018,5,嘉義縣,南部,嘉義縣,213,122,91,202,11,460,277,183,246,121,509360,264764,244596
107,2018,5,基隆市,北部,基隆市,190,100,90,180,10,240,141,99,232,95,370944,185538,185406
107,2018,5,宜蘭縣,北部,宜蘭縣,237,115,122,228,9,325,191,134,260,98,456047,230597,225450
107,2018,5,屏東縣,南部,屏東縣,400,194,206,378,22,696,423,273,456,162,828463,423430,405033
107,2018,5,彰化縣,中部,彰化縣,994,517,477,967,27,835,475,360,713,203,1279460,651916,627544
107,2018,5,新北市,北部,新北市,2536,1315,1221,2432,104,2073,1229,844,2534,933,3986911,1952344,2034567
107,2018,5,新竹市,北部,新竹市,336,170,166,324,12,213,113,100,272,101,443038,218615,224423
107,2018,5,新竹縣,北部,新竹縣,410,208,202,399,11,300,177,123,301,120,553978,282991,270987
107,2018,5,桃園市,北部,桃園市,1928,1033,895,1859,69,1087,674,413,1503,550,2202034,1095797,1106237
107,2018,5,澎湖縣,離島,澎湖縣,78,40,38,76,2,68,33,35,67,26,104107,53648,50459
107,2018,5,臺中市,中部,臺中市,1822,973,849,1752,70,1361,795,566,1770,623,2793980,1376459,1417521
107,2018,5,臺北市,北部,臺北市,2022,1070,952,1969,53,1492,860,632,1479,596,2676767,1278241,1398526
107,2018,5,臺南市,南部,臺南市,1037,539,498,999,38,1258,711,547,1040,364,1884935,941100,943835
107,2018,5,臺東縣,東部,臺東縣,117,60,57,110,7,190,118,72,119,68,219744,113375,106369
107,2018,5,花蓮縣,東部,花蓮縣,199,100,99,180,19,303,174,129,193,83,328721,166771,161950
107,2018,5,苗栗縣,中部,苗栗縣,276,138,138,265,11,397,217,180,297,120,551337,284593,266744
107,2018,5,連江縣,離島,連江縣,5,3,2,5,0,1,1,0,11,3,13003,7432,5571
107,2018,5,金門縣,離島,金門縣,113,57,56,109,4,63,39,24,55,19,137860,68896,68964
107,2018,5,雲林縣,中部,雲林縣,327,165,162,315,12,630,384,246,361,130,688781,357178,331603
107,2018,5,高雄市,南部,高雄市,1648,869,779,1569,79,1777,1065,712,1447,609,2774323,1373428,1400895
107,2018,6,南投縣,中部,南投縣,232,118,114,215,17,395,231,164,200,104,499194,255685,243509
107,2018,6,嘉義市,南部,嘉義市,140,67,73,132,8,179,101,78,102,52,268951,130663,138288
107,2018,6,嘉義縣,南部,嘉義縣,181,94,87,175,6,411,225,186,179,95,509161,264652,244509
107,2018,6,基隆市,北部,基隆市,161,77,84,155,6,228,146,82,193,78,370795,185428,185367
107,2018,6,宜蘭縣,北部,宜蘭縣,248,116,132,236,12,284,150,134,210,96,456006,230545,225461
107,2018,6,屏東縣,南部,屏東縣,344,186,158,315,29,643,384,259,329,150,828275,423325,404950
107,2018,6,彰化縣,中部,彰化縣,955,513,442,927,28,788,448,340,527,202,1279276,651800,627476
107,2018,6,新北市,北部,新北市,2251,1152,1099,2154,97,1776,1059,717,1915,834,3987520,1952383,2035137
107,2018,6,新竹市,北部,新竹市,313,154,159,305,8,204,127,77,213,76,443351,218722,224629
107,2018,6,新竹縣,北部,新竹縣,347,197,150,335,12,254,158,96,246,120,554541,283256,271285
107,2018,6,桃園市,北部,桃園市,1675,845,830,1609,66,927,573,354,1109,511,2204824,1097086,1107738
107,2018,6,澎湖縣,離島,澎湖縣,88,48,40,87,1,68,46,22,29,16,104013,53579,50434
107,2018,6,臺中市,中部,臺中市,1679,867,812,1628,51,1348,773,575,1292,571,2794933,1376790,1418143
107,2018,6,臺北市,北部,臺北市,1626,835,791,1589,37,1347,747,600,1183,496,2675713,1277544,1398169
107,2018,6,臺南市,南部,臺南市,953,469,484,915,38,1131,650,481,749,337,1884717,940901,943816
107,2018,6,臺東縣,東部,臺東縣,108,56,52,94,14,185,108,77,86,57,219643,113304,106339
107,2018,6,花蓮縣,東部,花蓮縣,165,85,80,152,12,253,157,96,180,84,328749,166743,162006
107,2018,6,苗栗縣,中部,苗栗縣,262,123,139,250,12,352,220,132,211,116,551082,284434,266648
107,2018,6,連江縣,離島,連江縣,8,4,4,8,0,3,1,2,6,3,13044,7455,5589
107,2018,6,金門縣,離島,金門縣,84,48,36,83,1,50,36,14,44,21,137837,68909,68928
107,2018,6,雲林縣,中部,雲林縣,329,167,162,320,9,542,299,243,262,122,688717,357103,331614
107,2018,6,高雄市,南部,高雄市,1438,750,688,1381,57,1675,1011,664,1136,518,2773932,1373055,1400877
107,2018,7,南投縣,中部,南投縣,259,138,121,240,19,427,246,181,186,99,498851,255490,243361
107,2018,7,嘉義市,南部,嘉義市,175,99,76,173,2,158,102,56,114,60,268973,130627,138346
107,2018,7,嘉義縣,南部,嘉義縣,180,101,79,169,11,492,285,207,156,88,508729,264426,244303
107,2018,7,基隆市,北部,基隆市,175,88,87,158,17,242,125,117,149,75,370612,185319,185293
107,2018,7,宜蘭縣,北部,宜蘭縣,270,131,139,265,5,323,189,134,166,102,455924,230479,225445
107,2018,7,屏東縣,南部,屏東縣,402,200,202,368,34,675,399,276,306,180,828083,423148,404935
107,2018,7,彰化縣,中部,彰化縣,973,484,489,952,21,896,525,371,463,245,1278945,651546,627399
107,2018,7,新北市,北部,新北市,2329,1259,1070,2249,80,1903,1092,811,1594,810,3988906,1952867,2036039
107,2018,7,新竹市,北部,新竹市,318,170,148,308,10,228,131,97,152,102,443581,218854,224727
107,2018,7,新竹縣,北部,新竹縣,395,206,189,377,18,299,173,126,240,95,555074,283556,271518
107,2018,7,桃園市,北部,桃園市,1831,939,892,1773,58,1067,637,430,1012,515,2208035,1098469,1109566
107,2018,7,澎湖縣,離島,澎湖縣,70,38,32,70,0,66,35,31,36,11,104041,53572,50469
107,2018,7,臺中市,中部,臺中市,1808,885,923,1741,67,1427,851,576,1142,636,2796081,1377139,1418942
107,2018,7,臺北市,北部,臺北市,1885,991,894,1849,36,1513,869,644,1007,484,2674063,1276592,1397471
107,2018,7,臺南市,南部,臺南市,949,502,447,908,41,1244,727,517,641,354,1884596,940721,943875
107,2018,7,臺東縣,東部,臺東縣,126,74,52,109,17,205,130,75,77,48,219584,113262,106322
107,2018,7,花蓮縣,東部,花蓮縣,204,105,99,180,24,304,187,117,128,84,328709,166706,162003
107,2018,7,苗栗縣,中部,苗栗縣,283,140,143,264,19,409,245,164,223,122,550825,284299,266526
107,2018,7,連江縣,離島,連江縣,8,2,6,8,0,5,2,3,5,4,13076,7483,5593
107,2018,7,金門縣,離島,金門縣,114,69,45,110,4,78,52,26,42,22,137952,68938,69014
107,2018,7,雲林縣,中部,雲林縣,360,206,154,347,13,586,347,239,226,130,688559,356996,331563
107,2018,7,高雄市,南部,高雄市,1595,828,767,1534,61,1825,1066,759,1064,563,2773506,1372742,1400764
107,2018,8,南投縣,中部,南投縣,253,133,120,231,22,410,232,178,170,92,498425,255238,243187
107,2018,8,嘉義市,南部,嘉義市,118,53,65,109,9,154,91,63,81,50,268809,130538,138271
107,2018,8,嘉義縣,南部,嘉義縣,195,97,98,182,13,452,262,190,164,79,508372,264204,244168
107,2018,8,基隆市,北部,基隆市,203,113,90,191,12,238,146,92,125,91,370461,185222,185239
107,2018,8,宜蘭縣,北部,宜蘭縣,236,128,108,228,8,315,180,135,168,99,455758,230382,225376
107,2018,8,屏東縣,南部,屏東縣,374,176,198,349,25,676,395,281,228,162,827599,422807,404792
107,2018,8,彰化縣,中部,彰化縣,1057,522,535,1033,24,882,510,372,375,201,1278568,651298,627270
107,2018,8,新北市,北部,新北市,2426,1245,1181,2304,121,1920,1181,739,1553,863,3990211,1953210,2037001
107,2018,8,新竹市,北部,新竹市,340,176,164,326,14,212,117,95,177,95,443969,219035,224934
107,2018,8,新竹縣,北部,新竹縣,364,190,174,353,11,308,171,137,210,120,555604,283806,271798
107,2018,8,桃園市,北部,桃園市,1898,988,910,1820,78,1094,676,418,941,558,2211127,1099941,1111186
107,2018,8,澎湖縣,離島,澎湖縣,74,30,44,74,0,89,56,33,34,21,103976,53518,50458
107,2018,8,臺中市,中部,臺中市,1953,1027,926,1889,64,1416,807,609,1007,571,2797223,1377643,1419580
107,2018,8,臺北市,北部,臺北市,1923,1021,902,1879,44,1466,782,684,980,478,2672092,1275635,1396457
107,2018,8,臺南市,南部,臺南市,990,504,486,955,35,1235,696,539,589,325,1884327,940516,943811
107,2018,8,臺東縣,東部,臺東縣,133,66,67,121,12,177,105,72,68,65,219489,113189,106300
107,2018,8,花蓮縣,東部,花蓮縣,215,118,97,198,17,286,180,106,113,91,328601,166623,161978
107,2018,8,苗栗縣,中部,苗栗縣,299,157,142,293,6,419,234,185,197,118,550386,284072,266314
107,2018,8,連江縣,離島,連江縣,9,5,4,8,1,1,1,0,5,0,13074,7475,5599
107,2018,8,金門縣,離島,金門縣,106,44,62,103,3,60,35,25,32,13,138026,68946,69080
107,2018,8,雲林縣,中部,雲林縣,328,182,146,309,19,634,377,257,177,138,688081,356692,331389
107,2018,8,高雄市,南部,高雄市,1656,868,788,1584,72,1718,1045,673,888,554,2773093,1372374,1400719
107,2018,9,南投縣,中部,南投縣,242,118,124,228,14,355,204,151,161,82,498117,255081,243036
107,2018,9,嘉義市,南部,嘉義市,132,77,55,127,5,178,107,71,82,40,268699,130464,138235
107,2018,9,嘉義縣,南部,嘉義縣,210,98,112,198,12,406,242,164,149,75,508038,264026,244012
107,2018,9,基隆市,北部,基隆市,177,93,84,167,10,221,142,79,149,69,370368,185140,185228
107,2018,9,宜蘭縣,北部,宜蘭縣,230,128,102,220,10,312,171,141,150,78,455592,230277,225315
107,2018,9,屏東縣,南部,屏東縣,360,194,166,340,20,645,392,253,278,145,827051,422504,404547
107,2018,9,彰化縣,中部,彰化縣,956,484,472,927,29,729,418,311,398,175,1278311,651137,627174
107,2018,9,新北市,北部,新北市,2158,1136,1022,2088,70,1727,1032,695,1597,747,3991411,1953636,2037775
107,2018,9,新竹市,北部,新竹市,327,157,170,312,15,178,92,86,164,77,444406,219235,225171
107,2018,9,新竹縣,北部,新竹縣,330,163,167,318,12,255,156,99,216,111,556056,284039,272017
107,2018,9,桃園市,北部,桃園市,1744,925,819,1677,67,943,594,349,946,469,2213379,1100862,1112517
107,2018,9,澎湖縣,離島,澎湖縣,62,37,25,59,3,68,37,31,37,18,104392,53766,50626
107,2018,9,臺中市,中部,臺中市,1714,892,822,1645,69,1264,748,516,1001,463,2797874,1377838,1420036
107,2018,9,臺北市,北部,臺北市,1693,871,822,1644,49,1302,771,531,1043,412,2669639,1274341,1395298
107,2018,9,臺南市,南部,臺南市,999,494,505,958,41,1204,682,522,584,299,1884036,940312,943724
107,2018,9,臺東縣,東部,臺東縣,120,73,47,108,12,186,110,76,80,39,219342,113127,106215
107,2018,9,花蓮縣,東部,花蓮縣,172,107,65,158,14,258,147,111,136,87,328444,166538,161906
107,2018,9,苗栗縣,中部,苗栗縣,257,132,125,248,9,364,218,146,177,106,550085,283885,266200
107,2018,9,連江縣,離島,連江縣,4,3,1,4,0,7,5,2,5,1,13058,7462,5596
107,2018,9,金門縣,離島,金門縣,92,46,46,90,2,59,30,29,50,18,138724,69248,69476
107,2018,9,雲林縣,中部,雲林縣,331,171,160,315,16,543,327,216,219,101,687646,356423,331223
107,2018,9,高雄市,南部,高雄市,1603,803,800,1529,74,1682,1023,659,984,519,2772820,1372006,1400814
107,2018,10,南投縣,中部,南投縣,324,185,139,301,23,386,235,151,258,87,497876,254993,242883
107,2018,10,嘉義市,南部,嘉義市,183,111,72,178,5,172,97,75,144,53,268741,130501,138240
107,2018,10,嘉義縣,南部,嘉義縣,258,129,129,244,14,480,266,214,221,107,507780,263870,243910
107,2018,10,基隆市,北部,基隆市,217,116,101,206,11,268,171,97,192,83,370269,185037,185232
107,2018,10,宜蘭縣,北部,宜蘭縣,275,138,137,258,17,332,215,117,261,99,455508,230191,225317
107,2018,10,屏東縣,南部,屏東縣,448,215,233,425,23,698,435,263,432,176,826779,422287,404492
107,2018,10,彰化縣,中部,彰化縣,1232,624,608,1208,24,889,522,367,754,195,1278437,651107,627330
107,2018,10,新北市,北部,新北市,2606,1328,1278,2509,97,2056,1242,814,2480,832,3992291,1953850,2038441
107,2018,10,新竹市,北部,新竹市,341,173,168,331,10,228,143,85,279,92,444775,219393,225382
107,2018,10,新竹縣,北部,新竹縣,412,202,210,399,13,313,186,127,348,104,556307,284125,272182
107,2018,10,桃園市,北部,桃園市,2117,1132,985,2018,99,1095,671,424,1559,512,2215615,1101810,1113805
107,2018,10,澎湖縣,離島,澎湖縣,80,47,33,78,2,83,55,28,65,30,104400,53777,50623
107,2018,10,臺中市,中部,臺中市,2133,1111,1022,2040,93,1523,867,656,1839,563,2799254,1378353,1420901
107,2018,10,臺北市,北部,臺北市,2059,1069,990,2004,55,1527,853,674,1544,462,2669874,1274295,1395579
107,2018,10,臺南市,南部,臺南市,1135,607,528,1083,52,1362,803,559,1059,363,1883804,940121,943683
107,2018,10,臺東縣,東部,臺東縣,153,72,81,131,22,209,123,86,106,51,219268,113066,106202
107,2018,10,花蓮縣,東部,花蓮縣,254,145,109,234,20,314,209,105,223,90,328331,166450,161881
107,2018,10,苗栗縣,中部,苗栗縣,255,131,124,243,11,427,251,176,337,119,549798,283700,266098
107,2018,10,連江縣,離島,連江縣,13,8,5,13,0,6,5,1,9,3,13062,7461,5601
107,2018,10,金門縣,離島,金門縣,128,57,71,124,4,51,37,14,64,26,138845,69269,69576
107,2018,10,雲林縣,中部,雲林縣,365,163,202,345,20,585,353,232,343,123,687195,356130,331065
107,2018,10,高雄市,南部,高雄市,1805,1005,800,1725,80,1918,1138,780,1622,599,2772624,1371823,1400801
107,2018,11,南投縣,中部,南投縣,263,128,135,244,19,398,239,159,202,87,497486,254763,242723
107,2018,11,嘉義市,南部,嘉義市,166,85,81,160,6,190,102,88,114,40,268697,130457,138240
107,2018,11,嘉義縣,南部,嘉義縣,263,137,126,245,18,436,255,181,203,75,507462,263681,243781
107,2018,11,基隆市,北部,基隆市,193,93,100,182,11,247,130,117,150,77,370206,185019,185187
107,2018,11,宜蘭縣,北部,宜蘭縣,244,126,118,236,8,294,165,129,193,79,455376,230110,225266
107,2018,11,屏東縣,南部,屏東縣,404,214,190,383,21,647,389,258,338,158,826323,422004,404319
107,2018,11,彰化縣,中部,彰化縣,1159,569,590,1125,34,814,451,363,585,196,1278371,651016,627355
107,2018,11,新北市,北部,新北市,2534,1298,1236,2427,107,1943,1147,796,1811,796,3993872,1954395,2039477
107,2018,11,新竹市,北部,新竹市,348,175,173,341,7,217,132,85,228,82,445107,219547,225560
107,2018,11,新竹縣,北部,新竹縣,414,221,193,399,15,304,170,134,249,112,556622,284277,272345
107,2018,11,桃園市,北部,桃園市,2016,1056,960,1933,83,1013,631,382,1203,494,2217776,1102746,1115030
107,2018,11,澎湖縣,離島,澎湖縣,61,38,23,61,0,76,46,30,48,22,104441,53807,50634
107,2018,11,臺中市,中部,臺中市,2017,1010,1007,1949,68,1356,836,520,1474,559,2801238,1378998,1422240
107,2018,11,臺北市,北部,臺北市,1928,980,948,1872,53,1421,781,640,1202,433,2669634,1274089,1395545
107,2018,11,臺南市,南部,臺南市,1062,589,473,1015,47,1190,725,465,825,334,1883760,939972,943788
107,2018,11,臺東縣,東部,臺東縣,115,60,55,104,11,189,116,73,105,43,219145,112979,106166
107,2018,11,花蓮縣,東部,花蓮縣,231,123,108,206,25,272,158,114,146,73,328264,166421,161843
107,2018,11,苗栗縣,中部,苗栗縣,293,140,153,279,14,419,267,152,252,119,549405,283454,265951
107,2018,11,連江縣,離島,連江縣,17,10,7,17,0,7,5,2,12,3,13042,7438,5604
107,2018,11,金門縣,離島,金門縣,87,45,42,84,3,56,33,23,50,17,138963,69326,69637
107,2018,11,雲林縣,中部,雲林縣,352,188,164,332,20,512,295,217,270,121,686674,355889,330785
107,2018,11,高雄市,南部,高雄市,1890,955,935,1818,72,1679,971,708,1329,479,2773001,1371881,1401120
107,2018,12,南投縣,中部,南投縣,276,145,131,264,12,337,212,125,282,99,497031,254549,242482
107,2018,12,嘉義市,南部,嘉義市,146,76,70,137,9,150,93,57,137,39,268622,130416,138206
107,2018,12,嘉義縣,南部,嘉義縣,223,104,119,216,7,393,250,143,268,79,507068,263451,243617
107,2018,12,基隆市,北部,基隆市,172,95,77,164,8,242,147,95,203,71,370155,184978,185177
107,2018,12,宜蘭縣,北部,宜蘭縣,250,132,118,236,14,286,169,117,273,94,455221,230027,225194
107,2018,12,屏東縣,南部,屏東縣,354,168,186,331,23,610,371,239,470,137,825406,421534,403872
107,2018,12,彰化縣,中部,彰化縣,995,530,465,961,34,786,467,319,808,192,1277824,650677,627147
107,2018,12,新北市,北部,新北市,2446,1239,1207,2354,92,1814,1115,699,2733,772,3995717,1954968,2040749
107,2018,12,新竹市,北部,新竹市,347,177,170,332,15,200,114,86,334,83,445635,219846,225789
107,2018,12,新竹縣,北部,新竹縣,341,173,168,320,21,308,198,110,362,107,557010,284385,272625
107,2018,12,桃園市,北部,桃園市,1927,1002,925,1847,80,1021,625,396,1622,476,2220872,1104073,1116799
107,2018,12,澎湖縣,離島,澎湖縣,61,32,29,61,0,62,36,26,78,22,104440,53807,50633
107,2018,12,臺中市,中部,臺中市,1960,1014,946,1880,80,1260,762,498,2075,580,2803894,1380106,1423788
107,2018,12,臺北市,北部,臺北市,1904,943,961,1857,47,1313,718,595,1623,449,2668572,1273375,1395197
107,2018,12,臺南市,南部,臺南市,1025,542,483,993,32,1118,642,476,1160,341,1883831,939967,943864
107,2018,12,臺東縣,東部,臺東縣,118,65,53,103,15,167,107,60,110,59,218919,112845,106074
107,2018,12,花蓮縣,東部,花蓮縣,198,94,104,187,11,262,160,102,169,77,327968,166258,161710
107,2018,12,苗栗縣,中部,苗栗縣,269,133,136,261,8,378,217,161,361,117,548863,283174,265689
107,2018,12,連江縣,離島,連江縣,21,13,8,20,1,9,8,1,13,1,13056,7448,5608
107,2018,12,金門縣,離島,金門縣,102,59,43,100,2,63,34,29,69,18,139273,69494,69779
107,2018,12,雲林縣,中部,雲林縣,321,182,139,305,16,557,332,225,348,127,686022,355578,330444
107,2018,12,高雄市,南部,高雄市,1693,881,812,1608,85,1613,983,630,1847,545,2773533,1371957,1401576
108,2019,1,南投縣,中部,南投縣,294,137,157,278,16,460,263,197,296,90,496606,254316,242290
108,2019,1,嘉義市,南部,嘉義市,178,102,76,171,7,159,93,66,158,54,268579,130379,138200
108,2019,1,嘉義縣,南部,嘉義縣,286,148,138,278,8,557,327,230,261,89,506559,263214,243345
108,2019,1,基隆市,北部,基隆市,224,124,100,208,16,300,176,124,185,75,369987,184905,185082
108,2019,1,宜蘭縣,北部,宜蘭縣,287,145,142,278,9,416,239,177,278,88,455035,229890,225145
108,2019,1,屏東縣,南部,屏東縣,460,210,250,435,25,772,480,292,466,177,824587,421035,403552
108,2019,1,彰化縣,中部,彰化縣,1155,590,565,1133,22,1070,600,470,759,205,1277176,650277,626899
108,2019,1,新北市,北部,新北市,2727,1390,1337,2629,98,2304,1397,907,2368,891,3997189,1955305,2041884
108,2019,1,新竹市,北部,新竹市,356,159,197,348,8,268,163,105,248,84,445990,219958,226032
108,2019,1,新竹縣,北部,新竹縣,447,230,217,428,19,345,206,139,337,109,557349,284509,272840
108,2019,1,桃園市,北部,桃園市,2257,1215,1042,2164,93,1228,781,447,1449,525,2223733,1105418,1118315
108,2019,1,澎湖縣,離島,澎湖縣,83,42,41,79,4,91,54,37,69,26,104511,53844,50667
108,2019,1,臺中市,中部,臺中市,2140,1127,1013,2053,87,1636,957,679,1876,582,2806406,1381171,1425235
108,2019,1,臺北市,北部,臺北市,2102,1086,1016,2044,58,1773,1036,737,1461,477,2666908,1272385,1394523
108,2019,1,臺南市,南部,臺南市,1131,563,568,1082,49,1436,838,598,1161,338,1883723,939785,943938
108,2019,1,臺東縣,東部,臺東縣,156,77,79,139,17,222,123,99,98,46,218691,112719,105972
108,2019,1,花蓮縣,東部,花蓮縣,224,115,109,194,30,319,207,112,184,97,327788,166132,161656
108,2019,1,苗栗縣,中部,苗栗縣,303,151,152,292,11,473,258,215,311,124,548403,282953,265450
108,2019,1,連江縣,離島,連江縣,12,7,5,12,0,3,1,2,5,2,13079,7465,5614
108,2019,1,金門縣,離島,金門縣,102,50,52,101,1,75,49,26,72,18,139484,69588,69896
108,2019,1,雲林縣,中部,雲林縣,375,194,181,360,15,686,390,296,381,120,685354,355220,330134
108,2019,1,高雄市,南部,高雄市,1840,900,940,1753,87,2029,1215,814,1479,558,2773607,1371768,1401839
108,2019,2,南投縣,中部,南投縣,221,120,101,206,15,348,216,132,170,61,496435,254196,242239
108,2019,2,嘉義市,南部,嘉義市,111,62,49,104,7,153,81,72,86,35,268543,130338,138205
108,2019,2,嘉義縣,南部,嘉義縣,216,103,113,207,9,391,226,165,186,84,506206,263014,243192
108,2019,2,基隆市,北部,基隆市,133,66,67,125,8,222,141,81,134,61,369916,184845,185071
108,2019,2,宜蘭縣,北部,宜蘭縣,222,106,116,212,10,317,173,144,184,64,454922,229834,225088
108,2019,2,屏東縣,南部,屏東縣,351,175,176,332,19,637,385,252,327,122,823952,420700,403252
108,2019,2,彰化縣,中部,彰化縣,871,475,396,842,29,790,471,319,524,148,1276766,650065,626701
108,2019,2,新北市,北部,新北市,1990,1032,958,1915,75,1870,1099,771,1744,633,3998358,1955711,2042647
108,2019,2,新竹市,北部,新竹市,264,131,133,254,10,243,138,105,197,67,446210,220055,226155
108,2019,2,新竹縣,北部,新竹縣,301,174,127,286,15,309,171,138,217,82,557641,284703,272938
108,2019,2,桃園市,北部,桃園市,1568,808,760,1515,53,972,621,351,976,399,2225621,1106147,1119474
108,2019,2,澎湖縣,離島,澎湖縣,67,40,27,64,3,77,41,36,53,13,104533,53866,50667
108,2019,2,臺中市,中部,臺中市,1533,794,739,1479,54,1368,787,581,1251,449,2807325,1381561,1425764
108,2019,2,臺北市,北部,臺北市,1516,780,736,1472,44,1367,774,593,1143,347,2664983,1271327,1393656
108,2019,2,臺南市,南部,臺南市,843,430,413,800,43,1169,663,506,815,256,1883448,939642,943806
108,2019,2,臺東縣,東部,臺東縣,90,42,48,83,7,190,116,74,78,37,218513,112594,105919
108,2019,2,花蓮縣,東部,花蓮縣,163,81,82,148,15,247,149,98,135,57,327654,166019,161635
108,2019,2,苗栗縣,中部,苗栗縣,243,137,106,234,9,376,208,168,204,81,548124,282809,265315
108,2019,2,連江縣,離島,連江縣,8,6,2,8,0,5,2,3,6,2,13073,7467,5606
108,2019,2,金門縣,離島,金門縣,94,51,43,91,3,64,38,26,45,16,139426,69559,69867
108,2019,2,雲林縣,中部,雲林縣,301,148,153,287,14,569,323,246,224,87,684759,354914,329845
108,2019,2,高雄市,南部,高雄市,1391,714,677,1332,59,1668,958,710,1287,404,2773596,1371586,1402010
108,2019,3,南投縣,中部,南投縣,282,148,134,269,13,437,265,172,209,86,496167,254046,242121
108,2019,3,嘉義市,南部,嘉義市,127,60,67,120,7,166,100,66,118,50,268502,130297,138205
108,2019,3,嘉義縣,南部,嘉義縣,248,129,119,241,7,508,295,213,219,76,505785,262711,243074
108,2019,3,基隆市,北部,基隆市,175,98,77,163,12,279,162,117,159,96,369848,184826,185022
108,2019,3,宜蘭縣,北部,宜蘭縣,239,128,111,225,14,341,199,142,176,73,454770,229735,225035
108,2019,3,屏東縣,南部,屏東縣,364,201,163,338,26,713,443,270,446,147,823256,420292,402964
108,2019,3,彰化縣,中部,彰化縣,1016,561,455,994,22,900,510,390,527,208,1276289,649791,626498
108,2019,3,新北市,北部,新北市,2358,1215,1143,2278,79,2133,1272,861,1938,757,3998883,1955860,2043023
108,2019,3,新竹市,北部,新竹市,309,158,151,303,6,238,143,95,225,78,446567,220219,226348
108,2019,3,新竹縣,北部,新竹縣,388,202,186,368,20,332,201,131,270,106,558020,284886,273134
108,2019,3,桃園市,北部,桃園市,1898,1009,889,1818,80,1155,736,419,1134,490,2228118,1107192,1120926
108,2019,3,澎湖縣,離島,澎湖縣,87,52,35,84,3,81,45,36,49,24,104574,53918,50656
108,2019,3,臺中市,中部,臺中市,1772,890,882,1698,74,1511,887,624,1348,568,2808219,1381811,1426408
108,2019,3,臺北市,北部,臺北市,1732,872,860,1664,68,1626,927,699,1267,461,2663425,1270279,1393146
108,2019,3,臺南市,南部,臺南市,1046,560,486,1013,33,1262,726,536,908,337,1883356,939536,943820
108,2019,3,臺東縣,東部,臺東縣,100,57,43,92,8,228,130,98,109,50,218256,112448,105808
108,2019,3,花蓮縣,東部,花蓮縣,195,106,89,181,14,281,165,116,170,80,327513,165931,161582
108,2019,3,苗栗縣,中部,苗栗縣,260,138,122,253,7,407,250,157,231,104,547692,282591,265101
108,2019,3,連江縣,離島,連江縣,11,8,3,11,0,7,4,3,4,1,13053,7468,5585
108,2019,3,金門縣,離島,金門縣,94,49,45,91,3,79,47,32,68,18,139387,69545,69842
108,2019,3,雲林縣,中部,雲林縣,340,188,152,326,14,602,360,242,289,144,684241,354632,329609
108,2019,3,高雄市,南部,高雄市,1526,803,723,1478,48,1885,1122,763,1316,502,2773271,1371330,1401941
108,2019,4,南投縣,中部,南投縣,247,127,120,238,9,430,262,168,195,98,495891,253853,242038
108,2019,4,嘉義市,南部,嘉義市,153,85,68,148,5,175,103,72,96,56,268474,130288,138186
108,2019,4,嘉義縣,南部,嘉義縣,239,121,118,229,10,487,287,200,178,103,505408,262470,242938
108,2019,4,基隆市,北部,基隆市,156,81,75,151,5,262,150,112,130,83,369820,184813,185007
108,2019,4,宜蘭縣,北部,宜蘭縣,257,129,128,246,11,301,183,118,211,86,454732,229662,225070
108,2019,4,屏東縣,南部,屏東縣,365,200,165,343,22,695,427,268,302,182,822709,419994,402715
108,2019,4,彰化縣,中部,彰化縣,994,522,472,970,24,893,540,353,519,200,1275669,649376,626293
108,2019,4,新北市,北部,新北市,2240,1133,1107,2163,77,2115,1239,876,1630,765,4000164,1956298,2043866
108,2019,4,新竹市,北部,新竹市,303,172,131,299,4,216,121,95,132,98,446701,220281,226420
108,2019,4,新竹縣,北部,新竹縣,335,174,161,322,13,351,222,129,222,95,558507,285109,273398
108,2019,4,桃園市,北部,桃園市,1808,946,862,1733,75,1151,700,451,1047,513,2230653,1108291,1122362
108,2019,4,澎湖縣,離島,澎湖縣,81,38,43,78,3,98,55,43,41,24,104683,53997,50686
108,2019,4,臺中市,中部,臺中市,1777,932,845,1714,62,1427,838,589,1169,550,2809004,1382061,1426943
108,2019,4,臺北市,北部,臺北市,1784,938,846,1736,48,1594,908,686,1004,441,2661317,1269117,1392200
108,2019,4,臺南市,南部,臺南市,925,473,452,893,32,1349,727,622,707,347,1883078,939305,943773
108,2019,4,臺東縣,東部,臺東縣,113,63,50,99,14,230,142,88,81,63,218119,112366,105753
108,2019,4,花蓮縣,東部,花蓮縣,218,111,107,194,24,276,172,104,131,76,327349,165802,161547
108,2019,4,苗栗縣,中部,苗栗縣,278,151,127,261,17,427,267,160,213,114,547387,282419,264968
108,2019,4,連江縣,離島,連江縣,11,4,7,10,1,3,1,2,4,3,13056,7465,5591
108,2019,4,金門縣,離島,金門縣,101,42,59,100,1,76,41,35,52,22,139464,69579,69885
108,2019,4,雲林縣,中部,雲林縣,349,197,152,333,16,607,338,269,246,123,683898,354423,329475
108,2019,4,高雄市,南部,高雄市,1551,796,755,1479,72,1833,1083,750,1077,585,2773229,1371160,1402069
108,2019,5,南投縣,中部,南投縣,225,127,98,214,11,445,259,186,251,115,495546,253671,241875
108,2019,5,嘉義市,南部,嘉義市,134,70,64,129,5,148,82,66,138,61,268514,130280,138234
108,2019,5,嘉義縣,南部,嘉義縣,235,141,94,228,7,428,244,184,218,85,505035,262315,242720
108,2019,5,基隆市,北部,基隆市,155,74,81,152,3,241,146,95,207,70,369613,184664,184949
108,2019,5,宜蘭縣,北部,宜蘭縣,255,123,132,247,8,333,183,150,252,104,454725,229656,225069
108,2019,5,屏東縣,南部,屏東縣,377,186,191,353,24,703,414,289,393,182,822270,419737,402533
108,2019,5,彰化縣,中部,彰化縣,996,530,466,970,26,880,525,355,637,213,1275111,649050,626061
108,2019,5,新北市,北部,新北市,2370,1170,1200,2284,86,2040,1229,811,2376,904,4003297,1957654,2045643
108,2019,5,新竹市,北部,新竹市,339,167,172,323,16,242,135,107,253,84,447081,220447,226634
108,2019,5,新竹縣,北部,新竹縣,376,192,184,357,19,311,189,122,330,133,559317,285493,273824
108,2019,5,桃園市,北部,桃園市,1884,930,954,1819,65,1094,673,421,1377,531,2232623,1109050,1123573
108,2019,5,澎湖縣,離島,澎湖縣,87,49,38,82,5,93,55,38,50,26,104751,54037,50714
108,2019,5,臺中市,中部,臺中市,1748,908,840,1684,64,1529,936,593,1628,602,2809545,1382201,1427344
108,2019,5,臺北市,北部,臺北市,1839,967,872,1783,56,1537,869,668,1486,495,2658615,1267542,1391073
108,2019,5,臺南市,南部,臺南市,941,486,455,908,33,1291,735,556,1041,341,1882624,938972,943652
108,2019,5,臺東縣,東部,臺東縣,113,57,56,104,9,207,131,76,128,35,217936,112260,105676
108,2019,5,花蓮縣,東部,花蓮縣,214,117,97,194,20,272,171,101,220,74,327080,165627,161453
108,2019,5,苗栗縣,中部,苗栗縣,220,125,95,210,10,408,238,170,280,119,547037,282228,264809
108,2019,5,連江縣,離島,連江縣,17,6,11,17,0,5,5,0,3,0,13095,7493,5602
108,2019,5,金門縣,離島,金門縣,90,45,45,90,0,71,34,37,46,20,139440,69577,69863
108,2019,5,雲林縣,中部,雲林縣,359,193,166,342,17,621,366,255,302,149,683589,354242,329347
108,2019,5,高雄市,南部,高雄市,1613,841,772,1547,66,1756,1036,720,1490,573,2773026,1370878,1402148
108,2019,6,南投縣,中部,南投縣,242,104,138,222,20,402,229,173,213,82,495283,253499,241784
108,2019,6,嘉義市,南部,嘉義市,141,73,68,134,7,169,99,70,139,56,268435,130221,138214
108,2019,6,嘉義縣,南部,嘉義縣,212,104,108,199,13,404,230,174,197,89,504750,262133,242617
108,2019,6,基隆市,北部,基隆市,157,81,76,143,14,265,177,88,195,68,369475,184555,184920
108,2019,6,宜蘭縣,北部,宜蘭縣,225,128,97,213,12,295,183,112,217,65,454706,229638,225068
108,2019,6,屏東縣,南部,屏東縣,323,158,165,311,12,608,359,249,325,160,821834,419526,402308
108,2019,6,彰化縣,中部,彰化縣,890,462,428,856,34,800,445,355,508,201,1274724,648798,625926
108,2019,6,新北市,北部,新北市,2053,1055,998,1968,85,1965,1185,780,2159,827,4004598,1957935,2046663
108,2019,6,新竹市,北部,新竹市,295,162,133,283,12,209,121,88,226,85,447359,220553,226806
108,2019,6,新竹縣,北部,新竹縣,323,185,138,311,12,294,176,118,313,106,559734,285742,273992
108,2019,6,桃園市,北部,桃園市,1675,879,796,1630,45,1019,622,397,1252,495,2235005,1110132,1124873
108,2019,6,澎湖縣,離島,澎湖縣,78,43,35,78,0,72,45,27,45,17,104676,53992,50684
108,2019,6,臺中市,中部,臺中市,1549,827,722,1491,58,1364,828,536,1426,546,2810219,1382399,1427820
108,2019,6,臺北市,北部,臺北市,1503,796,707,1468,35,1304,720,584,1308,403,2657652,1266944,1390708
108,2019,6,臺南市,南部,臺南市,858,434,424,816,42,1163,685,478,783,306,1882313,938707,943606
108,2019,6,臺東縣,東部,臺東縣,108,68,40,95,13,169,107,62,103,46,217721,112169,105552
108,2019,6,花蓮縣,東部,花蓮縣,158,79,79,146,12,232,143,89,164,80,326986,165538,161448
108,2019,6,苗栗縣,中部,苗栗縣,231,115,116,215,16,395,237,158,268,110,546690,282025,264665
108,2019,6,連江縣,離島,連江縣,10,7,3,10,0,6,5,1,9,2,13095,7499,5596
108,2019,6,金門縣,離島,金門縣,96,54,42,95,1,58,34,24,48,21,139281,69523,69758
108,2019,6,雲林縣,中部,雲林縣,316,173,143,307,9,501,305,196,258,119,683318,354050,329268
108,2019,6,高雄市,南部,高雄市,1443,750,693,1386,57,1608,953,655,1170,516,2773177,1370833,1402344
108,2019,7,南投縣,中部,南投縣,285,134,151,270,15,427,252,175,184,109,495084,253340,241744
108,2019,7,嘉義市,南部,嘉義市,151,90,61,148,3,207,107,100,121,60,268231,130146,138085
108,2019,7,嘉義縣,南部,嘉義縣,238,139,99,224,14,504,296,208,188,102,504453,261974,242479
108,2019,7,基隆市,北部,基隆市,163,96,67,154,9,286,155,131,190,88,369360,184486,184874
108,2019,7,宜蘭縣,北部,宜蘭縣,286,152,134,279,7,338,186,152,189,96,454636,229596,225040
108,2019,7,屏東縣,南部,屏東縣,400,189,211,385,15,766,453,313,337,191,821196,419100,402096
108,2019,7,彰化縣,中部,彰化縣,1081,553,528,1046,35,909,505,404,469,218,1274274,648533,625741
108,2019,7,新北市,北部,新北市,2385,1229,1156,2285,100,2281,1358,923,1928,889,4007814,1959173,2048641
108,2019,7,新竹市,北部,新竹市,355,195,160,338,17,280,155,125,206,101,447484,220631,226853
108,2019,7,新竹縣,北部,新竹縣,362,176,186,355,7,324,185,139,237,127,560719,286222,274497
108,2019,7,桃園市,北部,桃園市,1926,991,935,1863,63,1127,687,440,1085,563,2237943,1111403,1126540
108,2019,7,澎湖縣,離島,澎湖縣,87,56,31,83,4,80,47,33,40,31,104708,54009,50699
108,2019,7,臺中市,中部,臺中市,1809,922,887,1736,73,1613,951,662,1359,585,2811148,1382696,1428452
108,2019,7,臺北市,北部,臺北市,1799,911,888,1759,40,1581,868,713,1185,512,2654008,1265088,1388920
108,2019,7,臺南市,南部,臺南市,1005,521,484,964,41,1404,834,570,739,362,1881796,938297,943499
108,2019,7,臺東縣,東部,臺東縣,112,65,47,100,12,197,126,71,82,51,217540,112052,105488
108,2019,7,花蓮縣,東部,花蓮縣,193,98,95,177,16,301,180,121,170,77,326813,165472,161341
108,2019,7,苗栗縣,中部,苗栗縣,256,140,116,243,13,467,293,174,207,150,546461,281886,264575
108,2019,7,連江縣,離島,連江縣,13,6,7,13,0,4,2,2,3,2,13062,7479,5583
108,2019,7,金門縣,離島,金門縣,108,51,57,108,0,60,37,23,50,23,139365,69577,69788
108,2019,7,雲林縣,中部,雲林縣,340,190,150,325,15,685,388,297,273,124,682912,353819,329093
108,2019,7,高雄市,南部,高雄市,1750,899,851,1674,76,2013,1183,830,1190,574,2773591,1370832,1402759
108,2019,8,南投縣,中部,南投縣,248,147,101,234,14,338,196,142,87,90,495062,253281,241781
108,2019,8,嘉義市,南部,嘉義市,152,86,66,145,7,169,100,69,53,52,268068,130061,138007
108,2019,8,嘉義縣,南部,嘉義縣,205,88,117,198,7,449,237,212,79,83,504106,261787,242319
108,2019,8,基隆市,北部,基隆市,179,93,86,166,13,276,171,105,85,87,369305,184382,184923
108,2019,8,宜蘭縣,北部,宜蘭縣,265,134,131,254,11,337,212,125,91,94,454579,229535,225044
108,2019,8,屏東縣,南部,屏東縣,408,211,197,389,19,697,412,285,162,165,820798,418833,401965
108,2019,8,彰化縣,中部,彰化縣,992,493,499,966,26,888,520,368,207,213,1273613,648149,625464
108,2019,8,新北市,北部,新北市,2223,1138,1085,2141,82,2019,1218,801,1032,826,4010657,1960366,2050291
108,2019,8,新竹市,北部,新竹市,331,166,165,324,7,208,121,87,89,74,447781,220780,227001
108,2019,8,新竹縣,北部,新竹縣,346,179,167,326,20,275,171,104,109,125,561806,286757,275049
108,2019,8,桃園市,北部,桃園市,1870,977,893,1802,68,1065,632,433,552,484,2240328,1112439,1127889
108,2019,8,澎湖縣,離島,澎湖縣,78,30,48,75,3,59,34,25,20,27,104711,54009,50702
108,2019,8,臺中市,中部,臺中市,1660,860,800,1592,68,1376,833,543,609,557,2811729,1382933,1428796
108,2019,8,臺北市,北部,臺北市,1718,876,842,1675,43,1379,741,638,582,481,2650154,1263106,1387048
108,2019,8,臺南市,南部,臺南市,969,522,447,918,51,1228,711,517,369,358,1881730,938165,943565
108,2019,8,臺東縣,東部,臺東縣,146,81,65,128,18,189,113,76,67,57,217408,111980,105428
108,2019,8,花蓮縣,東部,花蓮縣,207,128,79,189,18,258,164,94,90,80,326780,165437,161343
108,2019,8,苗栗縣,中部,苗栗縣,250,122,128,240,10,408,234,174,85,109,546424,281805,264619
108,2019,8,連江縣,離島,連江縣,15,7,8,15,0,8,7,1,2,7,13073,7479,5594
108,2019,8,金門縣,離島,金門縣,100,47,53,98,2,65,41,24,17,23,139319,69552,69767
108,2019,8,雲林縣,中部,雲林縣,353,183,170,330,23,578,325,253,118,109,682577,353624,328953
108,2019,8,高雄市,南部,高雄市,1615,859,756,1551,64,1714,997,717,616,564,2773786,1370774,1403012
108,2019,9,南投縣,中部,南投縣,275,136,139,262,13,380,231,149,215,108,494692,253070,241622
108,2019,9,嘉義市,南部,嘉義市,155,70,85,149,6,190,93,97,118,38,267863,129955,137908
108,2019,9,嘉義縣,南部,嘉義縣,258,130,128,245,13,457,241,216,194,77,503773,261582,242191
108,2019,9,基隆市,北部,基隆市,187,93,94,179,8,210,113,97,172,82,369132,184268,184864
108,2019,9,宜蘭縣,北部,宜蘭縣,242,129,113,230,12,312,183,129,219,82,454345,229398,224947
108,2019,9,屏東縣,南部,屏東縣,395,188,207,369,25,695,414,281,361,161,820155,418451,401704
108,2019,9,彰化縣,中部,彰化縣,1053,561,492,1028,25,788,455,333,552,218,1273130,647867,625263
108,2019,9,新北市,北部,新北市,2151,1145,1006,2072,79,1861,1105,756,2124,731,4012918,1961380,2051538
108,2019,9,新竹市,北部,新竹市,305,169,136,299,6,207,134,73,238,81,447952,220885,227067
108,2019,9,新竹縣,北部,新竹縣,353,182,171,333,20,279,172,107,297,88,562674,287222,275452
108,2019,9,桃園市,北部,桃園市,1839,976,863,1764,75,979,583,396,1253,459,2242685,1113495,1129190
108,2019,9,澎湖縣,離島,澎湖縣,89,36,53,85,4,72,47,25,66,17,105152,54272,50880
108,2019,9,臺中市,中部,臺中市,1874,950,924,1808,66,1491,871,620,1482,554,2812507,1383136,1429371
108,2019,9,臺北市,北部,臺北市,1657,844,813,1608,49,1261,703,558,1262,420,2647164,1261548,1385616
108,2019,9,臺南市,南部,臺南市,1022,532,490,986,36,1292,748,544,888,366,1881494,937949,943545
108,2019,9,臺東縣,東部,臺東縣,142,75,67,129,13,189,122,67,121,45,217166,111841,105325
108,2019,9,花蓮縣,東部,花蓮縣,186,96,90,163,23,254,165,89,161,79,326576,165299,161277
108,2019,9,苗栗縣,中部,苗栗縣,260,138,122,243,17,409,239,170,233,124,546093,281654,264439
108,2019,9,連江縣,離島,連江縣,21,11,10,21,0,3,2,1,8,7,13060,7470,5590
108,2019,9,金門縣,離島,金門縣,116,63,53,113,3,62,39,23,86,22,139987,69898,70089
108,2019,9,雲林縣,中部,雲林縣,352,178,174,333,19,606,352,254,288,131,682066,353304,328762
108,2019,9,高雄市,南部,高雄市,1601,813,788,1535,66,1869,1136,733,1318,512,2773199,1370283,1402916
108,2019,10,南投縣,中部,南投縣,297,154,143,284,13,435,242,193,246,103,494522,252952,241570
108,2019,10,嘉義市,南部,嘉義市,145,69,76,131,14,171,106,65,118,45,267772,129865,137907
108,2019,10,嘉義縣,南部,嘉義縣,267,139,128,258,9,496,282,214,211,99,503485,261407,242078
108,2019,10,基隆市,北部,基隆市,184,101,83,177,7,279,151,128,160,81,369055,184236,184819
108,2019,10,宜蘭縣,北部,宜蘭縣,271,133,138,257,14,325,211,114,256,83,454287,229312,224975
108,2019,10,屏東縣,南部,屏東縣,462,242,220,431,31,716,435,281,360,184,819793,418176,401617
108,2019,10,彰化縣,中部,彰化縣,1096,553,543,1059,37,876,522,354,610,224,1272939,647673,625266
108,2019,10,新北市,北部,新北市,2686,1406,1280,2582,104,2280,1323,957,2153,855,4014560,1962109,2052451
108,2019,10,新竹市,北部,新竹市,366,186,180,357,9,221,127,94,257,84,448207,220986,227221
108,2019,10,新竹縣,北部,新竹縣,436,236,200,419,17,327,201,126,316,120,563104,287443,275661
108,2019,10,桃園市,北部,桃園市,2145,1110,1035,2056,89,1211,761,450,1336,552,2245059,1114438,1130621
108,2019,10,澎湖縣,離島,澎湖縣,76,37,39,73,3,83,48,35,52,28,105192,54284,50908
108,2019,10,臺中市,中部,臺中市,1953,1048,905,1869,84,1488,892,596,1478,582,2813397,1383437,1429960
108,2019,10,臺北市,北部,臺北市,2018,1035,983,1965,53,1618,891,727,1274,481,2646204,1260951,1385253
108,2019,10,臺南市,南部,臺南市,1014,500,514,982,32,1311,743,568,912,342,1881204,937700,943504
108,2019,10,臺東縣,東部,臺東縣,151,78,73,134,17,215,141,74,100,40,217074,111756,105318
108,2019,10,花蓮縣,東部,花蓮縣,245,125,120,223,22,299,182,117,154,91,326465,165232,161233
108,2019,10,苗栗縣,中部,苗栗縣,247,127,120,232,15,464,278,186,270,118,545852,281519,264333
108,2019,10,連江縣,離島,連江縣,8,5,3,8,0,10,9,1,8,5,13089,7495,5594
108,2019,10,金門縣,離島,金門縣,97,50,47,95,2,72,42,30,51,11,140045,69918,70127
108,2019,10,雲林縣,中部,雲林縣,369,187,182,354,15,608,334,274,314,104,681834,353138,328696
108,2019,10,高雄市,南部,高雄市,1703,892,811,1627,76,1845,1103,742,1364,547,2773127,1370115,1403012
108,2019,11,南投縣,中部,南投縣,257,134,123,241,16,384,219,165,248,75,494352,252852,241500
108,2019,11,嘉義市,南部,嘉義市,123,58,65,118,5,145,77,68,129,48,267733,129830,137903
108,2019,11,嘉義縣,南部,嘉義縣,266,145,121,253,13,409,228,181,226,101,503357,261375,241982
108,2019,11,基隆市,北部,基隆市,170,84,86,162,8,265,168,97,197,72,368905,184153,184752
108,2019,11,宜蘭縣,北部,宜蘭縣,245,122,123,239,6,311,183,128,222,84,454226,229269,224957
108,2019,11,屏東縣,南部,屏東縣,387,207,180,358,29,665,392,273,387,136,819429,417941,401488
108,2019,11,彰化縣,中部,彰化縣,1050,541,509,1033,17,831,480,351,667,195,1272789,647548,625241
108,2019,11,新北市,北部,新北市,2420,1317,1103,2320,100,2014,1228,786,2168,761,4016477,1962897,2053580
108,2019,11,新竹市,北部,新竹市,324,167,157,312,12,210,112,98,230,89,448472,221125,227347
108,2019,11,新竹縣,北部,新竹縣,354,175,179,343,11,288,165,123,337,124,563368,287562,275806
108,2019,11,桃園市,北部,桃園市,1845,996,849,1766,79,1052,645,407,1219,480,2246893,1115184,1131709
108,2019,11,澎湖縣,離島,澎湖縣,76,36,40,76,0,58,27,31,64,23,105236,54316,50920
108,2019,11,臺中市,中部,臺中市,1745,914,831,1693,52,1368,808,560,1684,525,2814224,1383744,1430480
108,2019,11,臺北市,北部,臺北市,1677,905,772,1630,47,1407,815,592,1312,481,2645293,1260292,1385001
108,2019,11,臺南市,南部,臺南市,992,518,474,955,37,1231,715,516,967,364,1881156,937540,943616
108,2019,11,臺東縣,東部,臺東縣,120,66,54,106,14,182,112,70,106,54,216966,111673,105293
108,2019,11,花蓮縣,東部,花蓮縣,212,118,94,196,16,258,157,101,179,81,326369,165174,161195
108,2019,11,苗栗縣,中部,苗栗縣,261,139,122,249,12,382,254,128,279,117,545645,281390,264255
108,2019,11,連江縣,離島,連江縣,10,5,5,9,1,4,4,0,9,0,13093,7498,5595
108,2019,11,金門縣,離島,金門縣,112,54,58,110,2,48,33,15,60,16,140149,69956,70193
108,2019,11,雲林縣,中部,雲林縣,387,200,187,374,13,512,280,232,373,107,681584,352969,328615
108,2019,11,高雄市,南部,高雄市,1654,869,785,1585,69,1715,1011,704,1434,543,2773060,1369972,1403088
108,2019,12,南投縣,中部,南投縣,301,155,146,287,14,432,259,173,257,90,494112,252705,241407
108,2019,12,嘉義市,南部,嘉義市,152,72,80,147,5,197,115,82,108,54,267690,129794,137896
108,2019,12,嘉義縣,南部,嘉義縣,296,154,142,283,13,478,277,201,240,89,503113,261238,241875
108,2019,12,基隆市,北部,基隆市,201,109,92,198,3,263,150,113,204,75,368893,184139,184754
108,2019,12,宜蘭縣,北部,宜蘭縣,302,155,147,288,14,365,214,151,264,77,454178,229222,224956
108,2019,12,屏東縣,南部,屏東縣,472,264,208,442,30,726,430,296,441,151,819184,417815,401369
108,2019,12,彰化縣,中部,彰化縣,1214,628,586,1192,22,951,542,409,728,197,1272802,647449,625353
108,2019,12,新北市,北部,新北市,2784,1415,1369,2680,104,2190,1290,900,2442,822,4018696,1963658,2055038
108,2019,12,新竹市,北部,新竹市,371,202,169,360,11,247,149,98,315,73,448803,221265,227538
108,2019,12,新竹縣,北部,新竹縣,431,222,209,419,12,344,195,149,361,107,563933,287837,276096
108,2019,12,桃園市,北部,桃園市,2126,1073,1053,2065,61,1145,684,461,1393,488,2249037,1116111,1132926
108,2019,12,澎湖縣,離島,澎湖縣,99,49,50,97,2,80,40,40,72,28,105207,54283,50924
108,2019,12,臺中市,中部,臺中市,2042,1090,952,1955,87,1546,921,625,1793,524,2815261,1384164,1431097
108,2019,12,臺北市,北部,臺北市,2123,1090,1033,2071,52,1579,854,725,1550,478,2645041,1260049,1384992
108,2019,12,臺南市,南部,臺南市,1095,589,506,1058,37,1334,770,564,1087,318,1880906,937342,943564
108,2019,12,臺東縣,東部,臺東縣,143,69,74,123,20,203,132,71,128,42,216781,111570,105211
108,2019,12,花蓮縣,東部,花蓮縣,215,111,104,190,25,283,189,94,214,80,326247,165073,161174
108,2019,12,苗栗縣,中部,苗栗縣,268,144,124,257,11,449,280,169,305,94,545459,281290,264169
108,2019,12,連江縣,離島,連江縣,10,8,2,10,0,0,0,0,8,1,13089,7501,5588
108,2019,12,金門縣,離島,金門縣,101,49,52,99,2,66,37,29,70,23,140185,70010,70175
108,2019,12,雲林縣,中部,雲林縣,410,212,198,389,21,642,367,275,357,100,681306,352821,328485
108,2019,12,高雄市,南部,高雄市,1760,904,856,1677,83,1886,1130,756,1594,526,2773198,1369850,1403348
109,2020,1,南投縣,中部,南投縣,235,127,108,224,11,372,211,161,248,75,493984,252644,241340
109,2020,1,嘉義市,南部,嘉義市,117,55,62,114,3,176,102,74,163,39,267653,129737,137916
109,2020,1,嘉義縣,南部,嘉義縣,217,98,119,207,10,493,294,199,221,67,502718,261003,241715
109,2020,1,基隆市,北部,基隆市,152,84,68,144,8,236,133,103,173,69,368932,184157,184775
109,2020,1,宜蘭縣,北部,宜蘭縣,222,108,114,211,11,336,192,144,237,69,454161,229173,224988
109,2020,1,屏東縣,南部,屏東縣,334,181,153,317,17,685,396,289,418,160,818493,417446,401047
109,2020,1,彰化縣,中部,彰化縣,921,476,445,900,21,854,473,381,661,124,1272449,647205,625244
109,2020,1,新北市,北部,新北市,2013,1038,975,1946,67,2068,1257,811,2206,654,4020572,1964331,2056241
109,2020,1,新竹市,北部,新竹市,289,160,129,278,11,214,124,90,225,82,449113,221424,227689
109,2020,1,新竹縣,北部,新竹縣,324,173,151,313,11,340,196,144,287,92,564296,288044,276252
109,2020,1,桃園市,北部,桃園市,1599,835,764,1545,54,1148,703,445,1322,391,2250954,1116982,1133972
109,2020,1,澎湖縣,離島,澎湖縣,84,37,47,80,4,93,47,46,54,16,105147,54232,50915
109,2020,1,臺中市,中部,臺中市,1404,720,684,1332,71,1507,913,594,1619,456,2815704,1384229,1431475
109,2020,1,臺北市,北部,臺北市,1507,773,734,1474,33,1479,824,655,1386,384,2642877,1258801,1384076
109,2020,1,臺南市,南部,臺南市,862,446,416,830,32,1314,763,551,1059,270,1880216,936912,943304
109,2020,1,臺東縣,東部,臺東縣,98,58,40,86,12,173,112,61,97,37,216633,111481,105152
109,2020,1,花蓮縣,東部,花蓮縣,161,95,66,153,8,291,189,102,164,71,326063,164942,161121
109,2020,1,苗栗縣,中部,苗栗縣,230,120,110,221,9,393,233,160,272,69,545433,281239,264194
109,2020,1,連江縣,離島,連江縣,7,3,4,7,0,6,5,1,2,2,13080,7493,5587
109,2020,1,金門縣,離島,金門縣,65,32,33,64,1,64,37,27,68,18,140253,70041,70212
109,2020,1,雲林縣,中部,雲林縣,294,145,149,289,5,586,342,244,310,96,680963,352602,328361
109,2020,1,高雄市,南部,高雄市,1375,681,694,1300,74,1845,1103,742,1485,431,2774571,1370190,1404381
109,2020,2,南投縣,中部,南投縣,254,134,120,238,16,467,260,207,203,78,493743,252511,241232
109,2020,2,嘉義市,南部,嘉義市,107,47,60,104,3,188,116,72,121,48,267598,129670,137928
109,2020,2,嘉義縣,南部,嘉義縣,223,116,107,215,8,518,301,217,178,87,502385,260812,241573
109,2020,2,基隆市,北部,基隆市,162,81,81,149,13,292,172,120,167,60,368870,184126,184744
109,2020,2,宜蘭縣,北部,宜蘭縣,227,100,127,220,7,337,202,135,183,91,454099,229083,225016
109,2020,2,屏東縣,南部,屏東縣,343,188,155,319,24,756,454,302,394,163,817803,417073,400730
109,2020,2,彰化縣,中部,彰化縣,943,482,461,921,22,969,567,402,580,167,1271761,646755,625006
109,2020,2,新北市,北部,新北市,2179,1123,1056,2104,75,2259,1337,922,1884,749,4022450,1965056,2057394
109,2020,2,新竹市,北部,新竹市,300,155,145,291,9,259,139,120,208,83,449251,221528,227723
109,2020,2,新竹縣,北部,新竹縣,335,163,172,322,13,385,231,154,262,108,564832,288328,276504
109,2020,2,桃園市,北部,桃園市,1753,888,865,1677,76,1235,761,474,1092,497,2252835,1117715,1135120
109,2020,2,澎湖縣,離島,澎湖縣,86,44,42,85,1,84,40,44,43,21,105121,54211,50910
109,2020,2,臺中市,中部,臺中市,1586,797,789,1535,51,1590,942,648,1365,520,2816052,1384268,1431784
109,2020,2,臺北市,北部,臺北市,1651,875,776,1606,45,1611,903,708,1230,353,2639084,1256806,1382278
109,2020,2,臺南市,南部,臺南市,930,493,437,895,35,1501,890,611,929,335,1879647,936547,943100
109,2020,2,臺東縣,東部,臺東縣,123,57,66,113,10,218,131,87,106,73,216453,111384,105069
109,2020,2,花蓮縣,東部,花蓮縣,165,81,84,151,14,292,171,121,149,88,325857,164817,161040
109,2020,2,苗栗縣,中部,苗栗縣,189,104,85,178,11,463,255,208,250,95,545158,281081,264077
109,2020,2,連江縣,離島,連江縣,10,3,7,10,0,5,2,3,9,4,13059,7483,5576
109,2020,2,金門縣,離島,金門縣,90,50,40,88,2,83,46,37,51,10,140081,69948,70133
109,2020,2,雲林縣,中部,雲林縣,348,171,177,334,14,648,362,286,293,107,680448,352304,328144
109,2020,2,高雄市,南部,高雄市,1532,774,758,1464,68,2051,1243,808,1395,497,2774316,1369816,1404500
109,2020,3,南投縣,中部,南投縣,260,133,127,246,14,446,270,176,201,89,493403,252281,241122
109,2020,3,嘉義市,南部,嘉義市,104,49,55,97,7,194,116,78,94,63,267472,129580,137892
109,2020,3,嘉義縣,南部,嘉義縣,249,124,125,234,15,457,244,213,195,91,502007,260592,241415
109,2020,3,基隆市,北部,基隆市,163,84,79,155,8,301,181,120,124,76,368792,184065,184727
109,2020,3,宜蘭縣,北部,宜蘭縣,226,121,105,220,6,355,208,147,155,92,453951,228982,224969
109,2020,3,屏東縣,南部,屏東縣,418,207,211,389,29,774,483,291,366,173,817193,416685,400508
109,2020,3,彰化縣,中部,彰化縣,1057,544,513,1038,19,976,590,386,489,208,1271015,646272,624743
109,2020,3,新北市,北部,新北市,2334,1209,1125,2243,91,2256,1295,961,1612,788,4023620,1965544,2058076
109,2020,3,新竹市,北部,新竹市,293,157,136,285,8,243,141,102,173,91,449425,221593,227832
109,2020,3,新竹縣,北部,新竹縣,346,167,179,337,9,367,216,151,231,100,565272,288550,276722
109,2020,3,桃園市,北部,桃園市,1881,960,921,1809,72,1227,748,479,1029,545,2254363,1118287,1136076
109,2020,3,澎湖縣,離島,澎湖縣,82,42,40,80,2,74,41,33,47,23,105117,54190,50927
109,2020,3,臺中市,中部,臺中市,1784,910,874,1707,77,1663,977,686,1182,573,2816667,1384505,1432162
109,2020,3,臺北市,北部,臺北市,1661,870,791,1621,40,1601,910,691,954,412,2635286,1254826,1380460
109,2020,3,臺南市,南部,臺南市,964,511,453,928,36,1365,790,575,748,385,1879115,936237,942878
109,2020,3,臺東縣,東部,臺東縣,115,63,52,105,10,220,130,90,87,40,216308,111291,105017
109,2020,3,花蓮縣,東部,花蓮縣,200,100,100,183,17,288,163,125,145,82,325706,164738,160968
109,2020,3,苗栗縣,中部,苗栗縣,247,131,116,228,19,519,324,195,192,127,544762,280817,263945
109,2020,3,連江縣,離島,連江縣,14,7,7,14,0,11,7,4,6,3,13034,7466,5568
109,2020,3,金門縣,離島,金門縣,88,45,43,85,3,68,30,38,36,20,139951,69893,70058
109,2020,3,雲林縣,中部,雲林縣,340,186,154,324,16,640,382,258,234,110,680050,352100,327950
109,2020,3,高雄市,南部,高雄市,1542,819,723,1476,66,2038,1203,835,1078,563,2773984,1369483,1404501
109,2020,4,南投縣,中部,南投縣,228,116,112,222,6,391,220,171,137,88,493138,252150,240988
109,2020,4,嘉義市,南部,嘉義市,112,53,59,108,4,170,90,80,70,51,267432,129547,137885
109,2020,4,嘉義縣,南部,嘉義縣,255,143,112,244,11,436,254,182,154,75,501774,260445,241329
109,2020,4,基隆市,北部,基隆市,159,78,81,149,10,243,139,104,114,72,368850,184087,184763
109,2020,4,宜蘭縣,北部,宜蘭縣,234,121,113,220,13,300,171,129,130,86,453915,228973,224942
109,2020,4,屏東縣,南部,屏東縣,323,163,160,310,13,708,448,260,245,142,816636,416355,400281
109,2020,4,彰化縣,中部,彰化縣,924,506,418,902,22,854,505,349,338,143,1270521,645984,624537
109,2020,4,新北市,北部,新北市,1973,1031,942,1892,81,1987,1191,796,1156,741,4024539,1965935,2058604
109,2020,4,新竹市,北部,新竹市,290,146,144,281,9,206,109,97,141,68,449593,221675,227918
109,2020,4,新竹縣,北部,新竹縣,339,146,193,329,10,335,214,121,181,96,565851,288764,277087
109,2020,4,桃園市,北部,桃園市,1654,828,826,1591,63,1177,711,466,757,468,2255753,1118766,1136987
109,2020,4,澎湖縣,離島,澎湖縣,70,35,35,69,1,78,50,28,25,23,105070,54154,50916
109,2020,4,臺中市,中部,臺中市,1556,800,756,1490,66,1481,894,587,887,485,2816741,1384376,1432365
109,2020,4,臺北市,北部,臺北市,1548,806,742,1500,48,1493,801,692,649,367,2631083,1252726,1378357
109,2020,4,臺南市,南部,臺南市,835,442,393,810,25,1248,702,546,588,306,1878845,936057,942788
109,2020,4,臺東縣,東部,臺東縣,89,47,42,80,9,202,120,82,78,54,216164,111195,104969
109,2020,4,花蓮縣,東部,花蓮縣,161,74,87,151,10,264,149,115,116,85,325582,164668,160914
109,2020,4,苗栗縣,中部,苗栗縣,222,114,108,214,8,425,243,182,187,87,544548,280706,263842
109,2020,4,連江縣,離島,連江縣,10,6,4,10,0,6,2,4,2,1,13045,7479,5566
109,2020,4,金門縣,離島,金門縣,87,43,44,86,1,73,43,30,20,11,139804,69786,70018
109,2020,4,雲林縣,中部,雲林縣,302,172,130,287,15,640,379,261,181,84,679635,351878,327757
109,2020,4,高雄市,南部,高雄市,1493,772,721,1428,65,1706,982,724,783,491,2773401,1369045,1404356
109,2020,5,南投縣,中部,南投縣,230,131,99,210,20,354,201,153,316,81,492877,252004,240873
109,2020,5,嘉義市,南部,嘉義市,109,66,43,105,4,175,98,77,172,52,267203,129439,137764
109,2020,5,嘉義縣,南部,嘉義縣,222,108,114,214,8,442,272,170,266,95,501376,260200,241176
109,2020,5,基隆市,北部,基隆市,160,85,75,153,7,240,140,100,252,78,368686,183989,184697
109,2020,5,宜蘭縣,北部,宜蘭縣,226,108,118,214,12,276,157,119,293,94,453970,228966,225004
109,2020,5,屏東縣,南部,屏東縣,318,183,135,301,17,643,415,228,483,170,816173,416050,400123
109,2020,5,彰化縣,中部,彰化縣,857,457,400,840,17,843,528,315,783,194,1269953,645683,624270
109,2020,5,新北市,北部,新北市,2049,1056,993,1968,81,1841,1079,762,2772,752,4026407,1966707,2059700
109,2020,5,新竹市,北部,新竹市,271,151,120,259,12,212,124,88,299,94,449806,221830,227976
109,2020,5,新竹縣,北部,新竹縣,301,152,149,289,12,296,174,122,396,105,566434,289016,277418
109,2020,5,桃園市,北部,桃園市,1625,829,796,1567,58,985,590,395,1667,475,2256665,1119101,1137564
109,2020,5,澎湖縣,離島,澎湖縣,79,47,32,78,1,76,51,25,63,16,105022,54109,50913
109,2020,5,臺中市,中部,臺中市,1382,704,678,1331,51,1312,775,537,2045,609,2816494,1384154,1432340
109,2020,5,臺北市,北部,臺北市,1399,743,656,1353,45,1377,775,602,1459,445,2626385,1250381,1376004
109,2020,5,臺南市,南部,臺南市,790,430,360,764,26,1120,640,480,1165,338,1878253,935746,942507
109,2020,5,臺東縣,東部,臺東縣,114,61,53,103,11,160,98,62,158,55,216045,111138,104907
109,2020,5,花蓮縣,東部,花蓮縣,142,69,73,125,17,235,139,96,200,79,325453,164632,160821
109,2020,5,苗栗縣,中部,苗栗縣,225,121,104,210,15,368,225,143,350,106,544339,280614,263725
109,2020,5,連江縣,離島,連江縣,9,6,3,9,0,6,3,3,4,4,13036,7473,5563
109,2020,5,金門縣,離島,金門縣,71,39,32,69,2,66,42,24,49,20,139683,69705,69978
109,2020,5,雲林縣,中部,雲林縣,304,156,148,294,10,568,336,232,347,111,679468,351707,327761
109,2020,5,高雄市,南部,高雄市,1352,701,651,1301,51,1677,1009,668,1831,474,2772834,1368690,1404144
109,2020,6,南投縣,中部,南投縣,285,153,132,263,22,377,241,136,124,70,492733,251881,240852
109,2020,6,嘉義市,南部,嘉義市,119,74,45,115,4,173,102,71,62,51,267034,129359,137675
109,2020,6,嘉義縣,南部,嘉義縣,240,128,112,230,10,432,249,183,153,76,501212,260082,241130
109,2020,6,基隆市,北部,基隆市,182,90,92,176,6,246,145,101,91,81,368528,183850,184678
109,2020,6,宜蘭縣,北部,宜蘭縣,230,112,118,223,7,325,188,137,118,63,453891,228874,225017
109,2020,6,屏東縣,南部,屏東縣,348,172,176,331,17,705,431,274,230,140,815789,415818,399971
109,2020,6,彰化縣,中部,彰化縣,1103,610,493,1078,25,814,455,359,350,173,1269791,645651,624140
109,2020,6,新北市,北部,新北市,2266,1149,1117,2161,105,1992,1185,807,1223,760,4026646,1966754,2059892
109,2020,6,新竹市,北部,新竹市,314,177,137,301,13,171,102,69,143,76,450021,221962,228059
109,2020,6,新竹縣,北部,新竹縣,378,202,176,366,12,326,190,136,185,115,566998,289254,277744
109,2020,6,桃園市,北部,桃園市,1782,937,845,1729,53,1068,671,397,798,497,2258099,1119745,1138354
109,2020,6,澎湖縣,離島,澎湖縣,95,54,41,92,3,88,48,40,26,17,105028,54091,50937
109,2020,6,臺中市,中部,臺中市,1724,891,833,1661,63,1339,777,562,811,503,2816917,1384256,1432661
109,2020,6,臺北市,北部,臺北市,1701,902,799,1648,53,1382,730,652,768,418,2624143,1249258,1374885
109,2020,6,臺南市,南部,臺南市,888,450,438,859,29,1256,735,521,519,332,1877891,935517,942374
109,2020,6,臺東縣,東部,臺東縣,118,67,51,108,10,179,107,72,68,41,215940,111087,104853
109,2020,6,花蓮縣,東部,花蓮縣,178,99,79,159,19,266,175,91,113,77,325271,164528,160743
109,2020,6,苗栗縣,中部,苗栗縣,243,125,118,228,15,379,195,184,155,113,544135,280540,263595
109,2020,6,連江縣,離島,連江縣,9,4,5,9,0,5,4,1,2,1,13049,7480,5569
109,2020,6,金門縣,離島,金門縣,91,44,47,87,4,53,36,17,32,17,139588,69651,69937
109,2020,6,雲林縣,中部,雲林縣,354,166,188,342,12,563,335,228,147,116,679273,351520,327753
109,2020,6,高雄市,南部,高雄市,1599,802,797,1536,63,1754,1019,735,771,522,2771846,1368063,1403783
109,2020,7,南投縣,中部,南投縣,229,108,121,216,13,390,216,174,176,115,492410,251702,240708
109,2020,7,嘉義市,南部,嘉義市,107,57,50,104,3,192,115,77,85,54,266833,129233,137600
109,2020,7,嘉義縣,南部,嘉義縣,234,132,102,220,14,450,235,215,151,97,500897,259947,240950
109,2020,7,基隆市,北部,基隆市,147,76,71,141,6,269,150,119,114,75,368372,183758,184614
109,2020,7,宜蘭縣,北部,宜蘭縣,208,108,100,200,8,343,204,139,176,68,453760,228783,224977
109,2020,7,屏東縣,南部,屏東縣,354,186,168,329,25,692,407,285,285,202,815367,415541,399826
109,2020,7,彰化縣,中部,彰化縣,950,506,444,917,33,890,523,367,375,207,1269395,645423,623972
109,2020,7,新北市,北部,新北市,2082,1065,1017,1986,96,2042,1199,843,1465,884,4027481,1966995,2060486
109,2020,7,新竹市,北部,新竹市,273,131,142,263,10,216,140,76,163,95,450113,221972,228141
109,2020,7,新竹縣,北部,新竹縣,335,180,155,315,20,293,164,129,202,111,567807,289726,278081
109,2020,7,桃園市,北部,桃園市,1671,848,823,1592,79,1106,668,438,932,519,2260043,1120507,1139536
109,2020,7,澎湖縣,離島,澎湖縣,69,37,32,67,2,82,50,32,45,20,105174,54136,51038
109,2020,7,臺中市,中部,臺中市,1454,762,692,1403,51,1497,850,647,1079,608,2816792,1384080,1432712
109,2020,7,臺北市,北部,臺北市,1397,731,666,1365,31,1408,787,621,891,474,2620037,1247311,1372726
109,2020,7,臺南市,南部,臺南市,785,422,363,760,25,1291,734,557,648,374,1877294,935206,942088
109,2020,7,臺東縣,東部,臺東縣,104,52,52,91,13,220,136,84,82,54,215768,110942,104826
109,2020,7,花蓮縣,東部,花蓮縣,186,107,79,168,18,255,145,110,127,106,325058,164433,160625
109,2020,7,苗栗縣,中部,苗栗縣,217,103,114,210,7,445,262,183,196,110,543803,280342,263461
109,2020,7,連江縣,離島,連江縣,10,6,4,10,0,5,2,3,6,1,13123,7538,5585
109,2020,7,金門縣,離島,金門縣,76,31,45,74,2,50,27,23,31,24,139628,69673,69955
109,2020,7,雲林縣,中部,雲林縣,291,152,139,280,11,578,314,264,208,126,678896,351312,327584
109,2020,7,高雄市,南部,高雄市,1435,782,653,1388,47,1819,1053,766,887,581,2770654,1367387,1403267
109,2020,8,南投縣,中部,南投縣,248,137,111,233,15,341,195,146,126,80,492168,251563,240605
109,2020,8,嘉義市,南部,嘉義市,120,66,54,110,10,140,83,57,77,42,266668,129156,137512
109,2020,8,嘉義縣,南部,嘉義縣,241,121,120,227,14,412,244,168,98,71,500654,259801,240853
109,2020,8,基隆市,北部,基隆市,143,57,86,135,8,228,128,100,103,82,368184,183659,184525
109,2020,8,宜蘭縣,北部,宜蘭縣,223,110,113,217,6,329,194,135,123,84,453646,228684,224962
109,2020,8,屏東縣,南部,屏東縣,349,183,166,330,19,651,398,253,201,154,814895,415266,399629
109,2020,8,彰化縣,中部,彰化縣,957,499,458,930,27,807,465,342,299,187,1268766,645071,623695
109,2020,8,新北市,北部,新北市,1928,996,932,1838,90,1892,1082,810,1184,787,4028324,1967412,2060912
109,2020,8,新竹市,北部,新竹市,296,167,129,284,12,216,140,76,120,83,450288,222066,228222
109,2020,8,新竹縣,北部,新竹縣,347,181,166,338,9,268,154,114,189,128,568516,290123,278393
109,2020,8,桃園市,北部,桃園市,1714,869,845,1649,65,977,618,359,718,525,2262440,1121530,1140910
109,2020,8,澎湖縣,離島,澎湖縣,84,48,36,83,1,67,45,22,24,21,105277,54148,51129
109,2020,8,臺中市,中部,臺中市,1480,772,708,1420,60,1367,803,564,822,559,2816819,1384030,1432789
109,2020,8,臺北市,北部,臺北市,1398,735,663,1359,39,1250,675,575,736,415,2615642,1245157,1370485
109,2020,8,臺南市,南部,臺南市,817,406,411,785,32,1208,690,518,462,294,1876829,934941,941888
109,2020,8,臺東縣,東部,臺東縣,121,57,64,107,14,174,109,65,65,37,215674,110893,104781
109,2020,8,花蓮縣,東部,花蓮縣,192,102,90,172,20,233,142,91,119,91,325018,164391,160627
109,2020,8,苗栗縣,中部,苗栗縣,254,145,109,239,15,384,217,167,133,100,543711,280302,263409
109,2020,8,連江縣,離島,連江縣,10,6,4,10,0,6,3,3,3,5,13089,7534,5555
109,2020,8,金門縣,離島,金門縣,75,38,37,74,1,63,31,32,28,17,139703,69700,70003
109,2020,8,雲林縣,中部,雲林縣,318,161,157,299,19,558,324,234,173,106,678589,351126,327463
109,2020,8,高雄市,南部,高雄市,1472,782,690,1413,59,1730,1027,703,780,511,2769434,1366607,1402827
109,2020,9,南投縣,中部,南投縣,268,143,125,253,15,412,233,179,127,91,491743,251297,240446
109,2020,9,嘉義市,南部,嘉義市,119,69,50,113,6,152,92,60,67,50,266442,129035,137407
109,2020,9,嘉義縣,南部,嘉義縣,242,124,118,228,14,426,248,178,110,92,500316,259589,240727
109,2020,9,基隆市,北部,基隆市,211,102,109,204,7,222,130,92,119,63,368020,183583,184437
109,2020,9,宜蘭縣,北部,宜蘭縣,246,126,120,233,13,315,183,132,144,99,453452,228573,224879
109,2020,9,屏東縣,南部,屏東縣,392,206,186,370,22,649,399,250,241,187,814210,414905,399305
109,2020,9,彰化縣,中部,彰化縣,991,536,455,965,26,838,490,348,328,202,1267988,644633,623355
109,2020,9,新北市,北部,新北市,2087,1071,1016,1997,90,1984,1171,813,1321,775,4029205,1967632,2061573
109,2020,9,新竹市,北部,新竹市,286,155,131,275,11,212,123,89,148,86,450617,222302,228315
109,2020,9,新竹縣,北部,新竹縣,354,176,178,335,19,301,172,129,183,103,569199,290508,278691
109,2020,9,桃園市,北部,桃園市,1806,1001,805,1734,72,1024,607,417,803,507,2264231,1122406,1141825
109,2020,9,澎湖縣,離島,澎湖縣,60,27,33,60,0,81,46,35,31,19,105794,54465,51329
109,2020,9,臺中市,中部,臺中市,1663,899,764,1583,80,1388,801,587,913,555,2816779,1384042,1432737
109,2020,9,臺北市,北部,臺北市,1551,830,721,1506,45,1367,775,592,748,401,2610762,1242747,1368015
109,2020,9,臺南市,南部,臺南市,927,472,455,886,41,1212,681,531,550,346,1876364,934659,941705
109,2020,9,臺東縣,東部,臺東縣,113,59,54,106,7,197,113,84,62,49,215483,110773,104710
109,2020,9,花蓮縣,東部,花蓮縣,198,110,88,180,18,270,159,111,126,68,324804,164288,160516
109,2020,9,苗栗縣,中部,苗栗縣,230,112,118,215,15,379,224,155,155,105,543513,280176,263337
109,2020,9,連江縣,離島,連江縣,9,4,5,9,0,7,5,2,6,2,13132,7559,5573
109,2020,9,金門縣,離島,金門縣,87,44,43,86,1,62,32,30,32,17,140329,70064,70265
109,2020,9,雲林縣,中部,雲林縣,348,167,181,333,15,594,373,221,163,129,678064,350789,327275
109,2020,9,高雄市,南部,高雄市,1666,885,781,1592,74,1784,1079,705,865,570,2767931,1365644,1402287
109,2020,10,南投縣,中部,南投縣,283,153,130,273,10,380,240,140,245,78,491546,251159,240387
109,2020,10,嘉義市,南部,嘉義市,109,48,61,105,4,148,91,57,125,49,266251,128901,137350
109,2020,10,嘉義縣,南部,嘉義縣,252,126,126,242,10,442,257,185,216,80,500117,259439,240678
109,2020,10,基隆市,北部,基隆市,170,90,80,159,11,224,126,98,179,62,367890,183494,184396
109,2020,10,宜蘭縣,北部,宜蘭縣,243,137,106,233,10,295,176,119,242,84,453309,228490,224819
109,2020,10,屏東縣,南部,屏東縣,384,207,177,361,23,681,417,264,361,147,813676,414594,399082
109,2020,10,彰化縣,中部,彰化縣,1025,511,514,997,28,805,442,363,627,184,1267786,644461,623325
109,2020,10,新北市,北部,新北市,2247,1128,1119,2166,81,1922,1127,795,2292,709,4029920,1967915,2062005
109,2020,10,新竹市,北部,新竹市,308,153,155,296,12,219,137,82,267,101,450793,222369,228424
109,2020,10,新竹縣,北部,新竹縣,350,197,153,335,15,299,174,125,326,103,569565,290730,278835
109,2020,10,桃園市,北部,桃園市,1871,951,920,1807,64,1027,628,399,1369,432,2265940,1123132,1142808
109,2020,10,澎湖縣,離島,澎湖縣,98,57,41,94,4,69,39,30,55,25,105912,54514,51398
109,2020,10,臺中市,中部,臺中市,1675,806,869,1599,76,1375,808,567,1554,500,2817547,1384267,1433280
109,2020,10,臺北市,北部,臺北市,1496,781,715,1458,38,1375,751,624,1385,360,2608332,1241493,1366839
109,2020,10,臺南市,南部,臺南市,877,462,415,840,37,1211,703,508,902,317,1875909,934400,941509
109,2020,10,臺東縣,東部,臺東縣,118,58,60,108,10,169,117,52,122,46,215468,110744,104724
109,2020,10,花蓮縣,東部,花蓮縣,175,95,80,162,13,263,162,101,169,66,324602,164173,160429
109,2020,10,苗栗縣,中部,苗栗縣,240,124,116,224,16,375,231,144,276,104,543287,280018,263269
109,2020,10,連江縣,離島,連江縣,10,7,3,10,0,5,3,2,10,1,13149,7568,5581
109,2020,10,金門縣,離島,金門縣,104,56,48,100,4,56,27,29,57,11,140420,70103,70317
109,2020,10,雲林縣,中部,雲林縣,313,175,138,299,14,573,315,258,261,93,677669,350572,327097
109,2020,10,高雄市,南部,高雄市,1683,883,800,1623,60,1629,967,662,1344,491,2767383,1365252,1402131
109,2020,11,南投縣,中部,南投縣,277,157,120,258,19,383,222,161,180,88,491241,251010,240231
109,2020,11,嘉義市,南部,嘉義市,133,63,70,130,3,192,123,69,83,59,266076,128752,137324
109,2020,11,嘉義縣,南部,嘉義縣,260,146,114,249,11,445,250,195,178,77,499881,259313,240568
109,2020,11,基隆市,北部,基隆市,174,104,70,165,9,239,135,104,126,66,367740,183422,184318
109,2020,11,宜蘭縣,北部,宜蘭縣,271,137,134,262,9,297,176,121,172,94,453246,228430,224816
109,2020,11,屏東縣,南部,屏東縣,416,216,200,392,24,678,396,282,313,169,813176,414303,398873
109,2020,11,彰化縣,中部,彰化縣,1086,545,541,1058,28,791,472,319,445,207,1267339,644163,623176
109,2020,11,新北市,北部,新北市,2243,1177,1066,2165,78,2060,1192,868,1639,769,4030594,1968161,2062433
109,2020,11,新竹市,北部,新竹市,320,176,144,314,6,205,109,96,192,66,451033,222507,228526
109,2020,11,新竹縣,北部,新竹縣,399,187,212,380,19,303,176,127,250,104,570065,291001,279064
109,2020,11,桃園市,北部,桃園市,1843,961,882,1763,80,1075,666,409,963,461,2267070,1123589,1143481
109,2020,11,澎湖縣,離島,澎湖縣,92,50,42,88,4,80,52,28,50,23,105907,54496,51411
109,2020,11,臺中市,中部,臺中市,1758,930,828,1688,70,1410,847,563,1213,501,2818670,1384722,1433948
109,2020,11,臺北市,北部,臺北市,1636,836,800,1584,52,1351,763,588,919,376,2605369,1240053,1365316
109,2020,11,臺南市,南部,臺南市,961,501,460,925,36,1288,730,558,682,329,1875378,934133,941245
109,2020,11,臺東縣,東部,臺東縣,120,54,66,112,8,198,117,81,87,44,215351,110655,104696
109,2020,11,花蓮縣,東部,花蓮縣,201,108,93,192,9,271,161,110,130,63,324501,164115,160386
109,2020,11,苗栗縣,中部,苗栗縣,235,123,112,219,16,424,242,182,214,104,542985,279847,263138
109,2020,11,連江縣,離島,連江縣,10,6,4,10,0,4,2,2,3,3,13199,7605,5594
109,2020,11,金門縣,離島,金門縣,89,57,32,88,1,66,37,29,44,14,140490,70132,70358
109,2020,11,雲林縣,中部,雲林縣,346,184,162,330,16,549,314,235,231,84,677293,350364,326929
109,2020,11,高雄市,南部,高雄市,1786,941,845,1708,78,1832,1089,743,1072,508,2766752,1364832,1401920
109,2020,12,南投縣,中部,南投縣,345,183,162,324,21,424,243,181,270,95,490832,250825,240007
109,2020,12,嘉義市,南部,嘉義市,170,84,86,161,9,198,105,93,167,55,266005,128670,137335
109,2020,12,嘉義縣,南部,嘉義縣,287,130,157,277,10,473,272,201,241,76,499481,259138,240343
109,2020,12,基隆市,北部,基隆市,184,92,92,172,12,275,174,101,244,64,367577,183304,184273
109,2020,12,宜蘭縣,北部,宜蘭縣,298,158,140,291,7,378,212,166,318,97,453087,228318,224769
109,2020,12,屏東縣,南部,屏東縣,462,257,205,433,29,774,468,306,452,171,812658,414006,398652
109,2020,12,彰化縣,中部,彰化縣,1282,690,592,1252,30,951,537,414,820,203,1266670,643831,622839
109,2020,12,新北市,北部,新北市,2780,1419,1361,2692,88,2197,1292,905,2712,748,4030954,1968355,2062599
109,2020,12,新竹市,北部,新竹市,343,173,170,331,12,230,129,101,346,77,451412,222717,228695
109,2020,12,新竹縣,北部,新竹縣,500,262,238,477,23,284,171,113,440,120,570775,291376,279399
109,2020,12,桃園市,北部,桃園市,2245,1185,1060,2165,80,1131,693,438,1718,486,2268807,1124276,1144531
109,2020,12,澎湖縣,離島,澎湖縣,97,50,47,94,3,85,45,40,55,16,105952,54516,51436
109,2020,12,臺中市,中部,臺中市,2147,1104,1043,2056,91,1577,939,638,2158,550,2820787,1385436,1435351
109,2020,12,臺北市,北部,臺北市,2084,1074,1010,2029,55,1518,862,656,1631,403,2602418,1238618,1363800
109,2020,12,臺南市,南部,臺南市,1147,596,551,1106,41,1313,743,570,1170,313,1874917,933869,941048
109,2020,12,臺東縣,東部,臺東縣,131,72,59,115,16,196,122,74,122,51,215261,110615,104646
109,2020,12,花蓮縣,東部,花蓮縣,216,119,97,198,18,244,152,92,174,83,324372,164026,160346
109,2020,12,苗栗縣,中部,苗栗縣,263,131,132,250,13,456,275,181,372,104,542590,279638,262952
109,2020,12,連江縣,離島,連江縣,9,6,3,8,1,5,3,2,11,4,13279,7668,5611
109,2020,12,金門縣,離島,金門縣,112,61,51,112,0,65,40,25,68,23,140597,70183,70414
109,2020,12,雲林縣,中部,雲林縣,451,226,225,429,22,587,353,234,341,107,676873,350137,326736
109,2020,12,高雄市,南部,高雄市,1994,967,1027,1919,75,1847,1114,733,1808,492,2765932,1364243,1401689
110,2021,1,南投縣,中部,南投縣,204,101,103,191,13,452,266,186,203,78,490399,250600,239799
110,2021,1,嘉義市,南部,嘉義市,83,39,44,78,5,177,98,79,144,52,265852,128563,137289
110,2021,1,嘉義縣,南部,嘉義縣,143,68,75,134,9,505,299,206,198,74,498894,258806,240088
110,2021,1,基隆市,北部,基隆市,112,62,50,104,8,273,158,115,153,53,367379,183178,184201
110,2021,1,宜蘭縣,北部,宜蘭縣,183,94,89,168,15,362,211,151,202,85,452941,228212,224729
110,2021,1,屏東縣,南部,屏東縣,270,131,139,246,24,786,458,328,378,144,811978,413619,398359
110,2021,1,彰化縣,中部,彰化縣,701,342,359,687,14,968,560,408,593,159,1265654,643236,622418
110,2021,1,新北市,北部,新北市,1574,811,763,1521,53,2376,1416,960,1716,646,4029774,1967698,2062076
110,2021,1,新竹市,北部,新竹市,208,107,101,202,6,224,125,99,202,80,451655,222879,228776
110,2021,1,新竹縣,北部,新竹縣,313,157,156,304,9,341,205,136,291,79,570982,291435,279547
110,2021,1,桃園市,北部,桃園市,1304,676,628,1255,49,1210,757,453,1145,403,2269216,1124335,1144881
110,2021,1,澎湖縣,離島,澎湖縣,55,30,25,54,1,106,71,35,61,20,105913,54484,51429
110,2021,1,臺中市,中部,臺中市,1055,549,506,1006,49,1635,926,709,1448,439,2820943,1385416,1435527
110,2021,1,臺北市,北部,臺北市,960,488,472,930,30,1630,907,723,1065,328,2597635,1236274,1361361
110,2021,1,臺南市,南部,臺南市,594,317,277,579,15,1489,854,635,816,266,1873755,933232,940523
110,2021,1,臺東縣,東部,臺東縣,102,49,53,93,9,207,133,74,90,40,215113,110488,104625
110,2021,1,花蓮縣,東部,花蓮縣,131,58,73,117,14,294,185,109,122,60,324074,163837,160237
110,2021,1,苗栗縣,中部,苗栗縣,180,94,86,170,10,496,302,194,258,71,542127,279432,262695
110,2021,1,連江縣,離島,連江縣,5,3,2,5,0,4,3,1,3,1,13303,7683,5620
110,2021,1,金門縣,離島,金門縣,64,37,27,61,3,56,28,28,46,14,140536,70165,70371
110,2021,1,雲林縣,中部,雲林縣,232,113,119,222,10,627,378,249,280,83,676219,349759,326460
110,2021,1,高雄市,南部,高雄市,1128,580,548,1078,50,2114,1226,888,1205,426,2764291,1363332,1400959
110,2021,2,南投縣,中部,南投縣,223,119,104,213,10,418,232,186,139,48,490001,250413,239588
110,2021,2,嘉義市,南部,嘉義市,116,64,52,109,7,170,96,74,80,36,265751,128510,137241
110,2021,2,嘉義縣,南部,嘉義縣,219,117,102,206,13,473,281,192,153,76,498499,258568,239931
110,2021,2,基隆市,北部,基隆市,123,65,58,120,3,255,153,102,112,43,367269,183130,184139
110,2021,2,宜蘭縣,北部,宜蘭縣,197,107,90,188,9,338,188,150,157,59,452751,228118,224633
110,2021,2,屏東縣,南部,屏東縣,300,141,159,280,20,744,427,317,279,132,811275,413227,398048
110,2021,2,彰化縣,中部,彰化縣,886,461,425,866,20,877,451,426,383,132,1264897,642911,621986
110,2021,2,新北市,北部,新北市,1853,966,887,1788,65,2105,1262,843,1251,603,4029493,1967438,2062055
110,2021,2,新竹市,北部,新竹市,256,131,125,246,10,218,125,93,153,54,451757,222929,228828
110,2021,2,新竹縣,北部,新竹縣,299,156,143,287,12,343,207,136,185,92,571291,291597,279694
110,2021,2,桃園市,北部,桃園市,1519,802,717,1471,48,1174,699,475,694,345,2269948,1124674,1145274
110,2021,2,澎湖縣,離島,澎湖縣,47,33,14,45,2,71,39,32,37,13,105908,54478,51430
110,2021,2,臺中市,中部,臺中市,1321,696,625,1266,55,1480,862,618,1012,452,2821464,1385493,1435971
110,2021,2,臺北市,北部,臺北市,1253,655,598,1227,26,1461,829,632,824,356,2592878,1233881,1358997
110,2021,2,臺南市,南部,臺南市,726,372,354,701,25,1295,728,567,689,273,1873043,932847,940196
110,2021,2,臺東縣,東部,臺東縣,94,53,41,85,9,201,127,74,59,39,214983,110411,104572
110,2021,2,花蓮縣,東部,花蓮縣,166,86,80,149,17,291,172,119,111,60,323929,163740,160189
110,2021,2,苗栗縣,中部,苗栗縣,185,98,87,176,9,438,254,184,162,72,541914,279330,262584
110,2021,2,連江縣,離島,連江縣,7,5,2,6,1,5,4,1,5,0,13296,7685,5611
110,2021,2,金門縣,離島,金門縣,70,38,32,70,0,49,26,23,40,14,140511,70149,70362
110,2021,2,雲林縣,中部,雲林縣,310,171,139,303,7,644,363,281,193,78,675673,349459,326214
110,2021,2,高雄市,南部,高雄市,1327,692,635,1275,52,1806,1036,770,992,394,2763057,1362652,1400405
110,2021,3,南投縣,中部,南投縣,235,128,107,224,11,458,276,182,186,97,489509,250143,239366
110,2021,3,嘉義市,南部,嘉義市,113,65,48,109,4,188,104,84,110,43,265560,128412,137148
110,2021,3,嘉義縣,南部,嘉義縣,244,123,121,234,10,515,286,229,185,90,498031,258321,239710
110,2021,3,基隆市,北部,基隆市,167,93,74,156,11,290,169,121,143,92,367178,183080,184098
110,2021,3,宜蘭縣,北部,宜蘭縣,247,122,125,240,7,396,226,170,206,91,452497,227987,224510
110,2021,3,屏東縣,南部,屏東縣,378,206,172,364,13,795,447,348,384,171,810449,412817,397632
110,2021,3,彰化縣,中部,彰化縣,988,476,512,965,23,963,540,423,488,213,1263635,642259,621376
110,2021,3,新北市,北部,新北市,2206,1182,1024,2141,65,2333,1340,993,1822,844,4028474,1966907,2061567
110,2021,3,新竹市,北部,新竹市,333,168,165,324,9,271,154,117,196,86,451868,223002,228866
110,2021,3,新竹縣,北部,新竹縣,375,185,190,362,13,345,184,161,282,109,571774,291853,279921
110,2021,3,桃園市,北部,桃園市,1822,966,856,1758,64,1307,795,512,1054,531,2270689,1124866,1145823
110,2021,3,澎湖縣,離島,澎湖縣,68,39,29,67,1,83,49,34,47,21,105867,54453,51414
110,2021,3,臺中市,中部,臺中市,1582,774,808,1530,52,1605,943,662,1268,565,2821322,1385204,1436118
110,2021,3,臺北市,北部,臺北市,1602,810,792,1566,36,1704,991,713,1065,407,2586660,1230878,1355782
110,2021,3,臺南市,南部,臺南市,850,452,398,823,27,1407,797,610,860,377,1871961,932332,939629
110,2021,3,臺東縣,東部,臺東縣,116,52,64,103,13,219,122,97,102,54,214745,110310,104435
110,2021,3,花蓮縣,東部,花蓮縣,184,84,100,167,17,301,175,126,162,76,323666,163626,160040
110,2021,3,苗栗縣,中部,苗栗縣,248,134,114,234,14,496,291,205,214,113,541460,279101,262359
110,2021,3,連江縣,離島,連江縣,9,6,3,9,0,8,6,2,5,2,13336,7708,5628
110,2021,3,金門縣,離島,金門縣,86,37,49,85,1,65,40,25,43,11,140406,70080,70326
110,2021,3,雲林縣,中部,雲林縣,339,175,164,324,15,642,375,267,253,118,675074,349135,325939
110,2021,3,高雄市,南部,高雄市,1627,820,807,1563,64,2047,1225,822,1351,608,2761462,1361664,1399798
110,2021,4,南投縣,中部,南投縣,249,137,112,230,19,412,241,171,140,101,489148,249968,239180
110,2021,4,嘉義市,南部,嘉義市,93,44,49,91,2,182,97,85,72,44,265416,128300,137116
110,2021,4,嘉義縣,南部,嘉義縣,205,113,92,192,13,481,284,197,136,75,497641,258099,239542
110,2021,4,基隆市,北部,基隆市,116,56,60,111,5,264,147,117,136,75,367088,183039,184049
110,2021,4,宜蘭縣,北部,宜蘭縣,222,121,101,214,8,346,209,137,147,104,452355,227895,224460
110,2021,4,屏東縣,南部,屏東縣,310,168,142,287,23,685,405,280,260,166,809765,412454,397311
110,2021,4,彰化縣,中部,彰化縣,946,479,467,920,26,831,471,360,364,203,1262673,641697,620976
110,2021,4,新北市,北部,新北市,1937,1003,934,1862,75,2083,1231,852,1297,742,4027730,1966503,2061227
110,2021,4,新竹市,北部,新竹市,265,134,131,252,13,191,107,84,157,75,452229,223192,229037
110,2021,4,新竹縣,北部,新竹縣,327,156,171,312,15,311,178,133,178,118,572422,292161,280261
110,2021,4,桃園市,北部,桃園市,1577,789,788,1526,51,1100,659,441,776,469,2270971,1124819,1146152
110,2021,4,澎湖縣,離島,澎湖縣,89,43,46,87,2,79,36,43,31,24,105905,54464,51441
110,2021,4,臺中市,中部,臺中市,1504,775,729,1444,60,1482,895,587,1048,554,2820979,1384963,1436016
110,2021,4,臺北市,北部,臺北市,1419,751,668,1384,35,1432,823,609,785,374,2581006,1228167,1352839
110,2021,4,臺南市,南部,臺南市,798,427,371,770,28,1229,710,519,516,282,1871224,931945,939279
110,2021,4,臺東縣,東部,臺東縣,95,57,38,86,9,179,96,83,73,55,214599,110225,104374
110,2021,4,花蓮縣,東部,花蓮縣,143,71,72,132,11,219,127,92,127,77,323441,163522,159919
110,2021,4,苗栗縣,中部,苗栗縣,221,124,97,214,7,410,250,160,166,101,541226,278994,262232
110,2021,4,連江縣,離島,連江縣,8,3,5,8,0,8,6,2,3,2,13403,7753,5650
110,2021,4,金門縣,離島,金門縣,106,56,50,103,3,62,37,25,33,14,140325,70021,70304
110,2021,4,雲林縣,中部,雲林縣,294,164,130,284,10,551,329,222,195,89,674622,348860,325762
110,2021,4,高雄市,南部,高雄市,1340,681,659,1290,50,1739,1041,698,907,486,2760028,1360832,1399196
110,2021,5,南投縣,中部,南投縣,235,126,109,219,16,422,246,176,266,94,488689,249703,238986
110,2021,5,嘉義市,南部,嘉義市,122,63,59,119,3,167,91,76,141,42,265234,128192,137042
110,2021,5,嘉義縣,南部,嘉義縣,192,110,82,186,6,445,260,185,227,76,497172,257845,239327
110,2021,5,基隆市,北部,基隆市,141,75,66,134,7,251,147,104,183,62,366643,182812,183831
110,2021,5,宜蘭縣,北部,宜蘭縣,249,139,110,235,14,328,198,130,263,62,452334,227864,224470
110,2021,5,屏東縣,南部,屏東縣,329,176,153,306,23,695,397,298,444,153,809130,412143,396987
110,2021,5,彰化縣,中部,彰化縣,875,475,400,861,14,894,507,387,589,179,1261770,641205,620565
110,2021,5,新北市,北部,新北市,1841,920,921,1782,59,2189,1243,946,2166,597,4026019,1965640,2060379
110,2021,5,新竹市,北部,新竹市,279,138,141,271,8,238,129,109,273,67,452450,223293,229157
110,2021,5,新竹縣,北部,新竹縣,319,155,164,305,14,326,191,135,328,136,572872,292350,280522
110,2021,5,桃園市,北部,桃園市,1624,865,759,1554,70,1113,669,444,1434,446,2270939,1124883,1146056
110,2021,5,澎湖縣,離島,澎湖縣,80,44,36,79,1,87,53,34,59,22,105749,54373,51376
110,2021,5,臺中市,中部,臺中市,1550,795,755,1486,64,1604,899,705,1690,468,2820114,1384543,1435571
110,2021,5,臺北市,北部,臺北市,1290,645,645,1245,45,1483,813,670,1105,322,2574704,1225276,1349428
110,2021,5,臺南市,南部,臺南市,755,395,360,727,28,1316,732,584,967,313,1870343,931458,938885
110,2021,5,臺東縣,東部,臺東縣,96,49,47,91,5,216,126,90,110,43,214428,110135,104293
110,2021,5,花蓮縣,東部,花蓮縣,172,91,81,153,19,260,150,110,218,70,323252,163424,159828
110,2021,5,苗栗縣,中部,苗栗縣,228,111,117,219,9,429,243,186,282,118,540917,278808,262109
110,2021,5,連江縣,離島,連江縣,11,8,3,11,0,6,3,3,4,1,13437,7780,5657
110,2021,5,金門縣,離島,金門縣,94,51,43,93,1,65,40,25,56,13,140228,69960,70268
110,2021,5,雲林縣,中部,雲林縣,297,152,145,289,8,631,357,274,333,97,674152,348639,325513
110,2021,5,高雄市,南部,高雄市,1521,802,719,1460,61,1943,1128,815,1496,494,2758494,1360010,1398484
110,2021,6,南投縣,中部,南投縣,265,145,120,255,10,452,271,181,163,67,488337,249519,238818
110,2021,6,嘉義市,南部,嘉義市,117,66,51,113,4,198,119,79,99,30,265046,128091,136955
110,2021,6,嘉義縣,南部,嘉義縣,274,146,128,259,15,497,276,221,138,62,496756,257644,239112
110,2021,6,基隆市,北部,基隆市,167,97,70,155,12,294,178,116,134,53,366196,182610,183586
110,2021,6,宜蘭縣,北部,宜蘭縣,276,142,134,268,8,360,202,158,161,77,452151,227771,224380
110,2021,6,屏東縣,南部,屏東縣,408,204,204,382,26,737,436,301,266,126,808631,411849,396782
110,2021,6,彰化縣,中部,彰化縣,1111,576,535,1080,31,981,561,420,413,139,1261272,640937,620335
110,2021,6,新北市,北部,新北市,2439,1269,1170,2347,92,2687,1588,1099,1267,542,4023634,1964555,2059079
110,2021,6,新竹市,北部,新竹市,355,189,166,348,7,230,125,105,169,59,452619,223415,229204
110,2021,6,新竹縣,北部,新竹縣,381,195,186,365,16,362,207,155,224,91,573243,292538,280705
110,2021,6,桃園市,北部,桃園市,1992,1043,949,1929,63,1283,756,527,930,388,2271969,1125364,1146605
110,2021,6,澎湖縣,離島,澎湖縣,92,47,45,89,3,88,53,35,40,13,105693,54381,51312
110,2021,6,臺中市,中部,臺中市,1828,957,871,1752,76,1579,892,687,1104,441,2819930,1384421,1435509
110,2021,6,臺北市,北部,臺北市,1718,885,833,1675,43,1899,1058,841,719,292,2570090,1223053,1347037
110,2021,6,臺南市,南部,臺南市,929,466,463,891,38,1321,774,547,618,227,1869610,931030,938580
110,2021,6,臺東縣,東部,臺東縣,134,77,57,127,7,196,122,74,70,37,214274,110046,104228
110,2021,6,花蓮縣,東部,花蓮縣,214,115,99,205,9,281,176,105,128,66,323101,163323,159778
110,2021,6,苗栗縣,中部,苗栗縣,258,137,121,248,10,475,279,196,165,71,540587,278629,261958
110,2021,6,連江縣,離島,連江縣,9,6,3,9,0,3,2,1,9,1,13424,7775,5649
110,2021,6,金門縣,離島,金門縣,97,47,50,97,0,59,37,22,31,13,139975,69832,70143
110,2021,6,雲林縣,中部,雲林縣,377,175,202,358,19,653,359,294,214,87,673766,348394,325372
110,2021,6,高雄市,南部,高雄市,1687,858,829,1617,70,2004,1218,786,915,374,2757205,1359198,1398007
110,2021,7,南投縣,中部,南投縣,202,100,102,189,13,434,256,178,152,91,487743,249180,238563
110,2021,7,嘉義市,南部,嘉義市,111,60,51,105,6,152,85,67,103,41,264721,127921,136800
110,2021,7,嘉義縣,南部,嘉義縣,204,102,102,191,13,487,266,221,143,72,496440,257483,238957
110,2021,7,基隆市,北部,基隆市,148,71,77,143,5,273,166,107,119,82,365891,182443,183448
110,2021,7,宜蘭縣,北部,宜蘭縣,226,122,104,213,13,352,207,145,173,68,451946,227638,224308
110,2021,7,屏東縣,南部,屏東縣,310,177,133,294,16,692,410,282,274,139,807970,411488,396482
110,2021,7,彰化縣,中部,彰化縣,882,451,431,863,19,914,530,384,418,178,1260388,640452,619936
110,2021,7,新北市,北部,新北市,1855,962,893,1786,69,2447,1399,1048,1342,657,4021398,1963570,2057828
110,2021,7,新竹市,北部,新竹市,258,133,125,250,8,199,108,91,168,77,452807,223549,229258
110,2021,7,新竹縣,北部,新竹縣,323,182,141,312,11,347,204,143,221,107,573385,292650,280735
110,2021,7,桃園市,北部,桃園市,1537,798,739,1478,59,1159,707,452,879,469,2272459,1125524,1146935
110,2021,7,澎湖縣,離島,澎湖縣,75,42,33,74,1,71,38,33,38,22,105634,54349,51285
110,2021,7,臺中市,中部,臺中市,1416,718,698,1354,62,1541,909,632,1137,490,2819081,1383947,1435134
110,2021,7,臺北市,北部,臺北市,1223,648,575,1184,39,1746,940,806,801,322,2562738,1219519,1343219
110,2021,7,臺南市,南部,臺南市,805,434,371,760,45,1251,716,535,653,287,1868739,930669,938070
110,2021,7,臺東縣,東部,臺東縣,95,49,46,85,10,199,121,78,79,30,214132,109967,104165
110,2021,7,花蓮縣,東部,花蓮縣,152,68,84,140,12,265,162,103,147,64,322836,163177,159659
110,2021,7,苗栗縣,中部,苗栗縣,206,96,110,197,8,432,245,187,195,101,540312,278500,261812
110,2021,7,連江縣,離島,連江縣,11,7,4,11,0,2,0,2,3,2,13449,7791,5658
110,2021,7,金門縣,離島,金門縣,59,35,24,58,1,74,40,34,40,17,139764,69707,70057
110,2021,7,雲林縣,中部,雲林縣,288,139,149,275,12,604,371,233,227,79,673309,348084,325225
110,2021,7,高雄市,南部,高雄市,1423,777,646,1374,49,1882,1098,784,963,448,2755491,1358369,1397122
110,2021,8,南投縣,中部,南投縣,239,122,117,225,14,392,223,169,84,79,487185,248876,238309
110,2021,8,嘉義市,南部,嘉義市,112,54,58,108,4,168,104,64,42,45,264858,127987,136871
110,2021,8,嘉義縣,南部,嘉義縣,216,110,106,208,8,479,285,194,65,76,495662,257076,238586
110,2021,8,基隆市,北部,基隆市,169,82,87,159,10,249,152,97,59,65,365591,182283,183308
110,2021,8,宜蘭縣,北部,宜蘭縣,245,135,110,234,11,349,199,150,94,64,451635,227469,224166
110,2021,8,屏東縣,南部,屏東縣,332,165,167,314,18,658,370,288,164,134,807159,411043,396116
110,2021,8,彰化縣,中部,彰化縣,944,488,456,922,22,902,538,364,191,188,1259246,639807,619439
110,2021,8,新北市,北部,新北市,2049,1042,1007,1971,78,2272,1313,959,763,742,4019898,1962811,2057087
110,2021,8,新竹市,北部,新竹市,279,138,141,273,6,222,117,105,70,80,452781,223599,229182
110,2021,8,新竹縣,北部,新竹縣,361,172,189,352,9,334,203,131,118,112,573858,292925,280933
110,2021,8,桃園市,北部,桃園市,1550,814,736,1475,75,1056,620,436,478,504,2272976,1125790,1147186
110,2021,8,澎湖縣,離島,澎湖縣,79,42,37,78,1,65,46,19,20,17,105645,54330,51315
110,2021,8,臺中市,中部,臺中市,1505,761,744,1434,71,1492,875,617,523,507,2818139,1383455,1434684
110,2021,8,臺北市,北部,臺北市,1319,672,647,1274,45,1464,810,654,430,361,2553798,1215490,1338308
110,2021,8,臺南市,南部,臺南市,784,421,363,756,28,1343,786,557,296,282,1867554,930017,937537
110,2021,8,臺東縣,東部,臺東縣,99,55,44,87,12,223,148,75,46,47,213956,109831,104125
110,2021,8,花蓮縣,東部,花蓮縣,180,91,89,164,16,289,174,115,83,81,322506,163003,159503
110,2021,8,苗栗縣,中部,苗栗縣,244,120,124,228,16,455,279,176,93,116,539879,278270,261609
110,2021,8,連江縣,離島,連江縣,14,6,8,14,0,6,4,2,2,1,13420,7764,5656
110,2021,8,金門縣,離島,金門縣,87,45,42,85,2,69,39,30,13,16,140004,69796,70208
110,2021,8,雲林縣,中部,雲林縣,328,175,153,307,21,595,338,257,98,103,672557,347675,324882
110,2021,8,高雄市,南部,高雄市,1453,727,726,1402,51,1870,1119,751,541,495,2753530,1357350,1396180
110,2021,9,南投縣,中部,南投縣,242,129,113,231,11,365,205,160,177,87,486455,248511,237944
110,2021,9,嘉義市,南部,嘉義市,119,70,49,114,5,164,90,74,86,42,265002,128026,136976
110,2021,9,嘉義縣,南部,嘉義縣,254,116,138,243,11,455,270,185,193,76,494868,256657,238211
110,2021,9,基隆市,北部,基隆市,163,76,87,157,6,258,150,108,161,59,365117,182031,183086
110,2021,9,宜蘭縣,北部,宜蘭縣,265,140,125,250,15,296,175,121,199,84,451422,227385,224037
110,2021,9,屏東縣,南部,屏東縣,380,193,187,352,28,638,394,244,278,163,806305,410625,395680
110,2021,9,彰化縣,中部,彰化縣,996,519,477,971,25,803,452,351,456,188,1257992,639195,618797
110,2021,9,新北市,北部,新北市,2122,1101,1021,2044,78,2001,1182,819,1768,720,4017632,1961812,2055820
110,2021,9,新竹市,北部,新竹市,310,162,148,299,11,238,130,108,230,76,452882,223677,229205
110,2021,9,新竹縣,北部,新竹縣,371,178,193,355,16,279,162,117,283,101,574512,293279,281233
110,2021,9,桃園市,北部,桃園市,1734,856,878,1669,65,1057,628,429,1157,444,2272812,1125649,1147163
110,2021,9,澎湖縣,離島,澎湖縣,76,37,39,74,2,81,41,40,37,28,106036,54583,51453
110,2021,9,臺中市,中部,臺中市,1592,823,769,1517,75,1463,896,567,1348,518,2816393,1382499,1433894
110,2021,9,臺北市,北部,臺北市,1438,751,687,1398,40,1355,753,602,1018,354,2544720,1211361,1333359
110,2021,9,臺南市,南部,臺南市,830,423,407,796,34,1243,696,547,749,297,1866073,929345,936728
110,2021,9,臺東縣,東部,臺東縣,131,86,45,114,17,147,86,61,75,38,213818,109771,104047
110,2021,9,花蓮縣,東部,花蓮縣,188,81,107,168,20,225,134,91,144,76,322260,162865,159395
110,2021,9,苗栗縣,中部,苗栗縣,240,119,121,232,8,422,275,147,192,107,539361,278012,261349
110,2021,9,連江縣,離島,連江縣,8,4,4,8,0,11,6,5,10,3,13429,7771,5658
110,2021,9,金門縣,離島,金門縣,106,56,50,103,3,66,47,19,51,15,140856,70209,70647
110,2021,9,雲林縣,中部,雲林縣,314,157,157,302,12,556,315,241,218,94,671686,347254,324432
110,2021,9,高雄市,南部,高雄市,1585,805,780,1523,62,1771,1073,698,1197,487,2751317,1356111,1395206
110,2021,10,南投縣,中部,南投縣,222,120,102,215,7,403,235,168,222,90,485983,248298,237685
110,2021,10,嘉義市,南部,嘉義市,122,64,58,116,6,156,85,71,132,39,265208,128102,137106
110,2021,10,嘉義縣,南部,嘉義縣,210,106,104,204,6,461,261,200,212,81,494293,256417,237876
110,2021,10,基隆市,北部,基隆市,165,88,77,155,10,278,168,110,161,73,364766,181861,182905
110,2021,10,宜蘭縣,北部,宜蘭縣,217,104,113,207,10,318,188,130,197,86,451175,227222,223953
110,2021,10,屏東縣,南部,屏東縣,407,205,202,382,25,679,413,266,334,139,805717,410328,395389
110,2021,10,彰化縣,中部,彰化縣,941,498,443,911,30,884,477,407,568,177,1257033,638686,618347
110,2021,10,新北市,北部,新北市,1967,980,987,1881,86,2015,1223,792,1918,716,4014869,1960442,2054427
110,2021,10,新竹市,北部,新竹市,308,141,167,305,3,236,136,100,217,86,452844,223672,229172
110,2021,10,新竹縣,北部,新竹縣,371,186,185,361,10,302,169,133,316,103,574806,293417,281389
110,2021,10,桃園市,北部,桃園市,1728,874,854,1672,56,1147,714,433,1263,451,2272663,1125386,1147277
110,2021,10,澎湖縣,離島,澎湖縣,71,35,36,70,1,88,49,39,40,29,106147,54656,51491
110,2021,10,臺中市,中部,臺中市,1654,849,805,1595,59,1494,860,634,1544,497,2815477,1382072,1433405
110,2021,10,臺北市,北部,臺北市,1407,722,685,1368,39,1359,745,614,1098,380,2538299,1208385,1329914
110,2021,10,臺南市,南部,臺南市,839,454,385,814,25,1257,700,557,874,331,1864799,928682,936117
110,2021,10,臺東縣,東部,臺東縣,135,74,61,124,11,177,108,69,83,45,213718,109715,104003
110,2021,10,花蓮縣,東部,花蓮縣,181,93,88,163,18,241,137,104,186,67,321971,162726,159245
110,2021,10,苗栗縣,中部,苗栗縣,200,102,98,187,13,430,245,185,267,102,538940,277786,261154
110,2021,10,連江縣,離島,連江縣,12,7,5,12,0,6,4,2,3,3,13516,7822,5694
110,2021,10,金門縣,離島,金門縣,75,37,38,73,2,64,39,25,38,15,141180,70367,70813
110,2021,10,雲林縣,中部,雲林縣,333,177,156,317,16,578,326,252,295,101,671182,346966,324216
110,2021,10,高雄市,南部,高雄市,1601,832,769,1535,66,1842,1089,753,1338,450,2749293,1355140,1394153
110,2021,11,南投縣,中部,南投縣,263,131,132,247,16,438,253,185,238,80,485479,248004,237475
110,2021,11,嘉義市,南部,嘉義市,140,68,72,132,8,186,108,78,117,38,264954,127979,136975
110,2021,11,嘉義縣,南部,嘉義縣,253,132,121,244,9,481,276,205,203,74,493855,256147,237708
110,2021,11,基隆市,北部,基隆市,184,96,88,173,11,279,169,110,144,66,364350,181671,182679
110,2021,11,宜蘭縣,北部,宜蘭縣,242,128,114,233,9,345,189,156,181,74,450944,227119,223825
110,2021,11,屏東縣,南部,屏東縣,374,209,165,348,26,685,419,266,310,160,805177,410017,395160
110,2021,11,彰化縣,中部,彰化縣,1072,560,512,1040,32,945,559,386,564,201,1256062,638116,617946
110,2021,11,新北市,北部,新北市,2157,1135,1022,2071,86,2214,1278,936,1782,758,4011586,1958931,2052655
110,2021,11,新竹市,北部,新竹市,295,153,142,285,10,233,131,102,236,88,452665,223581,229084
110,2021,11,新竹縣,北部,新竹縣,390,189,201,372,18,334,197,137,298,113,575131,293565,281566
110,2021,11,桃園市,北部,桃園市,1936,1010,926,1862,74,1286,790,496,1131,506,2272452,1125250,1147202
110,2021,11,澎湖縣,離島,澎湖縣,90,44,46,87,3,91,59,32,71,28,106310,54733,51577
110,2021,11,臺中市,中部,臺中市,1670,882,788,1622,48,1529,872,657,1508,523,2814422,1381575,1432847
110,2021,11,臺北市,北部,臺北市,1491,777,714,1451,40,1536,850,686,998,402,2531659,1205310,1326349
110,2021,11,臺南市,南部,臺南市,835,437,398,788,47,1379,802,577,850,309,1863435,927924,935511
110,2021,11,臺東縣,東部,臺東縣,99,43,56,89,10,235,137,98,95,52,213534,109585,103949
110,2021,11,花蓮縣,東部,花蓮縣,204,100,104,191,13,247,143,104,150,77,321697,162592,159105
110,2021,11,苗栗縣,中部,苗栗縣,218,109,109,204,14,456,267,189,258,81,538568,277597,260971
110,2021,11,連江縣,離島,連江縣,12,2,10,12,0,6,4,2,9,2,13577,7866,5711
110,2021,11,金門縣,離島,金門縣,87,50,37,85,2,59,32,27,46,16,141327,70425,70902
110,2021,11,雲林縣,中部,雲林縣,349,188,161,336,13,624,340,284,271,114,670664,346693,323971
110,2021,11,高雄市,南部,高雄市,1696,885,811,1639,57,1972,1166,806,1221,527,2746939,1353894,1393045
110,2021,12,南投縣,中部,南投縣,260,137,123,250,10,461,267,194,242,92,484897,247686,237211
110,2021,12,嘉義市,南部,嘉義市,125,46,79,120,5,165,87,78,112,44,264727,127842,136885
110,2021,12,嘉義縣,南部,嘉義縣,251,134,117,241,10,493,296,197,238,79,493316,255863,237453
110,2021,12,基隆市,北部,基隆市,165,95,70,153,12,281,181,100,181,70,363977,181479,182498
110,2021,12,宜蘭縣,北部,宜蘭縣,251,142,109,240,11,349,194,155,199,81,450692,226986,223706
110,2021,12,屏東縣,南部,屏東縣,360,174,186,336,24,783,475,308,396,146,804440,409572,394868
110,2021,12,彰化縣,中部,彰化縣,1046,538,508,1017,29,887,491,396,670,181,1255330,637685,617645
110,2021,12,新北市,北部,新北市,2228,1131,1097,2166,62,2342,1365,977,2283,820,4008113,1957337,2050776
110,2021,12,新竹市,北部,新竹市,305,162,143,295,10,240,142,98,294,90,452640,223596,229044
110,2021,12,新竹縣,北部,新竹縣,390,179,211,377,13,336,204,132,357,103,575580,293751,281829
110,2021,12,桃園市,北部,桃園市,1887,965,922,1802,85,1266,768,498,1381,507,2272391,1125130,1147261
110,2021,12,澎湖縣,離島,澎湖縣,85,44,41,82,3,81,50,31,51,34,106340,54729,51611
110,2021,12,臺中市,中部,臺中市,1627,861,766,1565,62,1542,929,613,1742,560,2813490,1381117,1432373
110,2021,12,臺北市,北部,臺北市,1575,820,755,1540,35,1554,851,703,1405,456,2524393,1201966,1322427
110,2021,12,臺南市,南部,臺南市,889,478,411,842,47,1389,796,593,1046,323,1862059,927158,934901
110,2021,12,臺東縣,東部,臺東縣,120,65,55,107,13,207,126,81,108,31,213386,109464,103922
110,2021,12,花蓮縣,東部,花蓮縣,201,118,83,189,12,316,200,116,186,82,321358,162401,158957
110,2021,12,苗栗縣,中部,苗栗縣,224,119,105,217,7,417,237,180,311,111,538178,277429,260749
110,2021,12,連江縣,離島,連江縣,7,5,2,7,0,4,1,3,10,1,13645,7910,5735
110,2021,12,金門縣,離島,金門縣,98,53,45,95,3,59,34,25,56,21,141539,70526,71013
110,2021,12,雲林縣,中部,雲林縣,369,197,172,352,17,631,382,249,282,104,670132,346358,323774
110,2021,12,高雄市,南部,高雄市,1664,874,790,1596,68,1936,1157,779,1581,534,2744691,1352711,1391980
111,2022,1,南投縣,中部,南投縣,238,122,116,226,12,409,260,149,210,81,484422,247404,237018
111,2022,1,嘉義市,南部,嘉義市,106,49,57,101,5,180,101,79,137,44,264544,127707,136837
111,2022,1,嘉義縣,南部,嘉義縣,210,112,98,198,12,501,298,203,191,88,492676,255545,237131
111,2022,1,基隆市,北部,基隆市,161,92,69,149,12,305,179,126,139,55,363594,181296,182298
111,2022,1,宜蘭縣,北部,宜蘭縣,226,114,112,218,8,345,211,134,232,67,450406,226840,223566
111,2022,1,屏東縣,南部,屏東縣,337,169,168,323,14,733,438,295,358,153,803787,409144,394643
111,2022,1,彰化縣,中部,彰化縣,990,504,486,961,29,961,543,418,566,151,1254308,637083,617225
111,2022,1,新北市,北部,新北市,2098,1133,965,2014,84,2370,1409,961,1873,726,4003812,1955357,2048455
111,2022,1,新竹市,北部,新竹市,306,165,141,301,5,222,119,103,220,71,452586,223622,228964
111,2022,1,新竹縣,北部,新竹縣,397,201,196,383,14,335,183,152,311,114,575754,293869,281885
111,2022,1,桃園市,北部,桃園市,1704,881,823,1635,69,1250,758,492,1159,440,2271637,1124609,1147028
111,2022,1,澎湖縣,離島,澎湖縣,82,36,46,79,3,84,49,35,48,24,106296,54674,51622
111,2022,1,臺中市,中部,臺中市,1658,884,774,1590,68,1556,935,621,1578,519,2812308,1380350,1431958
111,2022,1,臺北市,北部,臺北市,1410,741,669,1371,39,1645,905,740,1081,350,2514425,1197417,1317008
111,2022,1,臺南市,南部,臺南市,811,415,396,779,32,1403,779,624,865,298,1860379,926320,934059
111,2022,1,臺東縣,東部,臺東縣,112,57,55,100,12,177,109,68,109,38,213296,109391,103905
111,2022,1,花蓮縣,東部,花蓮縣,166,90,76,148,18,297,187,110,174,79,321063,162262,158801
111,2022,1,苗栗縣,中部,苗栗縣,207,100,107,204,3,444,263,181,248,93,537817,277261,260556
111,2022,1,連江縣,離島,連江縣,9,7,2,9,0,3,2,1,7,2,13665,7936,5729
111,2022,1,金門縣,離島,金門縣,77,34,43,76,1,67,43,24,69,14,141505,70469,71036
111,2022,1,雲林縣,中部,雲林縣,331,172,159,317,14,702,415,287,310,83,669354,345903,323451
111,2022,1,高雄市,南部,高雄市,1501,800,701,1447,54,1965,1156,809,1304,471,2742032,1351302,1390730
111,2022,2,南投縣,中部,南投縣,166,89,77,158,8,408,231,177,153,73,483980,247207,236773
111,2022,2,嘉義市,南部,嘉義市,90,40,50,87,3,149,88,61,107,39,264344,127563,136781
111,2022,2,嘉義縣,南部,嘉義縣,143,73,70,135,8,478,276,202,159,66,492203,255310,236893
111,2022,2,基隆市,北部,基隆市,92,56,36,87,5,280,159,121,112,47,363091,181074,182017
111,2022,2,宜蘭縣,北部,宜蘭縣,179,92,87,173,6,332,199,133,156,63,450080,226639,223441
111,2022,2,屏東縣,南部,屏東縣,256,141,115,238,18,701,424,277,309,122,803023,408725,394298
111,2022,2,彰化縣,中部,彰化縣,711,359,352,687,24,885,521,364,385,148,1252997,636373,616624
111,2022,2,新北市,北部,新北市,1442,740,702,1388,54,2137,1258,879,1435,563,3999305,1953037,2046268
111,2022,2,新竹市,北部,新竹市,207,98,109,203,4,222,138,84,148,66,452055,223361,228694
111,2022,2,新竹縣,北部,新竹縣,322,177,145,310,12,334,189,145,220,72,575923,293958,281965
111,2022,2,桃園市,北部,桃園市,1260,634,626,1203,57,1224,746,478,869,394,2269997,1123723,1146274
111,2022,2,澎湖縣,離島,澎湖縣,55,23,32,53,2,82,50,32,34,23,106225,54621,51604
111,2022,2,臺中市,中部,臺中市,1097,555,542,1059,38,1500,865,635,1061,422,2810285,1379243,1431042
111,2022,2,臺北市,北部,臺北市,1075,543,532,1049,26,1422,781,641,964,297,2504597,1192907,1311690
111,2022,2,臺南市,南部,臺南市,617,335,282,591,26,1318,764,554,756,272,1858650,925444,933206
111,2022,2,臺東縣,東部,臺東縣,87,46,41,78,9,203,122,81,66,38,213172,109329,103843
111,2022,2,花蓮縣,東部,花蓮縣,142,79,63,127,15,263,170,93,146,62,320854,162118,158736
111,2022,2,苗栗縣,中部,苗栗縣,177,83,94,172,5,431,261,170,174,79,537428,277018,260410
111,2022,2,連江縣,離島,連江縣,5,1,4,5,0,5,2,3,5,1,13662,7929,5733
111,2022,2,金門縣,離島,金門縣,64,39,25,60,4,70,40,30,45,13,141181,70267,70914
111,2022,2,雲林縣,中部,雲林縣,247,127,120,227,20,593,322,271,206,84,668722,345573,323149
111,2022,2,高雄市,南部,高雄市,1183,611,572,1122,61,1850,1060,790,1130,414,2738002,1349372,1388630
111,2022,3,南投縣,中部,南投縣,209,109,100,192,17,492,280,212,203,76,482841,246540,236301
111,2022,3,嘉義市,南部,嘉義市,106,53,53,98,8,239,135,104,114,50,263821,127263,136558
111,2022,3,嘉義縣,南部,嘉義縣,229,111,118,210,19,557,324,233,163,90,491507,254899,236608
111,2022,3,基隆市,北部,基隆市,131,73,58,124,7,319,175,144,156,106,362239,180600,181639
111,2022,3,宜蘭縣,北部,宜蘭縣,219,113,106,210,9,392,202,190,175,90,449435,226309,223126
111,2022,3,屏東縣,南部,屏東縣,347,169,178,333,14,839,521,318,378,173,801914,408068,393846
111,2022,3,彰化縣,中部,彰化縣,944,514,430,931,13,1183,680,503,508,211,1250631,634978,615653
111,2022,3,新北市,北部,新北市,1918,1010,908,1859,59,2586,1484,1102,1755,847,3989880,1948071,2041809
111,2022,3,新竹市,北部,新竹市,299,164,135,290,9,286,173,113,206,86,451689,223158,228531
111,2022,3,新竹縣,北部,新竹縣,372,186,186,352,20,412,233,179,321,138,575746,293833,281913
111,2022,3,桃園市,北部,桃園市,1632,833,799,1563,69,1435,894,541,1137,540,2266913,1121833,1145080
111,2022,3,澎湖縣,離島,澎湖縣,65,30,35,62,3,97,57,40,42,33,106174,54576,51598
111,2022,3,臺中市,中部,臺中市,1706,903,803,1639,67,1807,1056,751,1374,576,2806385,1376966,1429419
111,2022,3,臺北市,北部,臺北市,1330,704,626,1285,45,1835,991,844,1131,449,2490445,1186053,1304392
111,2022,3,臺南市,南部,臺南市,861,458,403,821,40,1590,946,644,841,362,1855449,923570,931879
111,2022,3,臺東縣,東部,臺東縣,141,61,80,133,8,226,134,92,92,68,213032,109214,103818
111,2022,3,花蓮縣,東部,花蓮縣,202,96,106,174,28,323,203,120,146,93,320405,161854,158551
111,2022,3,苗栗縣,中部,苗栗縣,222,116,106,219,3,524,319,205,232,118,536585,276493,260092
111,2022,3,連江縣,離島,連江縣,9,6,3,9,0,6,4,2,5,2,13711,7973,5738
111,2022,3,金門縣,離島,金門縣,79,39,40,78,1,88,54,34,40,15,140740,69981,70759
111,2022,3,雲林縣,中部,雲林縣,308,170,138,300,8,781,449,332,251,123,667667,344968,322699
111,2022,3,高雄市,南部,高雄市,1459,754,705,1402,57,2222,1310,912,1239,575,2731782,1346101,1385681
111,2022,4,南投縣,中部,南投縣,168,91,77,161,7,432,265,167,122,93,481943,246038,235905
111,2022,4,嘉義市,南部,嘉義市,92,50,42,89,3,169,88,81,52,45,263202,126921,136281
111,2022,4,嘉義縣,南部,嘉義縣,181,99,82,175,6,430,259,171,118,69,490824,254485,236339
111,2022,4,基隆市,北部,基隆市,139,79,60,131,8,261,149,112,102,81,361612,180267,181345
111,2022,4,宜蘭縣,北部,宜蘭縣,188,99,89,180,8,324,183,141,130,81,448963,226008,222955
111,2022,4,屏東縣,南部,屏東縣,259,138,121,242,17,656,375,281,239,152,801377,407795,393582
111,2022,4,彰化縣,中部,彰化縣,800,417,383,778,22,869,511,358,345,191,1248262,633559,614703
111,2022,4,新北市,北部,新北市,1792,902,890,1725,67,2211,1314,897,1082,709,3975803,1940507,2035296
111,2022,4,新竹市,北部,新竹市,260,136,124,251,9,227,119,108,115,66,450494,222438,228056
111,2022,4,新竹縣,北部,新竹縣,303,159,144,292,11,333,189,144,179,107,575682,293752,281930
111,2022,4,桃園市,北部,桃園市,1548,799,749,1475,73,1154,696,458,682,446,2263430,1119790,1143640
111,2022,4,澎湖縣,離島,澎湖縣,68,34,34,65,3,75,46,29,34,23,106216,54594,51622
111,2022,4,臺中市,中部,臺中市,1442,751,691,1382,60,1460,850,610,842,533,2801069,1373848,1427221
111,2022,4,臺北市,北部,臺北市,1197,605,592,1158,39,1418,798,620,695,350,2478124,1179782,1298342
111,2022,4,臺南市,南部,臺南市,768,417,351,743,25,1252,699,553,505,294,1852429,922064,930365
111,2022,4,臺東縣,東部,臺東縣,101,56,45,93,8,199,124,75,64,44,212959,109159,103800
111,2022,4,花蓮縣,東部,花蓮縣,137,71,66,122,15,254,152,102,100,72,319842,161579,158263
111,2022,4,苗栗縣,中部,苗栗縣,177,98,79,163,14,450,261,189,139,82,535780,276022,259758
111,2022,4,連江縣,離島,連江縣,5,4,1,5,0,6,5,1,6,3,13752,7982,5770
111,2022,4,金門縣,離島,金門縣,74,29,45,71,3,65,41,24,31,12,140510,69802,70708
111,2022,4,雲林縣,中部,雲林縣,249,128,121,236,13,627,370,257,170,101,666655,344364,322291
111,2022,4,高雄市,南部,高雄市,1274,646,628,1203,71,1783,1060,723,787,497,2726087,1342982,1383105
111,2022,5,南投縣,中部,南投縣,165,88,77,159,6,459,249,210,273,92,481670,245879,235791
111,2022,5,嘉義市,南部,嘉義市,77,39,38,73,4,176,95,81,175,49,262983,126781,136202
111,2022,5,嘉義縣,南部,嘉義縣,164,72,92,154,10,502,286,216,261,75,490423,254266,236157
111,2022,5,基隆市,北部,基隆市,122,67,55,114,8,346,202,144,230,69,361320,180096,181224
111,2022,5,宜蘭縣,北部,宜蘭縣,161,84,77,158,3,406,234,172,296,90,448933,225937,222996
111,2022,5,屏東縣,南部,屏東縣,304,166,138,289,15,808,454,354,508,140,801201,407706,393495
111,2022,5,彰化縣,中部,彰化縣,666,333,333,646,20,985,546,439,807,175,1247683,633111,614572
111,2022,5,新北市,北部,新北市,1449,736,713,1406,43,2823,1618,1205,2646,651,3972841,1938646,2034195
111,2022,5,新竹市,北部,新竹市,192,107,85,189,3,233,133,100,368,64,450347,222335,228012
111,2022,5,新竹縣,北部,新竹縣,314,162,152,304,10,356,213,143,449,120,576027,293914,282113
111,2022,5,桃園市,北部,桃園市,1181,623,558,1144,37,1359,841,518,1755,447,2262765,1119201,1143564
111,2022,5,澎湖縣,離島,澎湖縣,56,30,26,55,1,88,56,32,57,24,106238,54588,51650
111,2022,5,臺中市,中部,臺中市,1198,627,571,1155,43,1697,957,740,2097,552,2799312,1372698,1426614
111,2022,5,臺北市,北部,臺北市,959,489,470,930,29,1797,972,825,1478,327,2470599,1175883,1294716
111,2022,5,臺南市,南部,臺南市,617,323,294,596,21,1448,822,626,1204,314,1851483,921459,930024
111,2022,5,臺東縣,東部,臺東縣,104,56,48,94,10,249,160,89,127,51,212924,109096,103828
111,2022,5,花蓮縣,東部,花蓮縣,145,75,70,124,21,326,197,129,209,75,319351,161305,158046
111,2022,5,苗栗縣,中部,苗栗縣,166,88,78,163,3,501,279,222,381,94,535414,275885,259529
111,2022,5,連江縣,離島,連江縣,6,4,2,6,0,8,4,4,12,2,13782,7990,5792
111,2022,5,金門縣,離島,金門縣,61,28,33,59,2,75,36,39,83,17,140323,69687,70636
111,2022,5,雲林縣,中部,雲林縣,241,122,119,227,14,716,418,298,393,110,666425,344212,322213
111,2022,5,高雄市,南部,高雄市,1094,578,516,1048,46,2051,1225,826,1788,481,2724134,1341766,1382368
111,2022,6,南投縣,中部,南投縣,199,117,82,182,17,642,381,261,197,91,481166,245592,235574
111,2022,6,嘉義市,南部,嘉義市,105,55,50,102,3,224,129,95,85,43,262844,126674,136170
111,2022,6,嘉義縣,南部,嘉義縣,183,104,79,177,6,659,373,286,158,62,490007,254007,236000
111,2022,6,基隆市,北部,基隆市,127,73,54,120,7,385,223,162,128,80,361079,179979,181100
111,2022,6,宜蘭縣,北部,宜蘭縣,179,79,100,170,9,460,267,193,157,65,448856,225846,223010
111,2022,6,屏東縣,南部,屏東縣,252,136,116,233,19,1029,640,389,254,156,800321,407149,393172
111,2022,6,彰化縣,中部,彰化縣,756,383,373,727,29,1211,657,554,437,183,1247630,632942,614688
111,2022,6,新北市,北部,新北市,1739,883,856,1686,53,3149,1878,1271,1601,746,3972271,1937881,2034390
111,2022,6,新竹市,北部,新竹市,232,127,105,224,8,327,180,147,185,88,450464,222379,228085
111,2022,6,新竹縣,北部,新竹縣,300,164,136,288,12,452,273,179,267,100,576373,294052,282321
111,2022,6,桃園市,北部,桃園市,1467,746,721,1397,70,1609,968,641,977,471,2264082,1119552,1144530
111,2022,6,澎湖縣,離島,澎湖縣,73,34,39,73,0,105,56,49,29,26,106167,54537,51630
111,2022,6,臺中市,中部,臺中市,1437,750,687,1375,62,2083,1168,915,1186,495,2799339,1372483,1426856
111,2022,6,臺北市,北部,臺北市,1160,603,557,1130,30,2149,1165,984,1003,378,2464452,1172552,1291900
111,2022,6,臺南市,南部,臺南市,672,344,328,645,27,1759,1013,746,694,317,1850865,920942,929923
111,2022,6,臺東縣,東部,臺東縣,106,50,56,101,5,287,156,131,70,41,212804,109004,103800
111,2022,6,花蓮縣,東部,花蓮縣,180,103,77,169,11,364,227,137,140,69,319180,161188,157992
111,2022,6,苗栗縣,中部,苗栗縣,187,105,82,176,11,600,345,255,200,114,535260,275817,259443
111,2022,6,連江縣,離島,連江縣,9,6,3,9,0,4,3,1,6,4,13823,8013,5810
111,2022,6,金門縣,離島,金門縣,73,38,35,70,3,93,46,47,45,15,140147,69576,70571
111,2022,6,雲林縣,中部,雲林縣,241,129,112,229,12,828,461,367,218,109,665971,343955,322016
111,2022,6,高雄市,南部,高雄市,1266,648,618,1223,43,2614,1543,1071,1008,503,2723177,1340996,1382181
111,2022,7,南投縣,中部,南投縣,195,96,99,187,8,534,323,211,167,77,480890,245402,235488
111,2022,7,嘉義市,南部,嘉義市,106,52,54,98,8,225,131,94,82,57,262659,126567,136092
111,2022,7,嘉義縣,南部,嘉義縣,165,82,83,154,11,594,341,253,166,91,489814,253868,235946
111,2022,7,基隆市,北部,基隆市,139,75,64,135,4,326,174,152,146,78,361082,179974,181108
111,2022,7,宜蘭縣,北部,宜蘭縣,212,109,103,203,9,389,225,164,178,86,448971,225845,223126
111,2022,7,屏東縣,南部,屏東縣,295,149,146,283,12,901,537,364,330,161,800138,406917,393221
111,2022,7,彰化縣,中部,彰化縣,796,413,383,770,26,1205,666,539,454,217,1246924,632588,614336
111,2022,7,新北市,北部,新北市,1673,899,774,1595,78,2504,1476,1028,1641,740,3974683,1938808,2035875
111,2022,7,新竹市,北部,新竹市,236,122,114,227,9,279,149,130,179,120,450655,222472,228183
111,2022,7,新竹縣,北部,新竹縣,312,171,141,301,11,405,258,147,249,132,577026,294351,282675
111,2022,7,桃園市,北部,桃園市,1424,777,647,1367,57,1272,759,513,1006,517,2266824,1120734,1146090
111,2022,7,澎湖縣,離島,澎湖縣,67,33,34,65,2,93,54,39,38,30,106221,54564,51657
111,2022,7,臺中市,中部,臺中市,1417,773,644,1347,70,1806,1049,757,1241,578,2800981,1373004,1427977
111,2022,7,臺北市,北部,臺北市,1166,612,554,1141,25,1694,917,777,999,386,2462482,1171248,1291234
111,2022,7,臺南市,南部,臺南市,732,392,340,704,28,1723,957,766,716,326,1850735,920758,929977
111,2022,7,臺東縣,東部,臺東縣,106,61,45,102,4,213,136,77,94,47,212891,109038,103853
111,2022,7,花蓮縣,東部,花蓮縣,151,84,67,131,20,298,181,117,116,80,319095,161102,157993
111,2022,7,苗栗縣,中部,苗栗縣,173,91,82,155,18,533,321,212,205,112,535221,275761,259460
111,2022,7,連江縣,離島,連江縣,11,3,8,11,0,10,7,3,3,7,13889,8050,5839
111,2022,7,金門縣,離島,金門縣,63,38,25,63,0,82,48,34,36,25,140229,69585,70644
111,2022,7,雲林縣,中部,雲林縣,275,141,134,262,13,773,406,367,232,107,665750,343844,321906
111,2022,7,高雄市,南部,高雄市,1236,640,596,1193,43,2356,1390,966,1049,502,2722904,1340547,1382357
111,2022,8,南投縣,中部,南投縣,222,125,97,207,15,539,317,222,83,115,480477,245201,235276
111,2022,8,嘉義市,南部,嘉義市,104,50,54,100,4,191,107,84,32,58,262606,126534,136072
111,2022,8,嘉義縣,南部,嘉義縣,193,102,91,186,7,590,326,264,68,83,489509,253688,235821
111,2022,8,基隆市,北部,基隆市,151,80,71,144,7,311,163,148,80,88,361099,179970,181129
111,2022,8,宜蘭縣,北部,宜蘭縣,182,94,88,177,5,378,224,154,86,87,449050,225843,223207
111,2022,8,屏東縣,南部,屏東縣,322,153,169,296,26,816,478,338,172,176,799658,406589,393069
111,2022,8,彰化縣,中部,彰化縣,901,467,434,879,22,1054,610,444,171,221,1246388,632294,614094
111,2022,8,新北市,北部,新北市,1893,966,927,1832,61,2602,1560,1042,825,837,3976840,1939651,2037189
111,2022,8,新竹市,北部,新竹市,251,128,123,242,9,270,139,131,91,100,450836,222573,228263
111,2022,8,新竹縣,北部,新竹縣,326,172,154,313,13,421,257,164,119,128,577674,294656,283018
111,2022,8,桃園市,北部,桃園市,1584,822,762,1518,66,1304,785,519,495,512,2269400,1121818,1147582
111,2022,8,澎湖縣,離島,澎湖縣,58,28,30,57,1,90,56,34,16,29,106376,54601,51775
111,2022,8,臺中市,中部,臺中市,1447,807,640,1386,61,1809,1039,770,493,607,2802690,1373777,1428913
111,2022,8,臺北市,北部,臺北市,1261,631,630,1224,37,1784,989,795,485,425,2461695,1170539,1291156
111,2022,8,臺南市,南部,臺南市,784,415,369,745,39,1542,866,676,295,361,1850880,920769,930111
111,2022,8,臺東縣,東部,臺東縣,133,74,59,116,17,258,150,108,50,60,212824,108967,103857
111,2022,8,花蓮縣,東部,花蓮縣,193,103,90,176,17,344,211,133,80,94,319024,160992,158032
111,2022,8,苗栗縣,中部,苗栗縣,190,104,86,183,7,526,313,213,77,123,535243,275773,259470
111,2022,8,連江縣,離島,連江縣,8,4,4,8,0,5,3,2,6,4,13902,8052,5850
111,2022,8,金門縣,離島,金門縣,67,34,33,65,2,79,53,26,19,17,140294,69575,70719
111,2022,8,雲林縣,中部,雲林縣,276,150,126,262,14,719,406,313,83,132,665376,343600,321776
111,2022,8,高雄市,南部,高雄市,1356,709,647,1295,61,2198,1281,917,489,530,2722713,1340161,1382552
111,2022,9,南投縣,中部,南投縣,211,103,108,201,10,469,278,191,209,88,480027,244924,235103
111,2022,9,嘉義市,南部,嘉義市,129,64,65,124,5,192,118,74,113,45,262501,126444,136057
111,2022,9,嘉義縣,南部,嘉義縣,192,95,97,189,3,518,285,233,207,71,489169,253501,235668
111,2022,9,基隆市,北部,基隆市,128,59,69,122,6,306,176,130,162,86,361006,179880,181126
111,2022,9,宜蘭縣,北部,宜蘭縣,214,109,105,206,8,364,200,164,219,85,448945,225770,223175
111,2022,9,屏東縣,南部,屏東縣,359,197,162,333,26,753,454,299,391,145,799153,406284,392869
111,2022,9,彰化縣,中部,彰化縣,817,441,376,799,18,1013,596,417,620,185,1245530,631842,613688
111,2022,9,新北市,北部,新北市,1868,993,875,1805,63,2348,1389,959,2031,780,3979218,1940578,2038640
111,2022,9,新竹市,北部,新竹市,268,136,132,260,8,238,132,106,235,82,450893,222600,228293
111,2022,9,新竹縣,北部,新竹縣,371,192,179,354,17,348,210,138,322,106,578495,295049,283446
111,2022,9,桃園市,北部,桃園市,1547,798,749,1488,59,1244,720,524,1266,495,2271464,1122727,1148737
111,2022,9,澎湖縣,離島,澎湖縣,75,38,37,74,1,90,52,38,46,17,106806,54865,51941
111,2022,9,臺中市,中部,臺中市,1628,817,811,1570,58,1662,974,688,1498,568,2804081,1374257,1429824
111,2022,9,臺北市,北部,臺北市,1254,663,591,1221,33,1713,953,760,1168,376,2460932,1169771,1291161
111,2022,9,臺南市,南部,臺南市,769,382,387,746,23,1424,826,598,892,326,1850687,920525,930162
111,2022,9,臺東縣,東部,臺東縣,120,57,63,114,6,221,133,88,123,45,212721,108880,103841
111,2022,9,花蓮縣,東部,花蓮縣,174,92,82,158,16,315,176,139,124,73,318858,160854,158004
111,2022,9,苗栗縣,中部,苗栗縣,208,106,102,190,18,496,292,204,273,98,535187,275741,259446
111,2022,9,連江縣,離島,連江縣,9,5,4,9,0,7,4,3,9,2,13938,8054,5884
111,2022,9,金門縣,離島,金門縣,66,38,28,64,2,70,39,31,55,17,140843,69835,71008
111,2022,9,雲林縣,中部,雲林縣,317,148,169,301,16,690,376,314,250,111,664963,343369,321594
111,2022,9,高雄市,南部,高雄市,1493,789,704,1431,62,2024,1157,867,1333,534,2722716,1339945,1382771
111,2022,10,南投縣,中部,南投縣,211,94,117,203,8,492,278,214,185,90,479889,244825,235064
111,2022,10,嘉義市,南部,嘉義市,97,48,49,94,3,202,114,88,113,41,262591,126475,136116
111,2022,10,嘉義縣,南部,嘉義縣,216,115,101,199,17,570,322,248,181,82,488920,253343,235577
111,2022,10,基隆市,北部,基隆市,132,64,68,128,4,308,177,131,139,73,361114,179886,181228
111,2022,10,宜蘭縣,北部,宜蘭縣,212,103,109,204,8,390,217,173,187,73,449012,225753,223259
111,2022,10,屏東縣,南部,屏東縣,356,178,178,338,18,784,447,337,349,149,798965,406116,392849
111,2022,10,彰化縣,中部,彰化縣,932,496,436,904,28,1063,591,472,472,183,1245445,631753,613692
111,2022,10,新北市,北部,新北市,1848,966,882,1781,67,2541,1459,1082,1701,708,3982363,1941647,2040716
111,2022,10,新竹市,北部,新竹市,280,149,131,270,10,244,138,106,233,86,451203,222731,228472
111,2022,10,新竹縣,北部,新竹縣,340,191,149,326,14,361,219,142,277,112,578949,295272,283677
111,2022,10,桃園市,北部,桃園市,1640,813,827,1575,65,1256,763,493,1058,437,2273968,1123713,1150255
111,2022,10,澎湖縣,離島,澎湖縣,72,41,31,69,3,79,43,36,36,25,106891,54907,51984
111,2022,10,臺中市,中部,臺中市,1649,839,810,1589,60,1781,1024,757,1393,525,2806458,1375190,1431268
111,2022,10,臺北市,北部,臺北市,1252,659,593,1215,37,1716,951,765,1069,368,2465610,1171422,1294188
111,2022,10,臺南市,南部,臺南市,739,398,341,697,42,1480,849,631,753,310,1850955,920555,930400
111,2022,10,臺東縣,東部,臺東縣,152,72,80,135,17,200,130,70,56,39,212712,108840,103872
111,2022,10,花蓮縣,東部,花蓮縣,178,94,84,162,16,306,178,128,106,63,318849,160823,158026
111,2022,10,苗栗縣,中部,苗栗縣,201,107,94,190,11,483,292,191,219,94,535149,275648,259501
111,2022,10,連江縣,離島,連江縣,12,3,9,12,0,6,5,1,5,2,13976,8080,5896
111,2022,10,金門縣,離島,金門縣,80,46,34,75,5,71,41,30,48,15,140938,69894,71044
111,2022,10,雲林縣,中部,雲林縣,270,142,128,258,12,698,370,328,239,98,664604,343185,321419
111,2022,10,高雄市,南部,高雄市,1373,727,646,1320,53,2068,1212,856,1194,498,2723495,1340095,1383400
111,2022,11,南投縣,中部,南投縣,229,111,118,211,18,503,300,203,266,86,479743,244676,235067
111,2022,11,嘉義市,南部,嘉義市,99,52,47,94,5,217,117,100,120,58,262705,126505,136200
111,2022,11,嘉義縣,南部,嘉義縣,204,116,88,196,8,523,312,211,240,73,488543,253119,235424
111,2022,11,基隆市,北部,基隆市,146,73,73,140,6,340,182,158,241,81,361262,179934,181328
111,2022,11,宜蘭縣,北部,宜蘭縣,203,112,91,194,9,435,253,182,285,85,448939,225709,223230
111,2022,11,屏東縣,南部,屏東縣,358,195,163,335,23,817,501,316,424,135,798860,405960,392900
111,2022,11,彰化縣,中部,彰化縣,888,459,429,856,32,1047,569,478,738,191,1245318,631676,613642
111,2022,11,新北市,北部,新北市,1958,1004,954,1887,71,2675,1567,1108,2650,741,3987676,1943674,2044002
111,2022,11,新竹市,北部,新竹市,266,134,132,261,5,261,145,116,308,76,451690,222914,228776
111,2022,11,新竹縣,北部,新竹縣,344,156,188,331,13,403,239,164,393,113,579600,295505,284095
111,2022,11,桃園市,北部,桃園市,1645,803,842,1574,71,1348,781,567,1593,511,2276998,1124937,1152061
111,2022,11,澎湖縣,離島,澎湖縣,81,41,40,78,3,85,61,24,70,19,107057,54967,52090
111,2022,11,臺中市,中部,臺中市,1637,829,808,1584,53,1761,1012,749,2026,534,2809728,1376522,1433206
111,2022,11,臺北市,北部,臺北市,1190,575,615,1156,34,1843,1009,834,1648,405,2472547,1173910,1298637
111,2022,11,臺南市,南部,臺南市,748,388,360,725,23,1513,860,653,1128,328,1851545,920651,930894
111,2022,11,臺東縣,東部,臺東縣,135,71,64,125,10,208,124,84,120,50,212636,108776,103860
111,2022,11,花蓮縣,東部,花蓮縣,173,96,77,151,22,298,186,112,222,64,318848,160750,158098
111,2022,11,苗栗縣,中部,苗栗縣,191,95,96,178,13,478,270,208,333,93,535159,275601,259558
111,2022,11,連江縣,離島,連江縣,13,7,6,13,0,13,6,7,12,0,13989,8082,5907
111,2022,11,金門縣,離島,金門縣,84,37,47,82,2,70,39,31,80,12,141133,69993,71140
111,2022,11,雲林縣,中部,雲林縣,286,157,129,268,18,722,405,317,344,110,664417,343020,321397
111,2022,11,高雄市,南部,高雄市,1470,750,720,1404,66,2159,1255,904,1766,468,2725200,1340531,1384669
111,2022,12,南投縣,中部,南投縣,218,119,99,203,15,458,268,190,212,93,479595,244587,235008
111,2022,12,嘉義市,南部,嘉義市,91,45,46,87,4,210,109,101,134,60,262924,126594,136330
111,2022,12,嘉義縣,南部,嘉義縣,192,107,85,179,13,562,313,249,217,70,488158,252940,235218
111,2022,12,基隆市,北部,基隆市,139,73,66,132,7,311,186,125,188,70,361526,180012,181514
111,2022,12,宜蘭縣,北部,宜蘭縣,203,102,101,193,10,414,246,168,237,61,449062,225711,223351
111,2022,12,屏東縣,南部,屏東縣,304,175,129,278,26,821,488,333,392,158,798703,405785,392918
111,2022,12,彰化縣,中部,彰化縣,905,463,442,880,25,1091,605,486,652,180,1245239,631625,613614
111,2022,12,新北市,北部,新北市,1879,972,907,1798,81,2587,1523,1064,2261,750,3995551,1946890,2048661
111,2022,12,新竹市,北部,新竹市,255,130,125,246,9,254,147,107,283,86,452473,223265,229208
111,2022,12,新竹縣,北部,新竹縣,400,208,192,385,15,422,254,168,330,114,580503,295891,284612
111,2022,12,桃園市,北部,桃園市,1573,824,749,1505,68,1336,786,550,1317,481,2281464,1126870,1154594
111,2022,12,澎湖縣,離島,澎湖縣,89,46,43,87,2,101,60,41,81,22,107223,55054,52169
111,2022,12,臺中市,中部,臺中市,1564,789,775,1510,54,1828,1086,742,1808,547,2814459,1378315,1436144
111,2022,12,臺北市,北部,臺北市,1274,633,641,1240,34,1767,940,827,1488,419,2480681,1177022,1303659
111,2022,12,臺南市,南部,臺南市,796,398,398,765,31,1456,834,622,1016,340,1852997,921168,931829
111,2022,12,臺東縣,東部,臺東縣,108,52,56,100,8,228,129,99,79,52,212551,108716,103835
111,2022,12,花蓮縣,東部,花蓮縣,192,105,87,170,22,343,211,132,164,83,318892,160701,158191
111,2022,12,苗栗縣,中部,苗栗縣,194,96,98,191,3,518,286,232,300,106,535132,275550,259582
111,2022,12,連江縣,離島,連江縣,8,5,3,8,0,6,3,3,5,0,13983,8081,5902
111,2022,12,金門縣,離島,金門縣,67,39,28,63,4,70,38,32,52,22,141295,70055,71240
111,2022,12,雲林縣,中部,雲林縣,299,156,143,282,17,730,394,336,327,117,664092,342812,321280
111,2022,12,高雄市,南部,高雄市,1428,728,700,1376,52,2172,1288,884,1727,510,2728137,1341492,1386645
112,2023,1,南投縣,中部,南投縣,183,93,90,168,15,517,313,204,205,61,479666,244611,235055
112,2023,1,嘉義市,南部,嘉義市,97,58,39,92,5,193,107,86,104,26,263188,126750,136438
112,2023,1,嘉義縣,南部,嘉義縣,196,109,87,190,6,563,327,236,196,46,488012,252820,235192
112,2023,1,基隆市,北部,基隆市,133,68,65,127,6,318,181,137,138,59,361891,180231,181660
112,2023,1,宜蘭縣,北部,宜蘭縣,188,86,102,183,5,391,215,176,172,64,449391,225884,223507
112,2023,1,屏東縣,南部,屏東縣,339,152,187,314,25,802,462,340,332,108,798940,405846,393094
112,2023,1,彰化縣,中部,彰化縣,799,409,390,784,15,1033,574,459,513,154,1245824,631963,613861
112,2023,1,新北市,北部,新北市,1671,835,836,1603,68,2639,1532,1107,1776,637,4004367,1951283,2053084
112,2023,1,新竹市,北部,新竹市,217,112,105,208,9,255,149,106,221,71,452928,223544,229384
112,2023,1,新竹縣,北部,新竹縣,306,167,139,292,14,382,232,150,262,81,582228,296697,285531
112,2023,1,桃園市,北部,桃園市,1418,721,697,1351,67,1370,804,566,1083,392,2286942,1129622,1157320
112,2023,1,澎湖縣,離島,澎湖縣,82,32,50,78,4,85,54,31,54,16,107322,55075,52247
112,2023,1,臺中市,中部,臺中市,1383,741,642,1322,61,1821,1028,793,1434,397,2819798,1380928,1438870
112,2023,1,臺北市,北部,臺北市,1123,581,542,1099,24,1782,984,798,1137,318,2488043,1180304,1307739
112,2023,1,臺南市,南部,臺南市,789,436,353,759,30,1485,856,629,775,226,1855092,922171,932921
112,2023,1,臺東縣,東部,臺東縣,109,58,51,105,4,196,116,80,91,36,212511,108697,103814
112,2023,1,花蓮縣,東部,花蓮縣,135,65,70,128,7,320,175,145,128,75,318995,160700,158295
112,2023,1,苗栗縣,中部,苗栗縣,190,105,85,181,9,562,349,213,233,80,535259,275578,259681
112,2023,1,連江縣,離島,連江縣,10,6,4,10,0,6,4,2,9,1,13990,8082,5908
112,2023,1,金門縣,離島,金門縣,47,23,24,46,1,71,41,30,58,14,141965,70423,71542
112,2023,1,雲林縣,中部,雲林縣,281,145,136,258,23,706,418,288,268,82,663981,342686,321295
112,2023,1,高雄市,南部,高雄市,1252,637,615,1212,40,2273,1346,927,1225,369,2731635,1342906,1388729
112,2023,2,南投縣,中部,南投縣,172,100,72,162,10,496,287,209,187,98,479406,244453,234953
112,2023,2,嘉義市,南部,嘉義市,80,33,47,77,3,220,128,92,139,56,263270,126724,136546
112,2023,2,嘉義縣,南部,嘉義縣,174,82,92,167,7,585,305,280,185,79,487542,252547,234995
112,2023,2,基隆市,北部,基隆市,103,61,42,97,6,320,178,142,166,76,362010,180284,181726
112,2023,2,宜蘭縣,北部,宜蘭縣,186,96,90,179,7,409,243,166,220,65,449418,225893,223525
112,2023,2,屏東縣,南部,屏東縣,288,148,140,266,22,837,503,334,391,153,798367,405468,392899
112,2023,2,彰化縣,中部,彰化縣,725,356,369,704,21,1107,642,465,504,162,1244993,631430,613563
112,2023,2,新北市,北部,新北市,1501,774,727,1445,56,2772,1662,1110,1835,729,4008245,1952689,2055556
112,2023,2,新竹市,北部,新竹市,206,109,97,201,5,279,148,131,187,76,453120,223625,229495
112,2023,2,新竹縣,北部,新竹縣,296,159,137,287,9,406,235,171,280,91,583337,297265,286072
112,2023,2,桃園市,北部,桃園市,1364,692,672,1321,43,1519,919,600,1126,442,2289927,1130932,1158995
112,2023,2,澎湖縣,離島,澎湖縣,62,34,28,59,3,84,50,34,49,11,107276,55040,52236
112,2023,2,臺中市,中部,臺中市,1291,681,610,1239,52,1860,1104,756,1347,493,2822543,1381978,1440565
112,2023,2,臺北市,北部,臺北市,1017,517,500,987,30,1942,1099,843,1233,401,2490133,1180829,1309304
112,2023,2,臺南市,南部,臺南市,760,379,381,735,25,1585,893,692,853,299,1855655,922334,933321
112,2023,2,臺東縣,東部,臺東縣,113,58,55,104,9,240,143,97,91,50,212331,108572,103759
112,2023,2,花蓮縣,東部,花蓮縣,148,70,78,139,9,312,191,121,145,56,318863,160602,158261
112,2023,2,苗栗縣,中部,苗栗縣,171,94,77,159,12,547,332,215,221,108,535076,275463,259613
112,2023,2,連江縣,離島,連江縣,14,6,8,13,1,5,3,2,2,1,13983,8067,5916
112,2023,2,金門縣,離島,金門縣,55,26,29,55,0,92,51,41,48,16,142163,70545,71618
112,2023,2,雲林縣,中部,雲林縣,211,117,94,198,13,709,376,333,247,85,663294,342386,320908
112,2023,2,高雄市,南部,高雄市,1176,611,565,1130,46,2180,1257,923,1399,527,2732598,1343057,1389541
112,2023,3,南投縣,中部,南投縣,239,124,115,221,18,567,318,249,212,102,479244,244306,234938
112,2023,3,嘉義市,南部,嘉義市,100,56,44,98,2,230,132,98,125,56,263440,126803,136637
112,2023,3,嘉義縣,南部,嘉義縣,198,114,84,189,9,655,394,261,196,90,487092,252317,234775
112,2023,3,基隆市,北部,基隆市,143,68,75,133,10,378,219,159,162,104,362177,180361,181816
112,2023,3,宜蘭縣,北部,宜蘭縣,213,127,86,210,3,455,265,190,218,98,449510,225939,223571
112,2023,3,屏東縣,南部,屏東縣,362,174,188,342,20,898,550,348,364,195,798016,405154,392862
112,2023,3,彰化縣,中部,彰化縣,894,452,442,873,21,1269,726,543,525,220,1244148,630962,613186
112,2023,3,新北市,北部,新北市,1898,977,921,1839,59,3020,1800,1220,2108,954,4013659,1954933,2058726
112,2023,3,新竹市,北部,新竹市,256,130,126,248,8,313,176,137,256,95,453536,223816,229720
112,2023,3,新竹縣,北部,新竹縣,403,215,188,385,18,450,269,181,326,145,584454,297754,286700
112,2023,3,桃園市,北部,桃園市,1700,864,836,1637,63,1669,1030,639,1318,549,2293509,1132483,1161026
112,2023,3,澎湖縣,離島,澎湖縣,68,37,31,66,2,98,55,43,63,40,107333,55070,52263
112,2023,3,臺中市,中部,臺中市,1599,822,777,1526,73,2039,1157,882,1541,666,2826230,1383583,1442647
112,2023,3,臺北市,北部,臺北市,1275,668,607,1246,29,2051,1147,904,1267,493,2494813,1182407,1312406
112,2023,3,臺南市,南部,臺南市,860,474,386,839,21,1763,990,773,887,400,1856642,922666,933976
112,2023,3,臺東縣,東部,臺東縣,137,64,73,131,6,261,152,109,119,64,212259,108523,103736
112,2023,3,花蓮縣,東部,花蓮縣,177,93,84,165,12,360,207,153,187,93,318736,160489,158247
112,2023,3,苗栗縣,中部,苗栗縣,222,116,106,211,11,625,395,230,246,127,534910,275318,259592
112,2023,3,連江縣,離島,連江縣,6,3,3,6,0,7,6,1,7,1,13989,8079,5910
112,2023,3,金門縣,離島,金門縣,64,27,37,63,1,109,71,38,55,22,142455,70724,71731
112,2023,3,雲林縣,中部,雲林縣,323,169,154,312,11,795,447,348,287,138,662813,342097,320716
112,2023,3,高雄市,南部,高雄市,1369,707,662,1310,59,2560,1495,1065,1404,619,2733964,1343368,1390596
112,2023,4,南投縣,中部,南投縣,147,72,75,144,3,418,236,182,122,85,479044,244183,234861
112,2023,4,嘉義市,南部,嘉義市,83,44,39,79,4,165,86,79,79,50,263585,126867,136718
112,2023,4,嘉義縣,南部,嘉義縣,155,78,77,147,8,494,275,219,138,97,486774,252135,234639
112,2023,4,基隆市,北部,基隆市,115,56,59,110,5,277,178,99,88,60,362325,180389,181936
112,2023,4,宜蘭縣,北部,宜蘭縣,171,91,80,162,9,350,212,138,120,74,449624,225958,223666
112,2023,4,屏東縣,南部,屏東縣,286,143,143,266,20,711,418,293,213,150,797771,404928,392843
112,2023,4,彰化縣,中部,彰化縣,730,379,351,705,25,947,533,414,287,162,1243659,630659,613000
112,2023,4,新北市,北部,新北市,1391,709,682,1336,55,2322,1334,988,1100,688,4017745,1956579,2061166
112,2023,4,新竹市,北部,新竹市,213,119,94,203,10,217,138,79,128,72,453824,223942,229882
112,2023,4,新竹縣,北部,新竹縣,318,159,159,307,11,350,210,140,176,85,584832,297905,286927
112,2023,4,桃園市,北部,桃園市,1268,655,613,1228,40,1261,763,498,673,477,2296333,1133750,1162583
112,2023,4,澎湖縣,離島,澎湖縣,54,26,28,54,0,99,60,39,31,17,107397,55100,52297
112,2023,4,臺中市,中部,臺中市,1201,639,562,1163,38,1533,888,645,931,450,2828813,1384726,1444087
112,2023,4,臺北市,北部,臺北市,1083,574,509,1045,38,1541,847,694,731,360,2498488,1183796,1314692
112,2023,4,臺南市,南部,臺南市,623,335,288,599,24,1334,725,609,523,280,1857292,922922,934370
112,2023,4,臺東縣,東部,臺東縣,106,58,48,92,14,199,130,69,50,47,212196,108457,103739
112,2023,4,花蓮縣,東部,花蓮縣,121,55,66,112,9,247,142,105,86,89,318692,160459,158233
112,2023,4,苗栗縣,中部,苗栗縣,178,88,90,170,8,483,271,212,142,101,534832,275247,259585
112,2023,4,連江縣,離島,連江縣,7,5,2,7,0,9,3,6,5,2,13988,8079,5909
112,2023,4,金門縣,離島,金門縣,41,19,22,39,2,80,42,38,30,23,142717,70875,71842
112,2023,4,雲林縣,中部,雲林縣,235,111,124,224,11,621,355,266,163,102,662550,341928,320622
112,2023,4,高雄市,南部,高雄市,1117,574,543,1082,35,1914,1117,797,784,434,2734893,1343562,1391331
112,2023,5,南投縣,中部,南投縣,203,99,104,196,7,476,261,215,221,101,478817,244057,234760
112,2023,5,嘉義市,南部,嘉義市,95,41,54,88,7,207,126,81,127,54,263639,126867,136772
112,2023,5,嘉義縣,南部,嘉義縣,189,106,83,183,6,546,313,233,255,99,486418,251928,234490
112,2023,5,基隆市,北部,基隆市,126,62,64,121,5,321,187,134,222,90,362330,180373,181957
112,2023,5,宜蘭縣,北部,宜蘭縣,223,102,121,214,9,391,215,176,273,79,449711,225978,223733
112,2023,5,屏東縣,南部,屏東縣,367,173,194,347,20,852,498,354,460,158,797471,404712,392759
112,2023,5,彰化縣,中部,彰化縣,893,447,446,871,22,1063,583,480,660,223,1243048,630356,612692
112,2023,5,新北市,北部,新北市,1578,817,761,1516,62,2491,1409,1082,2510,871,4021983,1958279,2063704
112,2023,5,新竹市,北部,新竹市,211,115,96,205,6,275,169,106,306,83,454176,224115,230061
112,2023,5,新竹縣,北部,新竹縣,345,159,186,333,12,403,234,169,367,127,585568,298273,287295
112,2023,5,桃園市,北部,桃園市,1567,791,776,1512,55,1354,829,525,1474,529,2299339,1134883,1164456
112,2023,5,澎湖縣,離島,澎湖縣,61,30,31,61,0,117,67,50,65,34,107401,55108,52293
112,2023,5,臺中市,中部,臺中市,1501,797,704,1443,58,1793,1044,749,1830,590,2831323,1385755,1445568
112,2023,5,臺北市,北部,臺北市,1421,736,685,1382,39,1740,936,804,1463,467,2501988,1185015,1316973
112,2023,5,臺南市,南部,臺南市,845,419,426,818,27,1461,825,636,1031,341,1858092,923124,934968
112,2023,5,臺東縣,東部,臺東縣,128,81,47,115,13,249,165,84,105,52,212087,108380,103707
112,2023,5,花蓮縣,東部,花蓮縣,161,91,70,144,17,325,195,130,205,92,318511,160359,158152
112,2023,5,苗栗縣,中部,苗栗縣,180,89,91,174,6,534,319,215,341,110,534739,275141,259598
112,2023,5,連江縣,離島,連江縣,5,4,1,5,0,4,2,2,13,3,13993,8068,5925
112,2023,5,金門縣,離島,金門縣,65,26,39,64,1,75,43,32,62,16,142885,70948,71937
112,2023,5,雲林縣,中部,雲林縣,294,157,137,280,14,713,392,321,324,114,662109,341658,320451
112,2023,5,高雄市,南部,高雄市,1351,713,638,1289,62,2140,1302,838,1614,524,2735456,1343482,1391974
112,2023,6,南投縣,中部,南投縣,185,100,85,177,8,463,285,178,180,86,478462,243838,234624
112,2023,6,嘉義市,南部,嘉義市,102,52,50,97,5,206,122,84,94,45,263707,126857,136850
112,2023,6,嘉義縣,南部,嘉義縣,202,101,101,189,13,450,260,190,167,76,486229,251822,234407
112,2023,6,基隆市,北部,基隆市,97,57,40,96,1,297,164,133,132,87,362396,180408,181988
112,2023,6,宜蘭縣,北部,宜蘭縣,204,114,90,193,11,413,236,177,175,87,449705,225938,223767
112,2023,6,屏東縣,南部,屏東縣,370,189,181,354,16,841,499,342,305,139,797291,404500,392791
112,2023,6,彰化縣,中部,彰化縣,801,424,377,777,24,1073,622,451,452,200,1242521,630043,612478
112,2023,6,新北市,北部,新北市,1491,740,751,1422,69,2560,1494,1066,1786,775,4025405,1959524,2065881
112,2023,6,新竹市,北部,新竹市,221,110,111,217,4,257,132,125,194,81,454603,224304,230299
112,2023,6,新竹縣,北部,新竹縣,322,176,146,306,16,378,224,154,261,129,586299,298644,287655
112,2023,6,桃園市,北部,桃園市,1453,782,671,1392,61,1330,769,561,1096,507,2302465,1136290,1166175
112,2023,6,澎湖縣,離島,澎湖縣,58,26,32,57,1,110,67,43,38,30,107312,55016,52296
112,2023,6,臺中市,中部,臺中市,1352,717,635,1301,51,1722,1032,690,1291,580,2834046,1386875,1447171
112,2023,6,臺北市,北部,臺北市,1375,730,645,1343,32,1737,942,795,1107,442,2504687,1185819,1318868
112,2023,6,臺南市,南部,臺南市,746,365,381,723,23,1601,909,692,712,319,1858444,923093,935351
112,2023,6,臺東縣,東部,臺東縣,117,74,43,108,9,231,134,97,77,40,212008,108308,103700
112,2023,6,花蓮縣,東部,花蓮縣,142,65,77,131,11,279,185,94,149,83,318306,160212,158094
112,2023,6,苗栗縣,中部,苗栗縣,177,98,79,167,10,495,294,201,209,118,534677,275070,259607
112,2023,6,連江縣,離島,連江縣,9,6,3,8,1,7,5,2,5,8,13992,8071,5921
112,2023,6,金門縣,離島,金門縣,75,47,28,74,1,82,55,27,40,21,142942,70951,71991
112,2023,6,雲林縣,中部,雲林縣,267,148,119,247,20,678,400,278,242,99,661767,341423,320344
112,2023,6,高雄市,南部,高雄市,1243,672,571,1188,55,2205,1226,979,1043,553,2736019,1343561,1392458
112,2023,7,南投縣,中部,南投縣,213,111,102,199,14,467,262,205,192,103,478334,243752,234582
112,2023,7,嘉義市,南部,嘉義市,79,38,41,70,9,220,118,102,85,40,263810,126867,136943
112,2023,7,嘉義縣,南部,嘉義縣,199,93,106,190,9,566,315,251,154,82,486049,251718,234331
112,2023,7,基隆市,北部,基隆市,93,52,41,90,3,339,198,141,154,80,362539,180408,182131
112,2023,7,宜蘭縣,北部,宜蘭縣,218,111,107,211,7,375,211,164,206,101,449976,226040,223936
112,2023,7,屏東縣,南部,屏東縣,341,187,154,324,17,896,514,382,339,151,796936,404254,392682
112,2023,7,彰化縣,中部,彰化縣,828,440,388,806,22,1139,633,506,492,190,1242512,630007,612505
112,2023,7,新北市,北部,新北市,1444,726,718,1386,58,2552,1532,1020,1746,823,4031256,1962044,2069212
112,2023,7,新竹市,北部,新竹市,211,113,98,209,2,274,165,109,207,85,455069,224528,230541
112,2023,7,新竹縣,北部,新竹縣,337,167,170,324,13,397,230,167,267,126,587065,299014,288051
112,2023,7,桃園市,北部,桃園市,1445,742,703,1373,72,1336,819,517,1117,557,2306565,1138166,1168399
112,2023,7,澎湖縣,離島,澎湖縣,55,27,28,52,3,108,66,42,27,25,107331,54987,52344
112,2023,7,臺中市,中部,臺中市,1348,681,667,1281,67,1812,1044,768,1355,637,2837555,1388427,1449128
112,2023,7,臺北市,北部,臺北市,1386,729,657,1353,33,1786,950,836,1135,429,2507143,1186600,1320543
112,2023,7,臺南市,南部,臺南市,716,359,357,694,22,1562,907,655,770,323,1859229,923363,935866
112,2023,7,臺東縣,東部,臺東縣,103,54,49,98,5,242,146,96,67,59,211933,108251,103682
112,2023,7,花蓮縣,東部,花蓮縣,133,69,64,128,5,346,212,134,144,74,318165,160112,158053
112,2023,7,苗栗縣,中部,苗栗縣,184,100,84,176,8,499,261,238,268,106,534968,275235,259733
112,2023,7,連江縣,離島,連江縣,11,8,3,11,0,3,3,0,9,4,14005,8066,5939
112,2023,7,金門縣,離島,金門縣,52,32,20,50,2,80,45,35,52,17,143109,71029,72080
112,2023,7,雲林縣,中部,雲林縣,249,129,120,239,10,777,443,334,235,115,661576,341331,320245
112,2023,7,高雄市,南部,高雄市,1246,664,582,1201,45,2216,1278,938,1152,541,2737298,1344007,1393291
112,2023,8,南投縣,中部,南投縣,231,128,103,213,18,480,293,187,135,100,477993,243542,234451
112,2023,8,嘉義市,南部,嘉義市,119,69,50,114,5,181,101,80,80,57,263836,126867,136969
112,2023,8,嘉義縣,南部,嘉義縣,211,104,107,204,7,536,318,218,112,89,485681,251466,234215
112,2023,8,基隆市,北部,基隆市,102,52,50,96,6,314,178,136,134,72,362496,180348,182148
112,2023,8,宜蘭縣,北部,宜蘭縣,209,105,104,204,5,379,201,178,127,97,450095,226083,224012
112,2023,8,屏東縣,南部,屏東縣,385,185,200,360,25,808,513,295,236,161,796506,403928,392578
112,2023,8,彰化縣,中部,彰化縣,853,430,423,833,20,981,562,419,352,234,1241764,629624,612140
112,2023,8,新北市,北部,新北市,1559,796,763,1491,68,2398,1385,1013,1347,795,4034102,1963254,2070848
112,2023,8,新竹市,北部,新竹市,254,121,133,247,7,271,153,118,132,80,455228,224605,230623
112,2023,8,新竹縣,北部,新竹縣,334,170,164,321,13,381,245,136,203,129,587580,299231,288349
112,2023,8,桃園市,北部,桃園市,1567,818,749,1496,71,1343,784,559,816,575,2309770,1139558,1170212
112,2023,8,澎湖縣,離島,澎湖縣,66,31,35,64,2,119,73,46,35,28,107363,54997,52366
112,2023,8,臺中市,中部,臺中市,1492,810,682,1425,67,1808,1067,741,985,565,2839768,1389336,1450432
112,2023,8,臺北市,北部,臺北市,1490,761,729,1445,45,1650,903,747,835,423,2506788,1186136,1320652
112,2023,8,臺南市,南部,臺南市,826,448,378,797,29,1557,870,687,581,368,1859728,923573,936155
112,2023,8,臺東縣,東部,臺東縣,133,74,59,115,18,230,145,85,78,54,211807,108166,103641
112,2023,8,花蓮縣,東部,花蓮縣,186,93,93,172,14,317,185,132,107,81,318087,160055,158032
112,2023,8,苗栗縣,中部,苗栗縣,207,116,91,189,18,490,321,169,171,129,535055,275224,259831
112,2023,8,連江縣,離島,連江縣,8,6,2,8,0,5,3,2,3,6,14028,8082,5946
112,2023,8,金門縣,離島,金門縣,74,41,33,72,2,78,50,28,35,18,143290,71112,72178
112,2023,8,雲林縣,中部,雲林縣,287,154,133,278,9,696,419,277,204,115,661107,341037,320070
112,2023,8,高雄市,南部,高雄市,1423,755,668,1367,56,2117,1214,903,913,591,2737582,1343903,1393679
112,2023,9,南投縣,中部,南投縣,213,109,104,193,20,414,219,195,178,87,477691,243374,234317
112,2023,9,嘉義市,南部,嘉義市,90,44,46,87,3,191,118,73,76,41,263750,126783,136967
112,2023,9,嘉義縣,南部,嘉義縣,197,110,87,180,17,426,250,176,154,86,485410,251309,234101
112,2023,9,基隆市,北部,基隆市,118,68,50,110,8,259,158,101,145,77,362548,180320,182228
112,2023,9,宜蘭縣,北部,宜蘭縣,167,93,74,154,13,337,183,154,161,86,450031,226025,224006
112,2023,9,屏東縣,南部,屏東縣,370,194,176,346,24,678,414,264,276,139,796114,403686,392428
112,2023,9,彰化縣,中部,彰化縣,752,416,336,725,27,835,477,358,428,208,1240871,629172,611699
112,2023,9,新北市,北部,新北市,1397,736,661,1325,72,2121,1221,900,1727,779,4036911,1964343,2072568
112,2023,9,新竹市,北部,新竹市,236,125,111,229,7,230,133,97,204,78,455510,224758,230752
112,2023,9,新竹縣,北部,新竹縣,299,163,136,285,14,295,184,111,261,125,588183,299493,288690
112,2023,9,桃園市,北部,桃園市,1410,731,679,1355,55,1109,661,448,1080,534,2311870,1140451,1171419
112,2023,9,澎湖縣,離島,澎湖縣,66,40,26,65,1,69,37,32,28,24,107701,55213,52488
112,2023,9,臺中市,中部,臺中市,1339,724,615,1286,53,1450,825,625,1131,532,2841225,1389900,1451325
112,2023,9,臺北市,北部,臺北市,1305,669,636,1274,30,1438,795,643,1031,406,2506251,1185453,1320798
112,2023,9,臺南市,南部,臺南市,746,375,371,717,29,1266,715,551,687,293,1859842,923559,936283
112,2023,9,臺東縣,東部,臺東縣,107,58,49,99,8,192,116,76,91,44,211681,108107,103574
112,2023,9,花蓮縣,東部,花蓮縣,163,93,70,153,10,289,164,125,100,82,317881,159945,157936
112,2023,9,苗栗縣,中部,苗栗縣,174,90,84,164,10,433,258,175,207,119,535011,275211,259800
112,2023,9,連江縣,離島,連江縣,9,4,5,9,0,11,7,4,7,1,14049,8089,5960
112,2023,9,金門縣,離島,金門縣,60,34,26,59,1,79,46,33,49,10,143964,71455,72509
112,2023,9,雲林縣,中部,雲林縣,223,122,101,209,14,607,354,253,227,98,660545,340708,319837
112,2023,9,高雄市,南部,高雄市,1276,660,616,1220,56,1881,1145,736,1149,505,2737261,1343447,1393814
112,2023,10,南投縣,中部,南投縣,232,116,116,216,16,413,240,173,212,99,477558,243262,234296
112,2023,10,嘉義市,南部,嘉義市,125,66,59,116,9,193,115,78,116,48,263695,126721,136974
112,2023,10,嘉義縣,南部,嘉義縣,222,115,107,211,11,492,273,219,202,74,485202,251216,233986
112,2023,10,基隆市,北部,基隆市,105,58,47,99,6,294,154,140,160,73,362487,180283,182204
112,2023,10,宜蘭縣,北部,宜蘭縣,226,126,100,220,6,330,203,127,196,79,450034,226005,224029
112,2023,10,屏東縣,南部,屏東縣,401,203,198,373,28,745,474,271,343,181,795786,403396,392390
112,2023,10,彰化縣,中部,彰化縣,938,480,458,920,18,1013,587,426,492,201,1240284,628842,611442
112,2023,10,新北市,北部,新北市,1634,856,778,1551,83,2428,1431,997,1966,807,4038948,1964895,2074053
112,2023,10,新竹市,北部,新竹市,273,138,135,263,10,249,133,116,225,81,455860,224903,230957
112,2023,10,新竹縣,北部,新竹縣,352,175,177,339,13,376,221,155,284,119,588535,299623,288912
112,2023,10,桃園市,北部,桃園市,1732,859,873,1658,74,1292,753,539,1210,526,2314027,1141362,1172665
112,2023,10,澎湖縣,離島,澎湖縣,74,45,29,70,4,88,57,31,65,34,107808,55257,52551
112,2023,10,臺中市,中部,臺中市,1668,894,774,1593,75,1706,1013,693,1530,609,2842926,1390607,1452319
112,2023,10,臺北市,北部,臺北市,1645,814,831,1589,56,1547,840,707,1253,427,2508658,1186177,1322481
112,2023,10,臺南市,南部,臺南市,893,475,418,856,37,1493,826,667,877,367,1859927,923472,936455
112,2023,10,臺東縣,東部,臺東縣,149,68,81,139,10,217,145,72,81,36,211613,108029,103584
112,2023,10,花蓮縣,東部,花蓮縣,187,103,84,172,15,323,204,119,135,81,317773,159858,157915
112,2023,10,苗栗縣,中部,苗栗縣,221,114,107,206,15,473,270,203,285,127,534829,275091,259738
112,2023,10,連江縣,離島,連江縣,13,7,6,12,1,4,2,2,7,4,14071,8110,5961
112,2023,10,金門縣,離島,金門縣,65,37,28,63,2,87,48,39,65,16,144033,71492,72541
112,2023,10,雲林縣,中部,雲林縣,298,155,143,283,15,670,376,294,262,98,660144,340491,319653
112,2023,10,高雄市,南部,高雄市,1615,851,764,1536,79,2161,1250,911,1338,539,2737660,1343387,1394273
112,2023,11,南投縣,中部,南投縣,226,113,113,209,17,430,248,182,204,89,477326,243116,234210
112,2023,11,嘉義市,南部,嘉義市,116,55,61,111,5,192,101,91,111,50,263596,126638,136958
112,2023,11,嘉義縣,南部,嘉義縣,201,106,95,199,2,503,289,214,167,83,484892,251023,233869
112,2023,11,基隆市,北部,基隆市,112,62,50,108,4,304,168,136,145,79,362354,180185,182169
112,2023,11,宜蘭縣,北部,宜蘭縣,204,103,101,193,11,365,190,175,180,81,449963,225960,224003
112,2023,11,屏東縣,南部,屏東縣,377,193,184,353,24,748,414,334,333,172,795417,403158,392259
112,2023,11,彰化縣,中部,彰化縣,771,407,364,745,26,945,572,373,509,201,1239614,628442,611172
112,2023,11,新北市,北部,新北市,1473,760,713,1425,48,2314,1296,1018,1723,766,4039946,1965172,2074774
112,2023,11,新竹市,北部,新竹市,210,116,94,207,3,238,139,99,199,87,456116,225043,231073
112,2023,11,新竹縣,北部,新竹縣,336,181,155,326,10,338,206,132,265,124,588906,299773,289133
112,2023,11,桃園市,北部,桃園市,1467,758,709,1424,43,1258,751,507,1068,543,2315727,1142088,1173639
112,2023,11,澎湖縣,離島,澎湖縣,52,28,24,51,1,92,45,47,46,24,107761,55244,52517
112,2023,11,臺中市,中部,臺中市,1370,743,627,1318,52,1570,873,697,1385,572,2844250,1391080,1453170
112,2023,11,臺北市,北部,臺北市,1396,701,695,1357,39,1576,839,737,1051,433,2509894,1186475,1323419
112,2023,11,臺南市,南部,臺南市,766,401,365,734,32,1431,820,611,811,329,1859776,923234,936542
112,2023,11,臺東縣,東部,臺東縣,130,64,66,118,12,207,122,85,88,58,211550,107966,103584
112,2023,11,花蓮縣,東部,花蓮縣,155,83,72,139,16,329,193,136,205,74,317643,159762,157881
112,2023,11,苗栗縣,中部,苗栗縣,202,102,100,196,6,441,253,188,212,104,534677,274991,259686
112,2023,11,連江縣,離島,連江縣,5,3,2,5,0,6,2,4,2,1,14071,8103,5968
112,2023,11,金門縣,離島,金門縣,60,28,32,58,2,74,39,35,51,24,144080,71516,72564
112,2023,11,雲林縣,中部,雲林縣,271,132,139,262,9,621,354,267,284,118,659841,340295,319546
112,2023,11,高雄市,南部,高雄市,1372,699,673,1321,51,1983,1186,797,1228,506,2737608,1343105,1394503
112,2023,12,南投縣,中部,南投縣,173,90,83,161,12,394,227,167,209,76,477094,242993,234101
112,2023,12,嘉義市,南部,嘉義市,125,55,70,120,5,175,94,81,129,45,263584,126610,136974
112,2023,12,嘉義縣,南部,嘉義縣,216,118,98,212,4,486,274,212,232,77,484560,250858,233702
112,2023,12,基隆市,北部,基隆市,105,49,56,102,3,274,154,120,168,71,362255,180125,182130
112,2023,12,宜蘭縣,北部,宜蘭縣,196,96,100,181,15,345,202,143,219,87,449890,225873,224017
112,2023,12,屏東縣,南部,屏東縣,374,191,183,356,18,721,419,302,423,157,794997,402917,392080
112,2023,12,彰化縣,中部,彰化縣,824,418,406,803,21,956,579,377,641,172,1239048,628065,610983
112,2023,12,新北市,北部,新北市,1426,718,708,1386,40,2341,1407,934,2176,743,4041120,1965445,2075675
112,2023,12,新竹市,北部,新竹市,259,133,126,251,8,233,118,115,293,60,456475,225225,231250
112,2023,12,新竹縣,北部,新竹縣,330,173,157,315,15,348,198,150,366,105,589289,299933,289356
112,2023,12,桃園市,北部,桃園市,1519,814,705,1466,53,1262,772,490,1411,493,2317445,1142786,1174659
112,2023,12,澎湖縣,離島,澎湖縣,69,28,41,66,3,66,39,27,55,33,107739,55208,52531
112,2023,12,臺中市,中部,臺中市,1491,724,767,1441,50,1670,969,701,1784,560,2845909,1391681,1454228
112,2023,12,臺北市,北部,臺北市,1511,771,740,1476,35,1567,862,705,1442,438,2511886,1187064,1324822
112,2023,12,臺南市,南部,臺南市,781,407,374,745,36,1390,819,571,1019,325,1859946,923152,936794
112,2023,12,臺東縣,東部,臺東縣,136,72,64,122,14,183,108,75,96,50,211544,107954,103590
112,2023,12,花蓮縣,東部,花蓮縣,153,70,83,135,18,261,165,96,155,72,317489,159649,157840
112,2023,12,苗栗縣,中部,苗栗縣,190,103,87,179,11,432,247,185,281,103,534575,274920,259655
112,2023,12,連江縣,離島,連江縣,6,3,3,5,1,6,6,0,3,1,14039,8079,5960
112,2023,12,金門縣,離島,金門縣,63,34,29,62,1,69,47,22,53,21,144149,71542,72607
112,2023,12,雲林縣,中部,雲林縣,267,136,131,252,15,578,343,235,301,113,659468,340082,319386
112,2023,12,高雄市,南部,高雄市,1365,714,651,1322,43,1946,1125,821,1549,525,2737941,1343106,1394835
113,2024,1,南投縣,中部,南投縣,187,97,90,177,10,575,333,242,290,89,476675,242735,233940
113,2024,1,嘉義市,南部,嘉義市,101,53,48,95,6,243,135,108,158,57,263369,126531,136838
113,2024,1,嘉義縣,南部,嘉義縣,179,93,86,172,7,642,349,293,282,94,483902,250498,233404
113,2024,1,基隆市,北部,基隆市,108,61,47,102,6,363,214,149,176,76,362094,180017,182077
113,2024,1,宜蘭縣,北部,宜蘭縣,191,96,95,184,7,422,243,179,298,94,449767,225757,224010
113,2024,1,屏東縣,南部,屏東縣,368,209,159,350,18,847,480,367,428,168,794514,402592,391922
113,2024,1,彰化縣,中部,彰化縣,742,388,354,723,19,1189,644,545,704,193,1237760,627461,610299
113,2024,1,新北市,北部,新北市,1447,725,722,1400,47,3018,1732,1286,2384,736,4041869,1965527,2076342
113,2024,1,新竹市,北部,新竹市,213,123,90,204,9,280,168,112,273,76,456535,225291,231244
113,2024,1,新竹縣,北部,新竹縣,365,200,165,350,15,412,248,164,393,109,589788,300174,289614
113,2024,1,桃園市,北部,桃園市,1446,782,664,1388,58,1516,907,609,1437,503,2319118,1143524,1175594
113,2024,1,澎湖縣,離島,澎湖縣,77,32,45,75,2,94,57,37,51,33,107745,55183,52562
113,2024,1,臺中市,中部,臺中市,1312,695,617,1247,65,1971,1165,806,1950,575,2847264,1392198,1455066
113,2024,1,臺北市,北部,臺北市,1449,763,686,1406,43,1884,1056,828,1359,419,2511291,1186485,1324806
113,2024,1,臺南市,南部,臺南市,687,350,337,661,26,1667,914,753,1076,361,1859800,923061,936739
113,2024,1,臺東縣,東部,臺東縣,125,62,63,116,9,235,146,89,124,44,211357,107823,103534
113,2024,1,花蓮縣,東部,花蓮縣,121,60,61,109,12,355,203,152,170,77,317252,159527,157725
113,2024,1,苗栗縣,中部,苗栗縣,205,100,105,195,10,550,312,238,311,111,534432,274819,259613
113,2024,1,連江縣,離島,連江縣,14,9,5,14,0,5,4,1,11,3,14034,8081,5953
113,2024,1,金門縣,離島,金門縣,49,31,18,49,0,85,55,30,92,14,144173,71559,72614
113,2024,1,雲林縣,中部,雲林縣,355,197,158,334,21,762,437,325,351,110,659564,339980,319584
113,2024,1,高雄市,南部,高雄市,1282,662,620,1231,51,2349,1352,997,1628,561,2737530,1342653,1394877
113,2024,2,南投縣,中部,南投縣,187,102,85,174,13,462,267,195,131,70,476280,242543,233737
113,2024,2,嘉義市,南部,嘉義市,85,44,41,79,6,204,113,91,81,38,263323,126486,136837
113,2024,2,嘉義縣,南部,嘉義縣,188,105,83,183,5,525,297,228,144,66,483481,250263,233218
113,2024,2,基隆市,北部,基隆市,104,53,51,98,6,327,178,149,123,53,361952,179923,182029
113,2024,2,宜蘭縣,北部,宜蘭縣,195,96,99,188,7,399,237,162,130,75,449624,225617,224007
113,2024,2,屏東縣,南部,屏東縣,306,165,141,293,13,776,461,315,257,140,793959,402240,391719
113,2024,2,彰化縣,中部,彰化縣,654,330,324,634,20,1013,555,458,371,154,1236509,626874,609635
113,2024,2,新北市,北部,新北市,1159,582,577,1109,50,2636,1532,1104,1362,662,4042495,1965651,2076844
113,2024,2,新竹市,北部,新竹市,228,107,121,222,6,255,145,110,167,73,456690,225380,231310
113,2024,2,新竹縣,北部,新竹縣,235,124,111,224,11,406,243,163,184,93,590092,300343,289749
113,2024,2,桃園市,北部,桃園市,1235,633,602,1187,48,1432,849,583,804,435,2320121,1143882,1176239
113,2024,2,澎湖縣,離島,澎湖縣,54,27,27,53,1,86,45,41,24,31,107723,55166,52557
113,2024,2,臺中市,中部,臺中市,1181,630,551,1139,42,1768,1069,699,1073,503,2848370,1392559,1455811
113,2024,2,臺北市,北部,臺北市,1223,640,583,1190,33,1685,912,773,928,377,2510477,1185840,1324637
113,2024,2,臺南市,南部,臺南市,689,359,330,667,22,1499,858,641,671,323,1859906,923060,936846
113,2024,2,臺東縣,東部,臺東縣,109,55,54,98,11,194,117,77,61,26,211261,107745,103516
113,2024,2,花蓮縣,東部,花蓮縣,141,66,75,122,19,340,207,133,125,73,317030,159365,157665
113,2024,2,苗栗縣,中部,苗栗縣,180,90,90,174,6,494,282,212,155,86,534240,274718,259522
113,2024,2,連江縣,離島,連江縣,11,8,3,11,0,7,3,4,12,0,14005,8067,5938
113,2024,2,金門縣,離島,金門縣,48,23,25,47,1,71,42,29,60,8,144141,71527,72614
113,2024,2,雲林縣,中部,雲林縣,328,179,149,315,13,725,437,288,220,112,659358,339717,319641
113,2024,2,高雄市,南部,高雄市,1123,551,572,1080,43,2158,1243,915,1068,445,2737016,1342179,1394837
113,2024,3,南投縣,中部,南投縣,214,114,100,201,13,468,275,193,200,84,475921,242311,233610
113,2024,3,嘉義市,南部,嘉義市,90,54,36,85,5,192,105,87,114,56,263290,126468,136822
113,2024,3,嘉義縣,南部,嘉義縣,183,85,98,175,8,535,301,234,207,88,483024,250037,232987
113,2024,3,基隆市,北部,基隆市,111,60,51,105,6,366,226,140,170,67,361874,179832,182042
113,2024,3,宜蘭縣,北部,宜蘭縣,175,97,78,170,5,374,219,155,194,93,449492,225560,223932
113,2024,3,屏東縣,南部,屏東縣,355,187,168,338,17,823,510,313,397,172,793303,401810,391493
113,2024,3,彰化縣,中部,彰化縣,738,373,365,717,21,987,550,437,549,204,1235255,626324,608931
113,2024,3,新北市,北部,新北市,1358,743,615,1292,66,2647,1590,1057,2177,787,4042587,1965503,2077084
113,2024,3,新竹市,北部,新竹市,260,133,127,249,11,309,177,132,243,81,456872,225455,231417
113,2024,3,新竹縣,北部,新竹縣,301,147,154,289,12,403,233,170,336,107,590305,300442,289863
113,2024,3,桃園市,北部,桃園市,1403,701,702,1362,41,1440,865,575,1389,543,2321618,1144368,1177250
113,2024,3,澎湖縣,離島,澎湖縣,62,41,21,61,1,71,38,33,48,31,107708,55180,52528
113,2024,3,臺中市,中部,臺中市,1293,677,616,1246,47,1759,1028,731,1567,563,2849578,1392917,1456661
113,2024,3,臺北市,北部,臺北市,1346,708,638,1310,36,1792,961,831,1360,389,2509740,1185249,1324491
113,2024,3,臺南市,南部,臺南市,746,373,373,718,28,1429,822,607,959,312,1860072,922984,937088
113,2024,3,臺東縣,東部,臺東縣,128,71,57,120,8,226,137,89,116,37,211114,107671,103443
113,2024,3,花蓮縣,東部,花蓮縣,129,64,65,120,9,314,200,114,185,90,316746,159188,157558
113,2024,3,苗栗縣,中部,苗栗縣,190,97,93,177,13,533,307,226,241,120,533971,274538,259433
113,2024,3,連江縣,離島,連江縣,8,5,3,8,0,8,5,3,3,3,14006,8073,5933
113,2024,3,金門縣,離島,金門縣,63,30,33,62,1,83,42,41,69,20,144034,71458,72576
113,2024,3,雲林縣,中部,雲林縣,411,226,185,396,15,707,421,286,316,97,659288,339534,319754
113,2024,3,高雄市,南部,高雄市,1263,640,623,1217,46,2100,1191,909,1482,556,2736577,1341724,1394853
113,2024,4,南投縣,中部,南投縣,201,99,102,193,8,453,275,178,119,93,475584,242113,233471
113,2024,4,嘉義市,南部,嘉義市,98,57,41,94,4,215,112,103,73,38,263200,126405,136795
113,2024,4,嘉義縣,南部,嘉義縣,197,112,85,186,11,550,311,239,142,81,482604,249813,232791
113,2024,4,基隆市,北部,基隆市,119,49,70,114,5,276,162,114,79,95,361815,179749,182066
113,2024,4,宜蘭縣,北部,宜蘭縣,186,90,96,180,6,365,188,177,136,90,449448,225518,223930
113,2024,4,屏東縣,南部,屏東縣,318,165,153,304,14,772,485,287,236,169,792856,401485,391371
113,2024,4,彰化縣,中部,彰化縣,737,384,353,711,26,997,588,409,329,198,1234209,625789,608420
113,2024,4,新北市,北部,新北市,1338,689,649,1286,52,2468,1429,1039,1232,723,4043031,1965575,2077456
113,2024,4,新竹市,北部,新竹市,241,123,118,237,4,246,144,102,143,79,456917,225458,231459
113,2024,4,新竹縣,北部,新竹縣,314,152,162,301,13,370,215,155,165,101,590614,300582,290032
113,2024,4,桃園市,北部,桃園市,1341,725,616,1295,46,1334,803,531,757,537,2322923,1144920,1178003
113,2024,4,澎湖縣,離島,澎湖縣,53,29,24,51,2,80,48,32,33,34,107764,55209,52555
113,2024,4,臺中市,中部,臺中市,1324,670,654,1268,56,1719,991,728,943,590,2850285,1393075,1457210
113,2024,4,臺北市,北部,臺北市,1361,694,667,1324,37,1695,931,764,797,390,2509112,1184681,1324431
113,2024,4,臺南市,南部,臺南市,725,378,347,704,21,1345,769,576,596,342,1859788,922782,937006
113,2024,4,臺東縣,東部,臺東縣,137,57,80,125,12,189,114,75,53,41,211021,107594,103427
113,2024,4,花蓮縣,東部,花蓮縣,132,65,67,115,17,317,176,141,98,88,316544,159055,157489
113,2024,4,苗栗縣,中部,苗栗縣,200,100,100,185,15,438,262,176,176,119,533910,274461,259449
113,2024,4,連江縣,離島,連江縣,7,4,3,6,1,7,5,2,6,5,14008,8076,5932
113,2024,4,金門縣,離島,金門縣,66,40,26,64,2,87,50,37,36,15,144019,71455,72564
113,2024,4,雲林縣,中部,雲林縣,444,241,203,431,13,676,387,289,217,104,659467,339490,319977
113,2024,4,高雄市,南部,高雄市,1214,649,565,1168,46,2055,1195,860,816,567,2735981,1341248,1394733
113,2024,5,南投縣,中部,南投縣,192,107,85,184,8,425,249,176,275,105,475203,241908,233295
113,2024,5,嘉義市,南部,嘉義市,110,57,53,106,4,162,85,77,164,59,263150,126357,136793
113,2024,5,嘉義縣,南部,嘉義縣,164,91,73,157,7,530,317,213,261,91,482055,249517,232538
113,2024,5,基隆市,北部,基隆市,89,54,35,85,4,282,165,117,243,79,361735,179691,182044
113,2024,5,宜蘭縣,北部,宜蘭縣,185,104,81,179,6,382,222,160,297,107,449500,225494,224006
113,2024,5,屏東縣,南部,屏東縣,375,192,183,355,20,728,459,269,463,201,792383,401206,391177
113,2024,5,彰化縣,中部,彰化縣,776,410,366,759,17,958,568,390,698,222,1233060,625185,607875
113,2024,5,新北市,北部,新北市,1323,678,645,1259,64,2431,1408,1023,2441,855,4043236,1965376,2077860
113,2024,5,新竹市,北部,新竹市,260,142,118,254,6,248,144,104,272,84,457040,225552,231488
113,2024,5,新竹縣,北部,新竹縣,329,174,155,321,8,336,197,139,378,150,591334,300951,290383
113,2024,5,桃園市,北部,桃園市,1400,704,696,1346,54,1266,727,539,1559,603,2324804,1145744,1179060
113,2024,5,澎湖縣,離島,澎湖縣,69,38,31,69,0,87,57,30,63,36,107811,55235,52576
113,2024,5,臺中市,中部,臺中市,1376,723,653,1329,47,1654,937,717,2009,624,2851309,1393436,1457873
113,2024,5,臺北市,北部,臺北市,1433,760,673,1399,34,1670,908,762,1479,469,2507673,1183803,1323870
113,2024,5,臺南市,南部,臺南市,712,373,339,676,36,1408,795,613,1078,370,1859687,922607,937080
113,2024,5,臺東縣,東部,臺東縣,118,69,49,109,9,213,119,94,114,44,210898,107525,103373
113,2024,5,花蓮縣,東部,花蓮縣,151,76,75,136,15,297,189,108,207,92,316219,158836,157383
113,2024,5,苗栗縣,中部,苗栗縣,174,88,86,162,12,465,250,215,331,115,533744,274407,259337
113,2024,5,連江縣,離島,連江縣,14,8,6,14,0,6,3,3,6,4,14000,8074,5926
113,2024,5,金門縣,離島,金門縣,60,34,26,59,1,76,48,28,50,17,143903,71402,72501
113,2024,5,雲林縣,中部,雲林縣,581,313,268,563,18,705,387,318,405,106,659556,339422,320134
113,2024,5,高雄市,南部,高雄市,1277,638,639,1247,30,2087,1202,885,1659,584,2735308,1340666,1394642
113,2024,6,南投縣,中部,南投縣,167,86,81,152,15,400,248,152,165,78,474797,241648,233149
113,2024,6,嘉義市,南部,嘉義市,87,47,40,84,3,187,106,81,98,39,262990,126233,136757
113,2024,6,嘉義縣,南部,嘉義縣,175,86,89,164,11,497,289,208,152,82,481667,249316,232351
113,2024,6,基隆市,北部,基隆市,97,54,43,89,8,276,152,124,128,84,361600,179597,182003
113,2024,6,宜蘭縣,北部,宜蘭縣,217,101,116,206,11,296,177,119,170,85,449422,225414,224008
113,2024,6,屏東縣,南部,屏東縣,332,165,167,310,22,632,369,263,302,142,792004,400999,391005
113,2024,6,彰化縣,中部,彰化縣,691,365,326,670,21,911,506,405,423,176,1232192,624686,607506
113,2024,6,新北市,北部,新北市,1263,635,628,1209,54,2219,1289,930,1633,705,4043491,1965278,2078213
113,2024,6,新竹市,北部,新竹市,227,125,102,221,6,193,116,77,194,62,457269,225692,231577
113,2024,6,新竹縣,北部,新竹縣,280,138,142,269,11,342,200,142,249,109,591813,301181,290632
113,2024,6,桃園市,北部,桃園市,1294,685,609,1241,53,1223,740,483,991,471,2326581,1146463,1180118
113,2024,6,澎湖縣,離島,澎湖縣,49,22,27,46,3,77,42,35,43,31,107685,55134,52551
113,2024,6,臺中市,中部,臺中市,1251,652,599,1203,48,1502,896,606,1257,537,2852286,1393802,1458484
113,2024,6,臺北市,北部,臺北市,1299,666,633,1261,38,1432,781,651,957,364,2506767,1183068,1323699
113,2024,6,臺南市,南部,臺南市,720,371,349,687,33,1276,723,553,729,313,1859706,922531,937175
113,2024,6,臺東縣,東部,臺東縣,116,61,55,107,9,195,113,82,80,53,210793,107469,103324
113,2024,6,花蓮縣,東部,花蓮縣,120,50,70,104,16,294,184,110,143,72,315987,158668,157319
113,2024,6,苗栗縣,中部,苗栗縣,181,87,94,173,8,421,243,178,214,98,533566,274279,259287
113,2024,6,連江縣,離島,連江縣,9,4,5,9,0,5,5,0,2,1,13969,8056,5913
113,2024,6,金門縣,離島,金門縣,49,25,24,48,1,67,41,26,49,20,143727,71294,72433
113,2024,6,雲林縣,中部,雲林縣,601,304,297,583,18,599,333,266,236,96,659729,339450,320279
113,2024,6,高雄市,南部,高雄市,1215,622,593,1168,47,1878,1077,801,1060,502,2734858,1340231,1394627
113,2024,7,南投縣,中部,南投縣,188,81,107,181,7,468,271,197,162,103,474313,241347,232966
113,2024,7,嘉義市,南部,嘉義市,86,32,54,81,5,190,102,88,84,52,262852,126099,136753
113,2024,7,嘉義縣,南部,嘉義縣,148,83,65,140,8,624,361,263,159,94,481071,248973,232098
113,2024,7,基隆市,北部,基隆市,110,62,48,104,6,322,203,119,133,84,361491,179470,182021
113,2024,7,宜蘭縣,北部,宜蘭縣,177,85,92,173,4,437,265,172,176,91,449201,225250,223951
113,2024,7,屏東縣,南部,屏東縣,340,155,185,322,18,890,502,388,270,193,791423,400620,390803
113,2024,7,彰化縣,中部,彰化縣,726,368,358,712,14,1108,612,496,422,208,1231000,624041,606959
113,2024,7,新北市,北部,新北市,1209,614,595,1165,44,2736,1559,1177,1519,804,4043898,1965189,2078709
113,2024,7,新竹市,北部,新竹市,242,135,107,238,4,262,139,123,184,74,457344,225718,231626
113,2024,7,新竹縣,北部,新竹縣,255,135,120,245,10,414,245,169,248,118,592183,301322,290861
113,2024,7,桃園市,北部,桃園市,1285,664,621,1230,55,1455,858,597,945,519,2328488,1147317,1181171
113,2024,7,澎湖縣,離島,澎湖縣,48,20,28,46,2,127,67,60,33,27,107696,55104,52592
113,2024,7,臺中市,中部,臺中市,1238,622,616,1173,65,1965,1085,880,1265,570,2853173,1394033,1459140
113,2024,7,臺北市,北部,臺北市,1331,687,644,1304,27,1760,971,789,983,391,2504731,1181917,1322814
113,2024,7,臺南市,南部,臺南市,718,377,341,693,25,1622,911,711,646,327,1859328,922304,937024
113,2024,7,臺東縣,東部,臺東縣,117,62,55,107,10,258,160,98,88,51,210673,107364,103309
113,2024,7,花蓮縣,東部,花蓮縣,133,76,57,120,13,360,221,139,127,85,315784,158527,157257
113,2024,7,苗栗縣,中部,苗栗縣,185,94,91,175,10,556,322,234,207,104,533468,274197,259271
113,2024,7,連江縣,離島,連江縣,3,2,1,3,0,7,4,3,4,3,13943,8039,5904
113,2024,7,金門縣,離島,金門縣,74,47,27,71,3,73,48,25,43,24,143645,71211,72434
113,2024,7,雲林縣,中部,雲林縣,635,315,320,617,18,725,407,318,256,134,659521,339290,320231
113,2024,7,高雄市,南部,高雄市,1176,608,568,1130,46,2343,1350,993,970,471,2734097,1339650,1394447
113,2024,8,南投縣,中部,南投縣,181,108,73,169,12,438,267,171,86,111,473826,241068,232758
113,2024,8,嘉義市,南部,嘉義市,89,42,47,85,4,221,123,98,44,45,262682,125978,136704
113,2024,8,嘉義縣,南部,嘉義縣,171,79,92,160,11,514,307,207,90,91,480631,248710,231921
113,2024,8,基隆市,北部,基隆市,128,69,59,118,10,281,160,121,84,85,361527,179491,182036
113,2024,8,宜蘭縣,北部,宜蘭縣,224,127,97,215,9,364,203,161,93,92,449267,225255,224012
113,2024,8,屏東縣,南部,屏東縣,370,194,176,345,25,860,507,353,160,170,790780,400245,390535
113,2024,8,彰化縣,中部,彰化縣,715,390,325,684,31,956,538,418,192,197,1229835,623424,606411
113,2024,8,新北市,北部,新北市,1345,688,657,1292,53,2500,1440,1060,924,818,4044518,1965269,2079249
113,2024,8,新竹市,北部,新竹市,286,147,139,281,5,220,121,99,91,99,457437,225794,231643
113,2024,8,新竹縣,北部,新竹縣,320,159,161,311,9,380,231,149,143,121,592578,301524,291054
113,2024,8,桃園市,北部,桃園市,1447,754,693,1382,65,1327,797,530,561,565,2330440,1148123,1182317
113,2024,8,澎湖縣,離島,澎湖縣,67,34,33,67,0,113,54,59,28,37,107619,55040,52579
113,2024,8,臺中市,中部,臺中市,1389,707,682,1332,57,1639,930,709,598,584,2854190,1394359,1459831
113,2024,8,臺北市,北部,臺北市,1503,767,736,1454,49,1623,859,764,622,399,2502093,1180471,1321622
113,2024,8,臺南市,南部,臺南市,799,414,385,766,33,1531,860,671,367,341,1859253,922180,937073
113,2024,8,臺東縣,東部,臺東縣,136,60,76,129,7,217,129,88,65,52,210569,107289,103280
113,2024,8,花蓮縣,東部,花蓮縣,179,98,81,171,8,282,160,122,89,90,315811,158530,157281
113,2024,8,苗栗縣,中部,苗栗縣,196,100,96,193,3,462,282,180,98,110,533353,274085,259268
113,2024,8,連江縣,離島,連江縣,6,4,2,6,0,7,5,2,1,1,13932,8037,5895
113,2024,8,金門縣,離島,金門縣,64,34,30,62,2,91,50,41,28,24,143525,71156,72369
113,2024,8,雲林縣,中部,雲林縣,695,338,357,677,18,674,383,291,129,112,659221,339109,320112
113,2024,8,高雄市,南部,高雄市,1333,704,629,1270,63,2130,1246,884,574,579,2733521,1339132,1394389
113,2024,9,南投縣,中部,南投縣,214,122,92,198,16,425,258,167,170,79,473365,240772,232593
113,2024,9,嘉義市,南部,嘉義市,89,43,46,87,2,202,120,82,93,46,262553,125894,136659
113,2024,9,嘉義縣,南部,嘉義縣,186,98,88,182,4,459,277,182,195,90,480190,248460,231730
113,2024,9,基隆市,北部,基隆市,94,45,49,86,8,287,160,127,158,89,361519,179412,182107
113,2024,9,宜蘭縣,北部,宜蘭縣,200,111,89,188,12,348,180,168,241,101,449142,225191,223951
113,2024,9,屏東縣,南部,屏東縣,456,228,228,434,22,712,415,297,347,185,790315,399930,390385
113,2024,9,彰化縣,中部,彰化縣,772,402,370,749,23,926,512,414,526,204,1228612,622804,605808
113,2024,9,新北市,北部,新北市,1311,675,636,1252,59,2221,1330,891,1951,752,4046022,1965701,2080321
113,2024,9,新竹市,北部,新竹市,277,151,126,270,7,232,128,104,217,86,457441,225781,231660
113,2024,9,新竹縣,北部,新竹縣,323,168,155,309,14,353,208,145,283,117,593100,301820,291280
113,2024,9,桃園市,北部,桃園市,1480,771,709,1414,66,1219,729,490,1203,518,2332998,1149325,1183673
113,2024,9,澎湖縣,離島,澎湖縣,76,36,40,75,1,82,44,38,44,26,107829,55169,52660
113,2024,9,臺中市,中部,臺中市,1348,712,636,1294,54,1582,914,668,1331,614,2854821,1394511,1460310
113,2024,9,臺北市,北部,臺北市,1440,739,701,1393,47,1479,812,667,1131,369,2498210,1178485,1319725
113,2024,9,臺南市,南部,臺南市,799,428,371,777,22,1433,819,614,776,363,1859013,922007,937006
113,2024,9,臺東縣,東部,臺東縣,125,64,61,117,8,179,101,78,90,46,210400,107180,103220
113,2024,9,花蓮縣,東部,花蓮縣,171,96,75,154,17,276,175,101,151,66,315750,158475,157275
113,2024,9,苗栗縣,中部,苗栗縣,209,119,90,200,9,420,263,157,238,118,533219,274030,259189
113,2024,9,連江縣,離島,連江縣,8,7,1,8,0,5,3,2,7,4,13975,8057,5918
113,2024,9,金門縣,離島,金門縣,52,22,30,51,1,83,47,36,45,21,143774,71318,72456
113,2024,9,雲林縣,中部,雲林縣,790,425,365,769,21,592,335,257,303,117,659085,338960,320125
113,2024,9,高雄市,南部,高雄市,1372,713,659,1315,57,2048,1224,824,1210,558,2732805,1338565,1394240
113,2024,10,南投縣,中部,南投縣,191,106,85,178,13,408,234,174,170,86,472978,240572,232406
113,2024,10,嘉義市,南部,嘉義市,99,58,41,92,7,205,112,93,88,46,262501,125847,136654
113,2024,10,嘉義縣,南部,嘉義縣,203,103,100,193,10,496,281,215,178,62,479630,248164,231466
113,2024,10,基隆市,北部,基隆市,129,60,69,119,10,285,177,108,150,78,361513,179374,182139
113,2024,10,宜蘭縣,北部,宜蘭縣,231,121,110,220,11,332,190,142,179,76,449223,225204,224019
113,2024,10,屏東縣,南部,屏東縣,370,203,167,347,23,742,464,278,300,133,790021,399701,390320
113,2024,10,彰化縣,中部,彰化縣,784,383,401,766,18,887,535,352,441,194,1227436,622113,605323
113,2024,10,新北市,北部,新北市,1474,732,742,1410,64,2358,1393,965,1677,748,4046986,1965775,2081211
113,2024,10,新竹市,北部,新竹市,255,136,119,249,6,209,115,94,168,68,457404,225774,231630
113,2024,10,新竹縣,北部,新竹縣,333,180,153,321,12,301,184,117,256,133,593603,302110,291493
113,2024,10,桃園市,北部,桃園市,1478,767,711,1419,59,1158,679,479,1064,509,2334948,1150177,1184771
113,2024,10,澎湖縣,離島,澎湖縣,75,35,40,74,1,64,44,20,53,35,107886,55177,52709
113,2024,10,臺中市,中部,臺中市,1447,733,714,1395,52,1594,912,682,1240,570,2856855,1395310,1461545
113,2024,10,臺北市,北部,臺北市,1510,779,731,1469,41,1532,836,696,1032,381,2495096,1176891,1318205
113,2024,10,臺南市,南部,臺南市,808,417,391,777,31,1304,741,563,730,307,1858882,921875,937007
113,2024,10,臺東縣,東部,臺東縣,134,74,60,125,9,210,130,80,73,37,210281,107109,103172
113,2024,10,花蓮縣,東部,花蓮縣,158,81,77,146,12,257,171,86,142,81,315699,158390,157309
113,2024,10,苗栗縣,中部,苗栗縣,209,103,106,198,11,443,257,186,216,100,533067,273959,259108
113,2024,10,連江縣,離島,連江縣,9,6,3,8,1,4,3,1,4,3,13966,8049,5917
113,2024,10,金門縣,離島,金門縣,71,37,34,68,3,64,40,24,51,13,143711,71280,72431
113,2024,10,雲林縣,中部,雲林縣,748,375,373,726,22,635,373,262,294,119,658979,338882,320097
113,2024,10,高雄市,南部,高雄市,1354,715,639,1296,58,1963,1123,840,1098,475,2732139,1338054,1394085
113,2024,11,南投縣,中部,南投縣,253,140,113,242,11,390,234,156,201,79,472727,240440,232287
113,2024,11,嘉義市,南部,嘉義市,89,51,38,85,4,190,104,86,117,47,262365,125755,136610
113,2024,11,嘉義縣,南部,嘉義縣,195,91,104,183,12,491,286,205,190,66,479129,247897,231232
113,2024,11,基隆市,北部,基隆市,117,59,58,112,5,251,141,110,161,60,361497,179355,182142
113,2024,11,宜蘭縣,北部,宜蘭縣,222,117,105,213,9,347,193,154,212,75,449254,225195,224059
113,2024,11,屏東縣,南部,屏東縣,444,232,212,421,23,706,420,286,337,136,789706,399493,390213
113,2024,11,彰化縣,中部,彰化縣,809,421,388,784,25,923,498,425,603,209,1226560,621707,604853
113,2024,11,新北市,北部,新北市,1510,817,693,1455,55,2368,1373,995,1887,708,4047112,1965683,2081429
113,2024,11,新竹市,北部,新竹市,278,137,141,271,7,249,148,101,235,94,457328,225690,231638
113,2024,11,新竹縣,北部,新竹縣,320,163,157,305,15,350,192,158,296,151,594181,302413,291768
113,2024,11,桃園市,北部,桃園市,1573,833,740,1512,61,1274,744,530,1222,520,2336764,1150938,1185826
113,2024,11,澎湖縣,離島,澎湖縣,67,31,36,66,1,80,41,39,60,24,107908,55196,52712
113,2024,11,臺中市,中部,臺中市,1543,775,768,1479,64,1660,962,698,1691,601,2858958,1396004,1462954
113,2024,11,臺北市,北部,臺北市,1644,835,809,1600,44,1467,790,677,1230,370,2493210,1175842,1317368
113,2024,11,臺南市,南部,臺南市,789,420,369,767,22,1333,782,551,881,320,1858873,921802,937071
113,2024,11,臺東縣,東部,臺東縣,151,80,71,140,11,191,115,76,92,50,210272,107089,103183
113,2024,11,花蓮縣,東部,花蓮縣,164,93,71,152,12,269,171,98,153,82,315581,158297,157284
113,2024,11,苗栗縣,中部,苗栗縣,212,93,119,206,6,437,256,181,233,115,533063,273953,259110
113,2024,11,連江縣,離島,連江縣,10,5,5,10,0,11,8,3,4,2,13927,8017,5910
113,2024,11,金門縣,離島,金門縣,58,40,18,54,4,72,40,32,49,19,143658,71269,72389
113,2024,11,雲林縣,中部,雲林縣,717,381,336,693,24,639,356,283,290,119,658831,338827,320004
113,2024,11,高雄市,南部,高雄市,1392,738,654,1327,65,1934,1160,774,1359,501,2731891,1337699,1394192
113,2024,12,南投縣,中部,南投縣,238,118,120,225,13,499,286,213,205,81,472299,240207,232092
113,2024,12,嘉義市,南部,嘉義市,95,56,39,90,5,196,105,91,129,49,262177,125664,136513
113,2024,12,嘉義縣,南部,嘉義縣,202,94,108,196,6,543,306,237,217,74,478786,247718,231068
113,2024,12,基隆市,北部,基隆市,131,59,72,125,6,297,163,134,170,73,361441,179315,182126
113,2024,12,宜蘭縣,北部,宜蘭縣,240,131,109,232,8,394,233,161,210,86,449212,225131,224081
113,2024,12,屏東縣,南部,屏東縣,373,199,174,347,26,775,471,304,359,159,789239,399227,390012
113,2024,12,彰化縣,中部,彰化縣,801,442,359,768,33,938,531,407,568,202,1225675,621327,604348
113,2024,12,新北市,北部,新北市,1573,813,760,1494,79,2611,1473,1138,2045,783,4047001,1965488,2081513
113,2024,12,新竹市,北部,新竹市,258,139,119,249,9,264,140,124,256,78,457242,225641,231601
113,2024,12,新竹縣,北部,新竹縣,337,171,166,321,16,373,226,147,317,125,594641,302644,291997
113,2024,12,桃園市,北部,桃園市,1590,827,763,1536,54,1351,797,554,1259,499,2338648,1151696,1186952
113,2024,12,澎湖縣,離島,澎湖縣,84,39,45,80,4,80,44,36,51,25,107901,55167,52734
113,2024,12,臺中市,中部,臺中市,1410,747,663,1342,68,1756,994,762,1592,632,2860601,1396597,1464004
113,2024,12,臺北市,北部,臺北市,1583,838,745,1544,39,1715,968,747,1246,433,2490869,1174537,1316332
113,2024,12,臺南市,南部,臺南市,877,473,404,842,35,1560,888,672,964,346,1858651,921613,937038
113,2024,12,臺東縣,東部,臺東縣,163,84,79,152,11,220,132,88,94,50,210219,107085,103134
113,2024,12,花蓮縣,東部,花蓮縣,163,87,76,148,15,339,194,145,150,62,315374,158193,157181
113,2024,12,苗栗縣,中部,苗栗縣,207,95,112,195,12,461,270,191,263,117,532854,273824,259030
113,2024,12,連江縣,離島,連江縣,10,6,4,9,1,3,1,2,9,2,13950,8054,5896
113,2024,12,金門縣,離島,金門縣,53,23,30,49,4,67,44,23,60,24,143601,71254,72347
113,2024,12,雲林縣,中部,雲林縣,618,317,301,602,16,699,414,285,328,123,658427,338587,319840
113,2024,12,高雄市,南部,高雄市,1490,778,712,1411,79,2304,1360,944,1433,543,2731412,1337224,1394188
114,2025,1,南投縣,中部,南投縣,179,82,97,167,12,404,233,171,166,62,472066,240033,232033
114,2025,1,嘉義市,南部,嘉義市,118,72,46,116,2,160,105,55,123,34,262153,125651,136502
114,2025,1,嘉義縣,南部,嘉義縣,157,78,79,153,4,472,265,207,172,61,478427,247537,230890
114,2025,1,基隆市,北部,基隆市,99,50,49,92,7,239,136,103,114,68,361323,179229,182094
114,2025,1,宜蘭縣,北部,宜蘭縣,149,66,83,136,13,333,183,150,167,73,449232,225130,224102
114,2025,1,屏東縣,南部,屏東縣,283,146,137,264,19,698,400,298,282,97,788785,398956,389829
114,2025,1,彰化縣,中部,彰化縣,639,320,319,616,23,928,538,390,451,138,1224670,620844,603826
114,2025,1,新北市,北部,新北市,1260,634,626,1212,48,2286,1308,978,1579,591,4046564,1965067,2081497
114,2025,1,新竹市,北部,新竹市,212,106,106,203,9,229,131,98,201,63,457207,225600,231607
114,2025,1,新竹縣,北部,新竹縣,267,153,114,252,15,334,178,156,219,89,594910,302802,292108
114,2025,1,桃園市,北部,桃園市,1136,610,526,1093,43,1190,722,468,959,402,2339724,1152130,1187594
114,2025,1,澎湖縣,離島,澎湖縣,51,30,21,50,1,45,29,16,39,23,107891,55161,52730
114,2025,1,臺中市,中部,臺中市,1127,598,529,1092,35,1517,875,642,1249,414,2861735,1396940,1464795
114,2025,1,臺北市,北部,臺北市,1215,617,598,1183,32,1460,788,672,956,341,2488680,1173374,1315306
114,2025,1,臺南市,南部,臺南市,623,328,295,599,24,1340,757,583,681,272,1858455,921455,937000
114,2025,1,臺東縣,東部,臺東縣,113,48,65,104,9,190,125,65,69,23,210122,106962,103160
114,2025,1,花蓮縣,東部,花蓮縣,120,55,65,106,14,264,147,117,125,56,315172,158095,157077
114,2025,1,苗栗縣,中部,苗栗縣,182,102,80,177,5,426,248,178,224,77,532682,273739,258943
114,2025,1,連江縣,離島,連江縣,4,3,1,4,0,3,3,0,4,3,13952,8061,5891
114,2025,1,金門縣,離島,金門縣,56,30,26,54,2,58,35,23,67,11,143415,71175,72240
114,2025,1,雲林縣,中部,雲林縣,422,206,216,405,17,567,353,214,261,76,657952,338298,319654
114,2025,1,高雄市,南部,高雄市,1083,599,484,1042,41,1875,1085,790,1091,401,2730932,1336844,1394088
114,2025,2,南投縣,中部,南投縣,175,90,85,157,18,601,334,267,162,78,471647,239799,231848
114,2025,2,嘉義市,南部,嘉義市,113,57,56,111,2,261,139,122,77,48,261935,125502,136433
114,2025,2,嘉義縣,南部,嘉義縣,171,77,94,158,13,696,410,286,149,76,477878,247240,230638
114,2025,2,基隆市,北部,基隆市,89,47,42,80,9,397,248,149,123,72,361250,179155,182095
114,2025,2,宜蘭縣,北部,宜蘭縣,171,82,89,167,4,509,320,189,165,69,449418,225161,224257
114,2025,2,屏東縣,南部,屏東縣,362,173,189,340,22,1009,578,431,297,173,788180,398641,389539
114,2025,2,彰化縣,中部,彰化縣,661,349,312,635,26,1274,719,555,334,197,1222781,619956,602825
114,2025,2,新北市,北部,新北市,1496,775,721,1438,58,3182,1831,1351,1346,721,4047095,1964964,2082131
114,2025,2,新竹市,北部,新竹市,234,130,104,230,4,307,180,127,157,76,456867,225441,231426
114,2025,2,新竹縣,北部,新竹縣,283,155,128,273,10,496,297,199,206,112,595474,303100,292374
114,2025,2,桃園市,北部,桃園市,1245,633,612,1202,43,1792,1076,716,881,469,2341566,1152825,1188741
114,2025,2,澎湖縣,離島,澎湖縣,62,29,33,59,3,115,66,49,37,20,107534,54964,52570
114,2025,2,臺中市,中部,臺中市,1187,634,553,1129,58,2277,1348,929,1019,540,2863285,1397337,1465948
114,2025,2,臺北市,北部,臺北市,1192,618,574,1147,45,2088,1132,956,888,368,2480881,1169575,1311306
114,2025,2,臺南市,南部,臺南市,728,356,372,702,26,1912,1097,815,685,352,1858302,921241,937061
114,2025,2,臺東縣,東部,臺東縣,120,61,59,111,9,279,164,115,73,44,209864,106823,103041
114,2025,2,花蓮縣,東部,花蓮縣,131,70,61,118,13,423,256,167,110,75,314919,157929,156990
114,2025,2,苗栗縣,中部,苗栗縣,235,126,109,226,9,641,371,270,141,96,532672,273724,258948
114,2025,2,連江縣,離島,連江縣,7,1,6,7,0,7,6,1,7,3,13903,8042,5861
114,2025,2,金門縣,離島,金門縣,62,42,20,62,0,96,62,34,41,13,142459,70727,71732
114,2025,2,雲林縣,中部,雲林縣,438,219,219,426,12,872,494,378,216,113,657034,337765,319269
114,2025,2,高雄市,南部,高雄市,1245,632,613,1197,48,2654,1586,1068,1107,511,2729670,1335856,1393814
114,2025,3,南投縣,中部,南投縣,179,81,98,171,8,518,317,201,185,69,471113,239503,231610
114,2025,3,嘉義市,南部,嘉義市,96,55,41,94,2,204,124,80,112,48,261667,125317,136350
114,2025,3,嘉義縣,南部,嘉義縣,140,78,62,130,10,564,334,230,183,86,477408,247057,230351
114,2025,3,基隆市,北部,基隆市,69,38,31,65,4,356,221,135,182,55,361548,179315,182233
114,2025,3,宜蘭縣,北部,宜蘭縣,194,102,92,185,9,369,179,190,205,93,450203,225518,224685
114,2025,3,屏東縣,南部,屏東縣,303,162,141,288,15,812,474,338,325,173,787528,398294,389234
114,2025,3,彰化縣,中部,彰化縣,644,318,326,620,24,1129,649,480,495,196,1220292,618848,601444
114,2025,3,新北市,北部,新北市,1331,668,663,1286,45,2712,1600,1112,1790,760,4049128,1965589,2083539
114,2025,3,新竹市,北部,新竹市,207,119,88,200,7,259,149,110,207,76,456480,225340,231140
114,2025,3,新竹縣,北部,新竹縣,278,140,138,265,13,400,232,168,256,139,596503,303631,292872
114,2025,3,桃園市,北部,桃園市,1117,561,556,1069,48,1540,893,647,1205,488,2345689,1154581,1191108
114,2025,3,澎湖縣,離島,澎湖縣,45,19,26,43,2,106,65,41,44,22,107122,54757,52365
114,2025,3,臺中市,中部,臺中市,1105,560,545,1047,58,1980,1116,864,1446,569,2865947,1398204,1467743
114,2025,3,臺北市,北部,臺北市,1140,621,519,1101,39,1830,1017,813,1067,389,2468089,1163134,1304955
114,2025,3,臺南市,南部,臺南市,653,350,303,615,38,1659,982,677,855,332,1858560,921273,937287
114,2025,3,臺東縣,東部,臺東縣,102,41,61,94,8,217,122,95,97,40,209701,106726,102975
114,2025,3,花蓮縣,東部,花蓮縣,128,68,60,117,11,321,170,151,144,78,314709,157786,156923
114,2025,3,苗栗縣,中部,苗栗縣,218,118,100,208,10,536,312,224,226,126,532862,273852,259010
114,2025,3,連江縣,離島,連江縣,5,1,4,5,0,8,5,3,5,1,13747,7972,5775
114,2025,3,金門縣,離島,金門縣,49,21,28,47,2,73,49,24,53,17,141411,70238,71173
114,2025,3,雲林縣,中部,雲林縣,347,171,176,335,12,762,425,337,270,132,656155,337348,318807
114,2025,3,高雄市,南部,高雄市,1038,547,491,993,45,2278,1266,1012,1323,538,2728880,1335328,1393552
114,2025,4,南投縣,中部,南投縣,171,95,76,158,13,439,246,193,120,108,470804,239345,231459
114,2025,4,嘉義市,南部,嘉義市,77,38,39,73,4,192,107,85,65,38,261501,125219,136282
114,2025,4,嘉義縣,南部,嘉義縣,143,73,70,140,3,526,336,190,111,97,477052,246810,230242
114,2025,4,基隆市,北部,基隆市,63,32,31,63,0,306,180,126,86,70,361399,179171,182228
114,2025,4,宜蘭縣,北部,宜蘭縣,159,86,73,149,10,365,219,146,127,85,450081,225458,224623
114,2025,4,屏東縣,南部,屏東縣,268,150,118,246,22,804,476,328,194,164,786902,397949,388953
114,2025,4,彰化縣,中部,彰化縣,533,269,264,524,9,1067,593,474,295,177,1219116,618228,600888
114,2025,4,新北市,北部,新北市,1263,655,608,1217,46,2590,1505,1085,1134,733,4048065,1964920,2083145
114,2025,4,新竹市,北部,新竹市,193,110,83,185,8,240,135,105,124,81,456368,225298,231070
114,2025,4,新竹縣,北部,新竹縣,244,127,117,231,13,394,244,150,172,124,596423,303569,292854
114,2025,4,桃園市,北部,桃園市,1129,575,554,1059,70,1339,777,562,740,543,2346583,1154918,1191665
114,2025,4,澎湖縣,離島,澎湖縣,45,24,21,42,3,98,53,45,23,21,107085,54738,52347
114,2025,4,臺中市,中部,臺中市,1062,541,521,1021,41,1779,1020,759,888,567,2866096,1398091,1468005
114,2025,4,臺北市,北部,臺北市,966,488,478,939,27,1742,887,855,654,327,2465350,1161694,1303656
114,2025,4,臺南市,南部,臺南市,558,305,253,536,22,1472,833,639,491,340,1857618,920710,936908
114,2025,4,臺東縣,東部,臺東縣,102,48,54,95,7,215,133,82,54,54,209578,106622,102956
114,2025,4,花蓮縣,東部,花蓮縣,112,58,54,105,7,323,199,124,100,76,314474,157654,156820
114,2025,4,苗栗縣,中部,苗栗縣,173,92,81,165,8,502,291,211,155,92,532657,273727,258930
114,2025,4,連江縣,離島,連江縣,4,2,2,4,0,11,7,4,2,3,13721,7952,5769
114,2025,4,金門縣,離島,金門縣,41,24,17,40,1,74,47,27,31,23,141197,70134,71063
114,2025,4,雲林縣,中部,雲林縣,361,195,166,348,13,639,379,260,179,109,655659,337070,318589
114,2025,4,高雄市,南部,高雄市,1017,496,521,978,39,2088,1165,923,775,502,2727545,1334553,1392992
114,2025,5,南投縣,中部,南投縣,144,75,69,137,7,420,254,166,207,88,470369,239127,231242
114,2025,5,嘉義市,南部,嘉義市,88,46,42,84,4,177,103,74,131,50,261268,125059,136209
114,2025,5,嘉義縣,南部,嘉義縣,95,46,49,88,7,486,278,208,203,78,476470,246504,229966
114,2025,5,基隆市,北部,基隆市,86,45,41,79,7,257,145,112,192,77,361351,179127,182224
114,2025,5,宜蘭縣,北部,宜蘭縣,152,78,74,138,14,314,172,142,256,92,450666,225725,224941
114,2025,5,屏東縣,南部,屏東縣,261,125,136,239,22,692,433,259,421,157,786248,397557,388691
114,2025,5,彰化縣,中部,彰化縣,576,297,279,550,26,922,506,416,630,199,1217394,617369,600025
114,2025,5,新北市,北部,新北市,1214,658,556,1162,52,2230,1248,982,2217,755,4049413,1965444,2083969
114,2025,5,新竹市,北部,新竹市,186,89,97,175,11,255,134,121,277,80,455905,225053,230852
114,2025,5,新竹縣,北部,新竹縣,219,113,106,213,6,343,213,130,358,104,596776,303680,293096
114,2025,5,桃園市,北部,桃園市,1010,533,477,966,44,1225,713,512,1492,539,2348859,1155895,1192964
114,2025,5,澎湖縣,離島,澎湖縣,35,16,19,34,1,67,41,26,48,18,106701,54566,52135
114,2025,5,臺中市,中部,臺中市,1020,530,490,979,41,1627,930,697,1756,632,2867525,1398475,1469050
114,2025,5,臺北市,北部,臺北市,1026,536,490,990,36,1503,837,666,1248,401,2456404,1157443,1298961
114,2025,5,臺南市,南部,臺南市,559,294,265,530,29,1385,818,567,973,344,1857639,920572,937067
114,2025,5,臺東縣,東部,臺東縣,83,42,41,76,7,179,103,76,93,43,209439,106587,102852
114,2025,5,花蓮縣,東部,花蓮縣,144,80,64,132,12,272,145,127,196,64,314201,157537,156664
114,2025,5,苗栗縣,中部,苗栗縣,173,90,83,165,8,408,231,177,250,126,532732,273788,258944
114,2025,5,連江縣,離島,連江縣,8,4,4,8,0,10,8,2,8,4,13621,7908,5713
114,2025,5,金門縣,離島,金門縣,46,29,17,41,5,79,48,31,46,20,140146,69652,70494
114,2025,5,雲林縣,中部,雲林縣,344,179,165,331,13,579,314,265,336,98,655054,336728,318326
114,2025,5,高雄市,南部,高雄市,964,516,448,917,47,1952,1129,823,1453,563,2727289,1334419,1392870
114,2025,6,南投縣,中部,南投縣,159,81,78,147,12,447,261,186,118,75,469893,238830,231063
114,2025,6,嘉義市,南部,嘉義市,105,51,54,98,7,178,92,86,79,45,261178,124986,136192
114,2025,6,嘉義縣,南部,嘉義縣,143,76,67,138,5,501,272,229,104,75,476106,246328,229778
114,2025,6,基隆市,北部,基隆市,90,51,39,89,1,306,173,133,118,89,361089,179006,182083
114,2025,6,宜蘭縣,北部,宜蘭縣,165,80,85,161,4,352,190,162,146,106,450468,225620,224848
114,2025,6,屏東縣,南部,屏東縣,307,165,142,292,15,731,426,305,242,161,785792,397279,388513
114,2025,6,彰化縣,中部,彰化縣,575,297,278,562,13,954,526,428,374,196,1216624,616973,599651
114,2025,6,新北市,北部,新北市,1271,676,595,1225,46,2447,1418,1029,1322,756,4048526,1964831,2083695
114,2025,6,新竹市,北部,新竹市,215,114,101,208,7,257,151,106,155,72,455829,225027,230802
114,2025,6,新竹縣,北部,新竹縣,216,115,101,205,11,358,221,137,204,140,596849,303706,293143
114,2025,6,桃園市,北部,桃園市,1165,616,549,1105,60,1257,752,505,877,484,2349804,1156226,1193578
114,2025,6,澎湖縣,離島,澎湖縣,65,35,30,64,1,79,42,37,29,18,106594,54490,52104
114,2025,6,臺中市,中部,臺中市,1035,538,497,993,42,1723,980,743,966,610,2867641,1398376,1469265
114,2025,6,臺北市,北部,臺北市,1093,565,528,1056,37,1654,906,748,791,416,2453842,1156117,1297725
114,2025,6,臺南市,南部,臺南市,558,301,257,530,28,1452,845,607,596,365,1856931,920122,936809
114,2025,6,臺東縣,東部,臺東縣,77,39,38,66,11,196,111,85,59,45,209231,106473,102758
114,2025,6,花蓮縣,東部,花蓮縣,134,72,62,122,12,284,187,97,119,80,314053,157418,156635
114,2025,6,苗栗縣,中部,苗栗縣,188,88,100,175,13,459,277,182,186,129,532545,273650,258895
114,2025,6,連江縣,離島,連江縣,3,2,1,3,0,5,5,0,4,1,13605,7906,5699
114,2025,6,金門縣,離島,金門縣,50,27,23,50,0,86,52,34,33,19,139798,69466,70332
114,2025,6,雲林縣,中部,雲林縣,381,189,192,369,12,674,398,276,196,116,654539,336447,318092
114,2025,6,高雄市,南部,高雄市,973,505,468,933,40,2154,1243,911,937,564,2725804,1333558,1392246
114,2025,7,南投縣,中部,南投縣,169,80,89,160,9,478,263,215,130,86,469433,238585,230848
114,2025,7,嘉義市,南部,嘉義市,91,54,37,91,0,205,103,102,69,59,261102,124947,136155
114,2025,7,嘉義縣,南部,嘉義縣,138,82,56,132,6,552,324,228,124,77,475540,246004,229536
114,2025,7,基隆市,北部,基隆市,95,50,45,93,2,277,157,120,101,72,360941,178923,182018
114,2025,7,宜蘭縣,北部,宜蘭縣,152,85,67,141,11,366,196,170,151,106,450288,225527,224761
114,2025,7,屏東縣,南部,屏東縣,319,170,149,293,26,743,472,271,221,136,785373,396969,388404
114,2025,7,彰化縣,中部,彰化縣,558,280,278,539,19,1000,555,445,314,189,1215667,616509,599158
114,2025,7,新北市,北部,新北市,1296,646,650,1227,69,2536,1525,1011,1382,797,4047802,1964174,2083628
114,2025,7,新竹市,北部,新竹市,194,109,85,187,7,235,135,100,122,80,455729,224951,230778
114,2025,7,新竹縣,北部,新竹縣,226,104,122,219,7,351,202,149,202,116,596884,303718,293166
114,2025,7,桃園市,北部,桃園市,1096,569,527,1048,48,1373,809,564,881,514,2350861,1156674,1194187
114,2025,7,澎湖縣,離島,澎湖縣,52,32,20,51,1,81,50,31,35,20,106622,54488,52134
114,2025,7,臺中市,中部,臺中市,1053,571,482,1007,46,1768,982,786,971,589,2867815,1398310,1469505
114,2025,7,臺北市,北部,臺北市,1097,585,512,1063,33,1639,923,716,807,402,2451007,1154711,1296296
114,2025,7,臺南市,南部,臺南市,564,300,264,530,34,1510,855,655,551,322,1856033,919613,936420
114,2025,7,臺東縣,東部,臺東縣,103,57,46,86,17,206,114,92,54,49,209134,106403,102731
114,2025,7,花蓮縣,東部,花蓮縣,97,52,45,79,18,285,174,111,95,77,313903,157297,156606
114,2025,7,苗栗縣,中部,苗栗縣,197,98,99,188,9,442,257,185,142,114,532354,273557,258797
114,2025,7,連江縣,離島,連江縣,6,2,4,5,1,8,4,4,1,3,13575,7881,5694
114,2025,7,金門縣,離島,金門縣,34,16,18,32,2,77,46,31,33,16,139543,69324,70219
114,2025,7,雲林縣,中部,雲林縣,362,196,166,351,11,615,387,228,177,124,654037,336110,317927
114,2025,7,高雄市,南部,高雄市,1040,529,511,996,44,2099,1195,904,855,558,2724293,1332696,1391597
114,2025,8,南投縣,中部,南投縣,156,77,79,150,6,384,230,154,78,89,468995,238310,230685
114,2025,8,嘉義市,南部,嘉義市,73,35,38,69,4,172,92,80,62,44,260885,124845,136040
114,2025,8,嘉義縣,南部,嘉義縣,149,78,71,140,9,511,309,202,98,89,475143,245741,229402
114,2025,8,基隆市,北部,基隆市,88,40,48,84,4,245,139,106,107,77,360750,178805,181945
114,2025,8,宜蘭縣,北部,宜蘭縣,152,85,67,150,2,315,179,136,116,85,450079,225400,224679
114,2025,8,屏東縣,南部,屏東縣,268,146,122,252,16,705,403,302,171,154,784691,396599,388092
114,2025,8,彰化縣,中部,彰化縣,480,251,229,464,16,854,493,361,229,230,1214712,616002,598710
114,2025,8,新北市,北部,新北市,1185,605,580,1122,63,2312,1341,971,1099,799,4047131,1963592,2083539
114,2025,8,新竹市,北部,新竹市,184,89,95,179,5,221,132,89,132,88,455573,224872,230701
114,2025,8,新竹縣,北部,新竹縣,206,103,103,192,14,292,163,129,151,128,596997,303773,293224
114,2025,8,桃園市,北部,桃園市,1089,569,520,1034,55,1234,725,509,689,528,2351997,1157085,1194912
114,2025,8,澎湖縣,離島,澎湖縣,34,21,13,32,2,79,46,33,32,20,106591,54479,52112
114,2025,8,臺中市,中部,臺中市,1008,520,488,960,48,1534,880,654,759,599,2867848,1398234,1469614
114,2025,8,臺北市,北部,臺北市,961,465,496,925,36,1532,815,717,667,358,2447111,1152809,1294302
114,2025,8,臺南市,南部,臺南市,594,318,276,569,25,1361,821,540,404,336,1855568,919285,936283
114,2025,8,臺東縣,東部,臺東縣,88,41,47,82,6,180,110,70,62,48,208966,106290,102676
114,2025,8,花蓮縣,東部,花蓮縣,123,64,59,111,12,283,164,119,99,68,313715,157221,156494
114,2025,8,苗栗縣,中部,苗栗縣,217,113,104,205,12,410,239,171,97,114,532203,273416,258787
114,2025,8,連江縣,離島,連江縣,3,2,1,3,0,2,2,0,5,1,13582,7891,5691
114,2025,8,金門縣,離島,金門縣,46,21,25,46,0,84,57,27,33,23,139362,69197,70165
114,2025,8,雲林縣,中部,雲林縣,376,193,183,367,9,608,326,282,123,114,653460,335776,317684
114,2025,8,高雄市,南部,高雄市,984,497,487,943,41,1908,1069,839,703,494,2722984,1332001,1390983
114,2025,9,南投縣,中部,南投縣,175,95,80,167,8,422,249,173,92,85,468657,238097,230560
114,2025,9,嘉義市,南部,嘉義市,80,39,41,78,2,140,87,53,65,46,260749,124776,135973
114,2025,9,嘉義縣,南部,嘉義縣,134,75,59,128,6,465,271,194,107,73,474796,245535,229261
114,2025,9,基隆市,北部,基隆市,71,35,36,63,8,258,161,97,98,66,360429,178621,181808
114,2025,9,宜蘭縣,北部,宜蘭縣,150,80,70,140,10,291,159,132,103,98,449999,225385,224614
114,2025,9,屏東縣,南部,屏東縣,290,142,148,268,22,706,416,290,179,162,783931,396146,387785
114,2025,9,彰化縣,中部,彰化縣,536,270,266,508,28,877,527,350,194,213,1213351,615248,598103
114,2025,9,新北市,北部,新北市,1220,620,600,1163,57,2385,1377,1008,1104,789,4046037,1962651,2083386
114,2025,9,新竹市,北部,新竹市,191,102,89,188,3,210,124,86,128,84,455275,224688,230587
114,2025,9,新竹縣,北部,新竹縣,220,118,102,211,9,337,216,121,180,125,597193,303875,293318
114,2025,9,桃園市,北部,桃園市,1088,593,495,1036,52,1259,730,529,651,527,2352683,1157457,1195226
114,2025,9,澎湖縣,離島,澎湖縣,52,21,31,50,2,88,55,33,23,29,106768,54601,52167
114,2025,9,臺中市,中部,臺中市,970,504,466,926,44,1542,854,688,743,573,2867537,1397989,1469548
114,2025,9,臺北市,北部,臺北市,988,520,468,954,34,1478,796,682,675,382,2442991,1150846,1292145
114,2025,9,臺南市,南部,臺南市,564,290,274,538,26,1326,760,566,432,308,1854682,918769,935913
114,2025,9,臺東縣,東部,臺東縣,112,53,59,99,13,210,130,80,56,43,208769,106158,102611
114,2025,9,花蓮縣,東部,花蓮縣,121,66,55,107,14,282,155,127,70,60,313433,157047,156386
114,2025,9,苗栗縣,中部,苗栗縣,191,108,83,180,11,414,225,189,112,120,532053,273324,258729
114,2025,9,連江縣,離島,連江縣,3,2,1,3,0,8,6,2,4,3,13635,7909,5726
114,2025,9,金門縣,離島,金門縣,48,26,22,47,1,69,39,30,21,21,139689,69387,70302
114,2025,9,雲林縣,中部,雲林縣,357,183,174,341,16,610,379,231,127,97,652874,335399,317475
114,2025,9,高雄市,南部,高雄市,1042,549,493,998,44,2010,1148,862,680,498,2721500,1331173,1390327
114,2025,10,南投縣,中部,南投縣,167,97,70,158,9,421,250,171,206,100,468403,237921,230482
114,2025,10,嘉義市,南部,嘉義市,111,58,53,103,8,193,116,77,116,51,260584,124669,135915
114,2025,10,嘉義縣,南部,嘉義縣,166,90,76,155,11,500,302,198,182,84,474396,245290,229106
114,2025,10,基隆市,北部,基隆市,104,50,54,99,5,289,170,119,152,76,360264,178521,181743
114,2025,10,宜蘭縣,北部,宜蘭縣,176,91,85,169,7,307,176,131,188,103,449773,225276,224497
114,2025,10,屏東縣,南部,屏東縣,331,169,162,304,27,763,459,304,300,167,783345,395827,387518
114,2025,10,彰化縣,中部,彰化縣,578,278,300,566,12,928,532,396,486,184,1212334,614694,597640
114,2025,10,新北市,北部,新北市,1360,675,685,1290,70,2276,1272,1004,1915,780,4045656,1962277,2083379
114,2025,10,新竹市,北部,新竹市,193,95,98,188,5,226,133,93,222,85,455240,224645,230595
114,2025,10,新竹縣,北部,新竹縣,243,140,103,228,15,329,192,137,346,101,597144,303841,293303
114,2025,10,桃園市,北部,桃園市,1134,582,552,1077,57,1347,809,538,1208,501,2353609,1157697,1195912
114,2025,10,澎湖縣,離島,澎湖縣,47,23,24,44,3,80,40,40,45,17,106808,54628,52180
114,2025,10,臺中市,中部,臺中市,1141,575,566,1082,59,1623,925,698,1453,624,2867836,1397953,1469883
114,2025,10,臺北市,北部,臺北市,1043,533,510,1006,37,1612,834,778,1113,342,2441713,1150128,1291585
114,2025,10,臺南市,南部,臺南市,640,343,297,619,21,1383,785,598,817,338,1854000,918341,935659
114,2025,10,臺東縣,東部,臺東縣,126,62,64,120,6,215,119,96,93,57,208626,106065,102561
114,2025,10,花蓮縣,東部,花蓮縣,125,67,58,111,14,268,156,112,155,77,313315,156983,156332
114,2025,10,苗栗縣,中部,苗栗縣,220,114,106,211,9,447,247,200,245,132,531746,273147,258599
114,2025,10,連江縣,離島,連江縣,11,5,6,11,0,9,7,2,5,3,13650,7926,5724
114,2025,10,金門縣,離島,金門縣,42,21,21,41,1,78,43,35,42,25,139568,69316,70252
114,2025,10,雲林縣,中部,雲林縣,421,230,191,407,14,616,393,223,259,112,652392,335048,317344
114,2025,10,高雄市,南部,高雄市,1079,536,543,1020,59,1998,1158,840,1187,552,2720451,1330511,1389940
114,2025,11,南投縣,中部,南投縣,156,81,75,148,8,376,226,150,163,91,468162,237762,230400
114,2025,11,嘉義市,南部,嘉義市,85,45,40,81,4,164,87,77,96,40,261094,124881,136213
114,2025,11,嘉義縣,南部,嘉義縣,122,59,63,108,14,460,283,177,136,62,473665,244916,228749
114,2025,11,基隆市,北部,基隆市,84,44,40,77,7,283,161,122,116,73,360080,178429,181651
114,2025,11,宜蘭縣,北部,宜蘭縣,131,72,59,126,5,317,183,134,165,67,449536,225142,224394
114,2025,11,屏東縣,南部,屏東縣,282,152,130,260,22,730,438,292,275,141,782812,395465,387347
114,2025,11,彰化縣,中部,彰化縣,439,220,219,426,13,846,491,355,397,207,1211351,614136,597215
114,2025,11,新北市,北部,新北市,1148,588,560,1094,54,2213,1246,967,1457,684,4045301,1962012,2083289
114,2025,11,新竹市,北部,新竹市,187,98,89,181,6,211,111,100,195,71,455449,224714,230735
114,2025,11,新竹縣,北部,新竹縣,217,110,107,205,12,317,194,123,246,112,597150,303820,293330
114,2025,11,桃園市,北部,桃園市,958,485,473,907,51,1164,681,483,898,465,2354356,1157902,1196454
114,2025,11,澎湖縣,離島,澎湖縣,41,14,27,35,6,80,51,29,38,15,106750,54593,52157
114,2025,11,臺中市,中部,臺中市,942,465,477,890,52,1509,820,689,1195,533,2868404,1398129,1470275
114,2025,11,臺北市,北部,臺北市,930,458,472,898,32,1416,745,671,889,381,2440964,1149611,1291353
114,2025,11,臺南市,南部,臺南市,531,281,250,503,28,1311,750,561,665,310,1853368,917960,935408
114,2025,11,臺東縣,東部,臺東縣,87,46,41,78,9,180,109,71,75,39,208490,105972,102518
114,2025,11,花蓮縣,東部,花蓮縣,120,63,57,109,11,275,171,104,135,73,313112,156845,156267
114,2025,11,苗栗縣,中部,苗栗縣,152,72,80,148,4,404,237,167,168,101,531484,272998,258486
114,2025,11,連江縣,離島,連江縣,2,2,0,2,0,4,4,0,6,1,13637,7924,5713
114,2025,11,金門縣,離島,金門縣,40,23,17,39,1,77,44,33,36,21,139476,69273,70203
114,2025,11,雲林縣,中部,雲林縣,335,167,168,328,7,576,331,245,213,105,651716,334640,317076
114,2025,11,高雄市,南部,高雄市,957,509,448,908,49,1858,1070,788,1022,474,2719728,1330013,1389715
114,2025,12,南投縣,中部,南投縣,197,103,94,186,11,538,314,224,187,78,467881,237579,230302
114,2025,12,嘉義市,南部,嘉義市,108,59,49,107,1,184,96,88,121,53,261592,125065,136527
114,2025,12,嘉義縣,南部,嘉義縣,137,63,74,126,11,520,295,225,176,75,473181,244656,228525
114,2025,12,基隆市,北部,基隆市,104,62,42,96,8,293,182,111,167,70,359836,178300,181536
114,2025,12,宜蘭縣,北部,宜蘭縣,162,85,77,160,2,397,222,175,194,90,449336,225017,224319
114,2025,12,屏東縣,南部,屏東縣,322,176,146,299,23,780,457,323,354,176,782256,395140,387116
114,2025,12,彰化縣,中部,彰化縣,528,267,261,506,22,1011,576,435,440,185,1210206,613513,596693
114,2025,12,新北市,北部,新北市,1293,676,617,1236,57,2644,1500,1144,1912,819,4044831,1961619,2083212
114,2025,12,新竹市,北部,新竹市,214,122,92,207,7,238,128,110,214,81,455740,224870,230870
114,2025,12,新竹縣,北部,新竹縣,236,123,113,229,7,370,220,150,301,137,597235,303826,293409
114,2025,12,桃園市,北部,桃園市,1063,519,544,1000,63,1446,876,570,1218,492,2355106,1158094,1197012
114,2025,12,澎湖縣,離島,澎湖縣,54,27,27,51,3,92,54,38,52,24,106716,54574,52142
114,2025,12,臺中市,中部,臺中市,1056,563,493,1015,41,1802,1030,772,1441,627,2868465,1398055,1470410
114,2025,12,臺北市,北部,臺北市,1075,558,517,1029,46,1650,881,769,1132,455,2439507,1148819,1290688
114,2025,12,臺南市,南部,臺南市,582,326,256,554,28,1524,881,643,828,340,1852477,917451,935026
114,2025,12,臺東縣,東部,臺東縣,107,58,49,97,10,218,142,76,93,52,208320,105848,102472
114,2025,12,花蓮縣,東部,花蓮縣,118,60,58,106,12,323,189,134,151,81,312807,156629,156178
114,2025,12,苗栗縣,中部,苗栗縣,186,100,86,176,10,493,291,202,243,110,531172,272809,258363
114,2025,12,連江縣,離島,連江縣,6,2,4,6,0,6,3,3,6,2,13621,7913,5708
114,2025,12,金門縣,離島,金門縣,46,21,25,45,1,80,41,39,40,19,139313,69184,70129
114,2025,12,雲林縣,中部,雲林縣,402,206,196,388,14,663,380,283,235,133,650989,334243,316746
114,2025,12,高雄市,南部,高雄市,1031,527,504,983,48,2178,1293,885,1311,575,2718545,1329197,1389348
115,2026,1,南投縣,中部,南投縣,148,78,70,139,9,441,250,191,165,76,467582,237410,230172
115,2026,1,嘉義市,南部,嘉義市,91,54,37,81,10,205,115,90,96,45,261682,125087,136595
115,2026,1,嘉義縣,南部,嘉義縣,129,64,65,126,3,500,279,221,165,74,472733,244392,228341
115,2026,1,基隆市,北部,基隆市,81,40,41,73,8,332,192,140,126,72,359505,178137,181368
115,2026,1,宜蘭縣,北部,宜蘭縣,159,79,80,149,10,392,225,167,148,74,449094,224875,224219
115,2026,1,屏東縣,南部,屏東縣,322,177,145,309,13,768,446,322,288,147,781681,394817,386864
115,2026,1,彰化縣,中部,彰化縣,537,273,264,523,14,1034,596,438,426,187,1209050,612843,596207
115,2026,1,新北市,北部,新北市,1382,695,687,1315,67,2621,1502,1119,1581,664,4043762,1960911,2082851
115,2026,1,新竹市,北部,新竹市,163,75,88,155,8,241,149,92,179,74,456003,224953,231050
115,2026,1,新竹縣,北部,新竹縣,230,126,104,226,4,385,222,163,247,104,597129,303780,293349
115,2026,1,桃園市,北部,桃園市,1101,561,540,1046,55,1432,804,628,992,479,2355444,1158111,1197333
115,2026,1,澎湖縣,離島,澎湖縣,46,26,20,45,1,102,57,45,40,17,106730,54573,52157
115,2026,1,臺中市,中部,臺中市,1017,518,499,975,42,1833,1078,755,1305,498,2868390,1397845,1470545
115,2026,1,臺北市,北部,臺北市,972,503,469,940,32,1687,935,752,858,374,2437022,1147508,1289514
115,2026,1,臺南市,南部,臺南市,595,310,285,566,29,1529,873,656,741,309,1851783,917007,934776
115,2026,1,臺東縣,東部,臺東縣,107,57,50,96,11,190,113,77,75,54,208225,105781,102444
115,2026,1,花蓮縣,東部,花蓮縣,103,49,54,90,13,328,204,124,137,81,312430,156425,156005
115,2026,1,苗栗縣,中部,苗栗縣,176,85,91,170,6,513,314,199,214,89,530790,272586,258204
115,2026,1,連江縣,離島,連江縣,6,4,2,6,0,8,4,4,6,2,13651,7944,5707
115,2026,1,金門縣,離島,金門縣,42,24,18,40,2,78,43,35,50,17,139069,69059,70010
115,2026,1,雲林縣,中部,雲林縣,344,189,155,330,14,677,394,283,239,86,650270,333882,316388
115,2026,1,高雄市,南部,高雄市,972,471,501,928,44,2233,1319,914,1145,478,2717020,1328257,1388763
115,2026,2,南投縣,中部,南投縣,131,65,66,125,6,403,233,170,115,56,467487,237290,230197
115,2026,2,嘉義市,南部,嘉義市,76,40,36,72,4,181,106,75,73,39,261529,124979,136550
115,2026,2,嘉義縣,南部,嘉義縣,113,64,49,107,6,474,253,221,103,68,472361,244195,228166
115,2026,2,基隆市,北部,基隆市,70,34,36,66,4,281,165,116,100,50,359309,177991,181318
115,2026,2,宜蘭縣,北部,宜蘭縣,129,56,73,125,4,314,179,135,125,62,448865,224753,224112
115,2026,2,屏東縣,南部,屏東縣,246,127,119,235,11,741,462,279,188,103,781129,394458,386671
115,2026,2,彰化縣,中部,彰化縣,406,219,187,390,16,908,525,383,330,128,1208018,612303,595715
115,2026,2,新北市,北部,新北市,1054,555,499,1010,44,2213,1278,935,1167,511,4043220,1960515,2082705
115,2026,2,新竹市,北部,新竹市,153,84,69,144,9,216,112,104,130,38,455961,224921,231040
115,2026,2,新竹縣,北部,新竹縣,206,111,95,195,11,307,186,121,165,64,597224,303817,293407
115,2026,2,桃園市,北部,桃園市,757,369,388,727,30,1179,682,497,725,349,2355512,1158038,1197474
115,2026,2,澎湖縣,離島,澎湖縣,46,23,23,45,1,74,49,25,44,15,106669,54518,52151
115,2026,2,臺中市,中部,臺中市,693,372,321,654,39,1521,823,698,906,406,2868409,1397771,1470638
115,2026,2,臺北市,北部,臺北市,717,374,343,696,21,1453,772,681,688,257,2434479,1146180,1288299
115,2026,2,臺南市,南部,臺南市,405,229,176,389,16,1234,703,531,558,243,1851244,916659,934585
115,2026,2,臺東縣,東部,臺東縣,79,41,38,73,6,211,115,96,53,26,208092,105691,102401
115,2026,2,花蓮縣,東部,花蓮縣,112,59,53,102,10,290,173,117,85,48,312161,156254,155907
115,2026,2,苗栗縣,中部,苗栗縣,119,65,54,112,7,394,235,159,145,75,530591,272486,258105
115,2026,2,連江縣,離島,連江縣,3,1,2,3,0,7,7,0,4,1,13631,7930,5701
115,2026,2,金門縣,離島,金門縣,41,24,17,41,0,79,52,27,35,16,138903,68970,69933
115,2026,2,雲林縣,中部,雲林縣,222,121,101,213,9,559,306,253,173,77,649652,333521,316131
115,2026,2,高雄市,南部,高雄市,745,375,370,711,34,1842,1053,789,821,363,2715827,1327589,1388238
115,2026,3,南投縣,中部,南投縣,162,84,78,151,11,484,275,209,187,99,467402,237229,230173
115,2026,3,嘉義市,南部,嘉義市,94,52,42,89,5,215,119,96,106,61,261551,124949,136602
115,2026,3,嘉義縣,南部,嘉義縣,130,66,64,128,2,555,316,239,177,86,471726,243891,227835
115,2026,3,基隆市,北部,基隆市,70,37,33,64,6,346,209,137,155,85,359132,177844,181288
115,2026,3,宜蘭縣,北部,宜蘭縣,154,92,62,145,9,429,261,168,185,106,448809,224684,224125
115,2026,3,屏東縣,南部,屏東縣,318,176,142,298,20,800,479,321,306,166,780365,393992,386373
115,2026,3,彰化縣,中部,彰化縣,566,293,273,548,18,1079,610,469,409,185,1206458,611478,594980
115,2026,3,新北市,北部,新北市,1433,741,692,1374,59,2810,1635,1175,1624,842,4042413,1959858,2082555
115,2026,3,新竹市,北部,新竹市,189,89,100,182,7,297,170,127,196,100,455843,224852,230991
115,2026,3,新竹縣,北部,新竹縣,211,98,113,204,7,419,254,165,245,124,597316,303867,293449
115,2026,3,桃園市,北部,桃園市,1087,556,531,1040,47,1599,943,656,1084,589,2356734,1158507,1198227
115,2026,3,澎湖縣,離島,澎湖縣,58,33,25,56,2,97,59,38,49,18,106567,54469,52098
115,2026,3,臺中市,中部,臺中市,1080,503,577,1031,49,1952,1114,838,1257,634,2869089,1397839,1471250
115,2026,3,臺北市,北部,臺北市,962,515,447,939,23,1836,988,848,1017,369,2430886,1144212,1286674
115,2026,3,臺南市,南部,臺南市,557,291,266,530,27,1570,898,672,791,339,1850624,916197,934427
115,2026,3,臺東縣,東部,臺東縣,109,57,52,100,9,248,148,100,86,50,208003,105625,102378
115,2026,3,花蓮縣,東部,花蓮縣,135,75,60,120,15,354,208,146,120,79,311842,156086,155756
115,2026,3,苗栗縣,中部,苗栗縣,175,97,78,163,12,529,308,221,208,115,530337,272344,257993
115,2026,3,連江縣,離島,連江縣,3,3,0,3,0,4,2,2,10,2,13629,7946,5683
115,2026,3,金門縣,離島,金門縣,57,28,29,56,1,85,52,33,56,14,138438,68749,69689
115,2026,3,雲林縣,中部,雲林縣,272,135,137,259,13,676,390,286,248,123,648895,333066,315829
115,2026,3,高雄市,南部,高雄市,976,496,480,928,48,2223,1318,905,1240,579,2714509,1326716,1387793
115,2026,4,南投縣,中部,南投縣,154,96,58,143,11,425,243,182,97,75,467424,237213,230211
115,2026,4,嘉義市,南部,嘉義市,65,37,28,60,5,183,101,82,59,50,261626,124955,136671
115,2026,4,嘉義縣,南部,嘉義縣,101,55,46,95,6,474,276,198,115,78,471253,243626,227627
115,2026,4,基隆市,北部,基隆市,86,40,46,82,4,276,164,112,80,54,359102,177825,181277
115,2026,4,宜蘭縣,北部,宜蘭縣,148,77,71,134,14,324,190,134,103,94,448763,224635,224128
115,2026,4,屏東縣,南部,屏東縣,296,164,132,269,27,755,448,307,172,151,780101,393783,386318
115,2026,4,彰化縣,中部,彰化縣,473,252,221,454,19,934,540,394,242,171,1205583,611008,594575
115,2026,4,新北市,北部,新北市,1264,660,604,1210,54,2359,1373,986,1022,685,4041149,1959070,2082079
115,2026,4,新竹市,北部,新竹市,194,94,100,189,5,254,137,117,121,77,455871,224836,231035
115,2026,4,新竹縣,北部,新竹縣,242,137,105,234,8,367,213,154,132,105,597286,303831,293455
115,2026,4,桃園市,北部,桃園市,1007,511,496,962,45,1349,817,532,639,505,2356795,1158428,1198367
115,2026,4,澎湖縣,離島,澎湖縣,53,30,23,52,1,57,27,30,34,18,106662,54535,52127
115,2026,4,臺中市,中部,臺中市,919,484,435,874,45,1623,920,703,732,540,2868452,1397378,1471074
115,2026,4,臺北市,北部,臺北市,899,480,419,878,21,1552,847,705,622,356,2429429,1143395,1286034
115,2026,4,臺南市,南部,臺南市,531,266,265,509,22,1400,788,612,470,304,1849762,915655,934107
115,2026,4,臺東縣,東部,臺東縣,104,53,51,93,11,213,135,78,60,49,208068,105665,102403
115,2026,4,花蓮縣,東部,花蓮縣,122,70,52,110,12,293,171,122,87,73,311615,155968,155647
115,2026,4,苗栗縣,中部,苗栗縣,179,93,86,167,12,443,260,183,129,111,530213,272226,257987
115,2026,4,連江縣,離島,連江縣,10,5,5,10,0,6,3,3,3,2,13646,7956,5690
115,2026,4,金門縣,離島,金門縣,49,26,23,49,0,75,39,36,29,24,138253,68662,69591
115,2026,4,雲林縣,中部,雲林縣,271,148,123,259,12,622,364,258,153,110,648459,332835,315624
115,2026,4,高雄市,南部,高雄市,977,518,459,922,55,2010,1165,845,682,460,2713032,1325897,1387135
115,2026,5,南投縣,中部,南投縣,148,69,79,143,5,402,228,174,194,77,467338,237109,230229
115,2026,5,嘉義市,南部,嘉義市,73,37,36,70,3,172,92,80,139,51,261551,124880,136671
115,2026,5,嘉義縣,南部,嘉義縣,110,63,47,104,6,456,263,193,180,76,470857,243425,227432
115,2026,5,基隆市,北部,基隆市,58,31,27,57,1,261,152,109,187,61,358829,177664,181165
115,2026,5,宜蘭縣,北部,宜蘭縣,128,66,62,125,3,277,160,117,244,67,448670,224593,224077
115,2026,5,屏東縣,南部,屏東縣,246,143,103,223,23,674,401,273,346,151,779626,393506,386120
115,2026,5,彰化縣,中部,彰化縣,408,195,213,394,14,818,456,362,503,171,1204630,610465,594165
115,2026,5,新北市,北部,新北市,1127,610,517,1069,58,2389,1298,1091,2053,696,4039299,1958100,2081199
115,2026,5,新竹市,北部,新竹市,169,91,78,162,7,246,141,105,247,85,455797,224778,231019
115,2026,5,新竹縣,北部,新竹縣,190,102,88,183,7,354,192,162,326,118,598266,304283,293983
115,2026,5,桃園市,北部,桃園市,825,446,379,778,47,1203,681,522,1287,484,2356302,1158149,1198153
115,2026,5,澎湖縣,離島,澎湖縣,42,21,21,38,4,71,37,34,78,20,106675,54542,52133
115,2026,5,臺中市,中部,臺中市,780,396,384,750,30,1601,928,673,1595,554,2867758,1396954,1470804
115,2026,5,臺北市,北部,臺北市,737,372,365,708,29,1556,837,719,1061,356,2427533,1142468,1285065
115,2026,5,臺南市,南部,臺南市,449,227,222,430,19,1245,709,536,890,361,1848945,915165,933780
115,2026,5,臺東縣,東部,臺東縣,90,42,48,84,6,209,126,83,113,44,208000,105598,102402
115,2026,5,花蓮縣,東部,花蓮縣,85,39,46,74,11,287,170,117,172,66,311399,155830,155569
115,2026,5,苗栗縣,中部,苗栗縣,121,62,59,117,4,404,236,168,271,89,529981,272074,257907
115,2026,5,連江縣,離島,連江縣,4,3,1,3,1,6,6,0,5,2,13666,7961,5705
115,2026,5,金門縣,離島,金門縣,46,26,20,44,2,70,38,32,57,18,138032,68546,69486
115,2026,5,雲林縣,中部,雲林縣,237,127,110,224,13,564,324,240,354,107,648081,332588,315493
115,2026,5,高雄市,南部,高雄市,759,404,355,704,55,1893,1068,825,1257,489,2711406,1325035,1386371
115,2026,6,南投縣,中部,南投縣,145,67,78,138,7,434,266,168,113,83,467082,236924,230158
115,2026,6,嘉義市,南部,嘉義市,89,48,41,84,5,197,119,78,79,42,261497,124870,136627
115,2026,6,嘉義縣,南部,嘉義縣,103,54,49,97,6,506,314,192,128,108,470404,243126,227278
115,2026,6,基隆市,北部,基隆市,65,32,33,62,3,266,151,115,93,62,358574,177493,181081
115,2026,6,宜蘭縣,北部,宜蘭縣,138,64,74,130,8,354,191,163,133,93,448513,224491,224022
115,2026,6,屏東縣,南部,屏東縣,242,140,102,225,17,751,435,316,241,135,779096,393225,385871
115,2026,6,彰化縣,中部,彰化縣,433,221,212,419,14,935,525,410,311,171,1203726,609976,593750
115,2026,6,新北市,北部,新北市,1212,629,583,1166,46,2547,1437,1110,1300,694,4038031,1957315,2080716
115,2026,6,新竹市,北部,新竹市,189,78,111,177,12,252,154,98,136,69,455755,224685,231070
115,2026,6,新竹縣,北部,新竹縣,220,108,112,212,8,337,188,149,203,107,598260,304259,294001
115,2026,6,桃園市,北部,桃園市,902,463,439,863,39,1297,758,539,835,563,2356618,1158147,1198471
115,2026,6,澎湖縣,離島,澎湖縣,40,22,18,39,1,67,38,29,38,12,106550,54437,52113
115,2026,6,臺中市,中部,臺中市,848,445,403,806,42,1695,978,717,970,587,2867468,1396687,1470781
115,2026,6,臺北市,北部,臺北市,756,392,364,732,24,1591,821,770,777,383,2425964,1141693,1284271
115,2026,6,臺南市,南部,臺南市,508,267,241,492,16,1427,822,605,517,291,1848108,914657,933451
115,2026,6,臺東縣,東部,臺東縣,68,37,31,60,8,209,126,83,94,51,207858,105520,102338
115,2026,6,花蓮縣,東部,花蓮縣,106,62,44,98,8,262,169,93,102,77,311290,155741,155549
115,2026,6,苗栗縣,中部,苗栗縣,141,70,71,132,9,430,254,176,164,120,529791,271949,257842
115,2026,6,連江縣,離島,連江縣,4,4,0,4,0,2,1,1,5,1,13643,7950,5693
115,2026,6,金門縣,離島,金門縣,42,23,19,41,1,80,48,32,39,20,137716,68393,69323
115,2026,6,雲林縣,中部,雲林縣,259,136,123,249,10,606,362,244,168,94,647648,332328,315320
115,2026,6,高雄市,南部,高雄市,814,419,395,794,20,2095,1239,856,764,506,2709973,1324106,1385867
115,2026,7,南投縣,中部,南投縣,147,86,61,137,10,455,277,178,142,85,466786,236748,230038
115,2026,7,嘉義市,南部,嘉義市,79,49,30,77,2,196,116,80,76,56,261479,124824,136655
115,2026,7,嘉義縣,南部,嘉義縣,134,71,63,123,11,512,298,214,117,82,470049,242889,227160
115,2026,7,基隆市,北部,基隆市,64,37,27,57,7,284,174,110,88,70,358287,177336,180951
115,2026,7,宜蘭縣,北部,宜蘭縣,140,70,70,131,9,369,223,146,122,80,448317,224356,223961
115,2026,7,屏東縣,南部,屏東縣,290,160,130,268,22,752,451,301,224,166,778640,392957,385683
115,2026,7,彰化縣,中部,彰化縣,493,255,238,477,16,1016,562,454,298,206,1202758,609469,593289
115,2026,7,新北市,北部,新北市,1262,644,618,1214,48,2616,1528,1088,1255,733,4037150,1956478,2080672
115,2026,7,新竹市,北部,新竹市,191,85,106,183,8,236,128,108,148,64,455813,224704,231109
115,2026,7,新竹縣,北部,新竹縣,231,121,110,222,9,345,208,137,182,125,598352,304274,294078
115,2026,7,桃園市,北部,桃園市,910,472,438,868,42,1375,824,551,782,525,2357121,1158318,1198803
115,2026,7,澎湖縣,離島,澎湖縣,45,20,25,42,3,82,41,41,53,23,106573,54420,52153
115,2026,7,臺中市,中部,臺中市,930,489,441,885,45,1750,1019,731,1001,591,2867246,1396467,1470779
115,2026,7,臺北市,北部,臺北市,830,435,395,802,28,1712,925,787,722,374,2424159,1140700,1283459
115,2026,7,臺南市,南部,臺南市,492,263,229,475,17,1476,862,614,531,349,1847288,914162,933126
115,2026,7,臺東縣,東部,臺東縣,107,50,57,97,10,219,125,94,66,55,207747,105474,102273
115,2026,7,花蓮縣,東部,花蓮縣,98,42,56,86,12,313,199,114,99,81,311067,155571,155496
115,2026,7,苗栗縣,中部,苗栗縣,176,84,92,172,4,474,286,188,173,103,529541,271761,257780
115,2026,7,連江縣,離島,連江縣,6,2,4,6,0,9,6,3,4,1,13641,7951,5690
115,2026,7,金門縣,離島,金門縣,45,27,18,44,1,82,56,26,34,18,137433,68245,69188
115,2026,7,雲林縣,中部,雲林縣,291,141,150,280,11,629,372,257,172,96,647070,331980,315090
115,2026,7,高雄市,南部,高雄市,945,508,437,901,44,2217,1239,978,861,567,2708485,1323244,1385241
115,2026,8,南投縣,中部,南投縣,143,70,73,132,11,397,230,167,76,76,466401,236502,229899
115,2026,8,嘉義市,南部,嘉義市,85,43,42,80,5,166,90,76,57,37,261453,124776,136677
115,2026,8,嘉義縣,南部,嘉義縣,118,57,61,112,6,446,255,191,75,60,469622,242648,226974
115,2026,8,基隆市,北部,基隆市,57,26,31,46,11,308,178,130,78,66,357905,177136,180769
115,2026,8,宜蘭縣,北部,宜蘭縣,144,77,67,132,12,387,215,172,87,83,448065,224210,223855
115,2026,8,屏東縣,南部,屏東縣,268,158,110,248,20,779,437,342,160,163,778014,392643,385371
115,2026,8,彰化縣,中部,彰化縣,472,240,232,462,10,1005,556,449,174,189,1201686,608913,592773
115,2026,8,新北市,北部,新北市,1232,640,592,1168,64,2501,1458,1043,796,684,4035947,1955755,2080192
115,2026,8,新竹市,北部,新竹市,163,84,79,157,6,267,152,115,75,78,455783,224661,231122
115,2026,8,新竹縣,北部,新竹縣,253,125,128,244,9,330,203,127,132,125,598316,304219,294097
115,2026,8,桃園市,北部,桃園市,831,435,396,779,52,1299,784,515,494,517,2357912,1158555,1199357
115,2026,8,澎湖縣,離島,澎湖縣,44,28,16,38,6,94,61,33,30,19,106529,54370,52159
115,2026,8,臺中市,中部,臺中市,904,453,451,860,44,1709,981,728,590,542,2866851,1396177,1470674
115,2026,8,臺北市,北部,臺北市,809,435,374,781,28,1600,827,773,472,375,2421830,1139556,1282274
115,2026,8,臺南市,南部,臺南市,504,272,232,475,29,1460,817,643,303,307,1846409,913690,932719
115,2026,8,臺東縣,東部,臺東縣,106,55,51,94,12,208,136,72,38,51,207626,105387,102239
115,2026,8,花蓮縣,東部,花蓮縣,103,52,51,89,14,302,196,106,78,72,310777,155364,155413
115,2026,8,苗栗縣,中部,苗栗縣,152,79,73,144,8,467,272,195,100,107,529282,271637,257645
115,2026,8,連江縣,離島,連江縣,7,3,4,6,1,3,3,0,2,1,13625,7932,5693
115,2026,8,金門縣,離島,金門縣,39,18,21,39,0,68,41,27,21,13,137208,68117,69091
115,2026,8,雲林縣,中部,雲林縣,252,143,109,238,14,597,375,222,117,119,646458,331597,314861
115,2026,8,高雄市,南部,高雄市,806,417,389,769,37,2077,1209,868,497,438,2707022,1322340,1384682
